{"type": "FeatureCollection", "features": [{"type": "Feature", "id": "cam:osm:n2546410616", "geometry": {"type": "Point", "coordinates": [-97.3709877, 35.4353472]}, "properties": {"name": "Flock Safety", "vendor": "Flock Safety", "city": null, "operator": null, "direction": "240;160;105", "mount": null, "zone": "traffic", "source": "https://www.openstreetmap.org/node/2546410616", "packet": null}}, {"type": "Feature", "id": "cam:osm:n9374406862", "geometry": {"type": "Point", "coordinates": [-95.9040657, 36.0606987]}, "properties": {"name": "Tulsa Police Department", "vendor": "Flock Safety", "city": "Tulsa", "operator": "Tulsa Police Department", "direction": "90", "mount": "post", "zone": "traffic", "source": "https://www.openstreetmap.org/node/9374406862", "packet": {"city": "Tulsa", "amount_usd": null, "retention": null, "status": "flocked", "has_contract_pdf": false}}}, {"type": "Feature", "id": "cam:osm:n9418755021", "geometry": {"type": "Point", "coordinates": [-95.9046148, 36.0900084]}, "properties": {"name": "Tulsa Police Department", "vendor": "Flock Safety", "city": "Tulsa", "operator": "Tulsa Police Department", "direction": "270", "mount": "post", "zone": "traffic", "source": "https://www.openstreetmap.org/node/9418755021", "packet": {"city": "Tulsa", "amount_usd": null, "retention": null, "status": "flocked", "has_contract_pdf": false}}}, {"type": "Feature", "id": "cam:osm:n9866792776", "geometry": {"type": "Point", "coordinates": [-95.9610373, 36.1183219]}, "properties": {"name": "Flock Safety", "vendor": "Flock Safety", "city": null, "operator": null, "direction": "160", "mount": "pole", "zone": "traffic", "source": "https://www.openstreetmap.org/node/9866792776", "packet": null}}, {"type": "Feature", "id": "cam:osm:n9866792777", "geometry": {"type": "Point", "coordinates": [-95.9633715, 36.1183097]}, "properties": {"name": "Flock Safety", "vendor": "Flock Safety", "city": null, "operator": null, "direction": "210", "mount": "pole", "zone": "traffic", "source": "https://www.openstreetmap.org/node/9866792777", "packet": null}}, {"type": "Feature", "id": "cam:osm:n9866792778", "geometry": {"type": "Point", "coordinates": [-95.9669288, 36.1186048]}, "properties": {"name": "Flock Safety", "vendor": "Flock Safety", "city": null, "operator": null, "direction": "120", "mount": "pole", "zone": "traffic", "source": "https://www.openstreetmap.org/node/9866792778", "packet": null}}, {"type": "Feature", "id": "cam:osm:n9866792779", "geometry": {"type": "Point", "coordinates": [-95.9669615, 36.1164017]}, "properties": {"name": "Flock Safety", "vendor": "Flock Safety", "city": null, "operator": null, "direction": "120", "mount": "pole", "zone": "traffic", "source": "https://www.openstreetmap.org/node/9866792779", "packet": null}}, {"type": "Feature", "id": "cam:osm:n9942983872", "geometry": {"type": "Point", "coordinates": [-96.0294899, 36.0900009]}, "properties": {"name": "Tulsa Police Department", "vendor": "Flock Safety", "city": "Tulsa", "operator": "Tulsa Police Department", "direction": "0", "mount": "pole", "zone": "traffic", "source": "https://www.openstreetmap.org/node/9942983872", "packet": {"city": "Tulsa", "amount_usd": null, "retention": null, "status": "flocked", "has_contract_pdf": false}}}, {"type": "Feature", "id": "cam:osm:n10908217417", "geometry": {"type": "Point", "coordinates": [-95.9756945, 35.9786863]}, "properties": {"name": "Yorktown HOA", "vendor": "Flock Safety", "city": null, "operator": "Yorktown HOA", "direction": "55;41", "mount": "pole", "zone": "residential;traffic", "source": "https://www.openstreetmap.org/node/10908217417", "packet": null}}, {"type": "Feature", "id": "cam:osm:n10908327650", "geometry": {"type": "Point", "coordinates": [-95.9758421, 35.9778038]}, "properties": {"name": "Jenks Police", "vendor": "Flock Safety", "city": "Jenks", "operator": "Jenks Police", "direction": "335", "mount": "pole", "zone": "street;traffic", "source": "https://www.openstreetmap.org/node/10908327650", "packet": {"city": "Jenks", "amount_usd": null, "retention": null, "status": "flocked", "has_contract_pdf": false}}}, {"type": "Feature", "id": "cam:osm:n10911318814", "geometry": {"type": "Point", "coordinates": [-95.9733203, 35.9739882]}, "properties": {"name": "Yorktown HOA", "vendor": "Flock Safety", "city": null, "operator": "Yorktown HOA", "direction": "5", "mount": "pole", "zone": "street", "source": "https://www.openstreetmap.org/node/10911318814", "packet": null}}, {"type": "Feature", "id": "cam:osm:n10911523118", "geometry": {"type": "Point", "coordinates": [-95.9935918, 36.0646497]}, "properties": {"name": "Flock Safety", "vendor": "Flock Safety", "city": null, "operator": "Flock Safety", "direction": "45", "mount": "Eye level on post", "zone": "ll traffic leaving a public space", "source": "https://www.openstreetmap.org/node/10911523118", "packet": null}}, {"type": "Feature", "id": "cam:osm:n10911523119", "geometry": {"type": "Point", "coordinates": [-95.9943681, 36.0707853]}, "properties": {"name": "Flock Safety", "vendor": "Flock Safety", "city": null, "operator": "Flock Safety", "direction": "90", "mount": "Mounted eye level on a post", "zone": "entrance", "source": "https://www.openstreetmap.org/node/10911523119", "packet": null}}, {"type": "Feature", "id": "cam:osm:n10911751362", "geometry": {"type": "Point", "coordinates": [-95.9844966, 36.0862908]}, "properties": {"name": "Tulsa Police Department", "vendor": "Flock Safety", "city": "Tulsa", "operator": "Tulsa Police Department", "direction": "340", "mount": "post", "zone": "traffic", "source": "https://www.openstreetmap.org/node/10911751362", "packet": {"city": "Tulsa", "amount_usd": null, "retention": null, "status": "flocked", "has_contract_pdf": false}}}, {"type": "Feature", "id": "cam:osm:n10911752786", "geometry": {"type": "Point", "coordinates": [-96.0099484, 36.0245985]}, "properties": {"name": "Flock Safety", "vendor": "Flock Safety", "city": null, "operator": "Flock Safety", "direction": "45", "mount": "post", "zone": "traffic", "source": "https://www.openstreetmap.org/node/10911752786", "packet": null}}, {"type": "Feature", "id": "cam:osm:n10911845723", "geometry": {"type": "Point", "coordinates": [-95.9845838, 36.0937586]}, "properties": {"name": "Tulsa Police Department", "vendor": "Flock Safety", "city": "Tulsa", "operator": "Tulsa Police Department", "direction": "0", "mount": "pole", "zone": "traffic", "source": "https://www.openstreetmap.org/node/10911845723", "packet": {"city": "Tulsa", "amount_usd": null, "retention": null, "status": "flocked", "has_contract_pdf": false}}}, {"type": "Feature", "id": "cam:osm:n10911845724", "geometry": {"type": "Point", "coordinates": [-95.9756498, 36.0875634]}, "properties": {"name": "Tulsa Police Department", "vendor": "Flock Safety", "city": "Tulsa", "operator": "Tulsa Police Department", "direction": "0", "mount": "pole", "zone": "traffic", "source": "https://www.openstreetmap.org/node/10911845724", "packet": {"city": "Tulsa", "amount_usd": null, "retention": null, "status": "flocked", "has_contract_pdf": false}}}, {"type": "Feature", "id": "cam:osm:n10911845725", "geometry": {"type": "Point", "coordinates": [-95.9755697, 36.0907457]}, "properties": {"name": "Tulsa Police Department", "vendor": "Flock Safety", "city": "Tulsa", "operator": "Tulsa Police Department", "direction": "0", "mount": "pole", "zone": "traffic", "source": "https://www.openstreetmap.org/node/10911845725", "packet": {"city": "Tulsa", "amount_usd": null, "retention": null, "status": "flocked", "has_contract_pdf": false}}}, {"type": "Feature", "id": "cam:osm:n10913181983", "geometry": {"type": "Point", "coordinates": [-95.9578842, 36.0882913]}, "properties": {"name": "Tulsa Police Department", "vendor": "Flock Safety", "city": "Tulsa", "operator": "Tulsa Police Department", "direction": "0", "mount": "pole", "zone": "traffic", "source": "https://www.openstreetmap.org/node/10913181983", "packet": {"city": "Tulsa", "amount_usd": null, "retention": null, "status": "flocked", "has_contract_pdf": false}}}, {"type": "Feature", "id": "cam:osm:n10913181984", "geometry": {"type": "Point", "coordinates": [-95.9593472, 36.0751691]}, "properties": {"name": "Flock Safety", "vendor": "Flock Safety", "city": null, "operator": "Flock Safety", "direction": "65", "mount": "pole", "zone": "traffic", "source": "https://www.openstreetmap.org/node/10913181984", "packet": null}}, {"type": "Feature", "id": "cam:osm:n10913181985", "geometry": {"type": "Point", "coordinates": [-95.9690956, 36.0617252]}, "properties": {"name": "Tulsa Police Department", "vendor": "Flock Safety", "city": "Tulsa", "operator": "Tulsa Police Department", "direction": "180", "mount": "post", "zone": "traffic", "source": "https://www.openstreetmap.org/node/10913181985", "packet": {"city": "Tulsa", "amount_usd": null, "retention": null, "status": "flocked", "has_contract_pdf": false}}}, {"type": "Feature", "id": "cam:osm:n10913181986", "geometry": {"type": "Point", "coordinates": [-95.9758779, 36.0646573]}, "properties": {"name": "Tulsa Police Department", "vendor": "Flock Safety", "city": "Tulsa", "operator": "Tulsa Police Department", "direction": "145", "mount": "post", "zone": "traffic", "source": "https://www.openstreetmap.org/node/10913181986", "packet": {"city": "Tulsa", "amount_usd": null, "retention": null, "status": "flocked", "has_contract_pdf": false}}}, {"type": "Feature", "id": "cam:osm:n10913181987", "geometry": {"type": "Point", "coordinates": [-95.9813049, 36.0753619]}, "properties": {"name": "Tulsa Police Department", "vendor": "Flock Safety", "city": "Tulsa", "operator": "Tulsa Police Department", "direction": "270", "mount": "post", "zone": "traffic", "source": "https://www.openstreetmap.org/node/10913181987", "packet": {"city": "Tulsa", "amount_usd": null, "retention": null, "status": "flocked", "has_contract_pdf": false}}}, {"type": "Feature", "id": "cam:osm:n10917032831", "geometry": {"type": "Point", "coordinates": [-96.0037117, 36.054905]}, "properties": {"name": "Tulsa Police Department", "vendor": "Flock Safety", "city": "Tulsa", "operator": "Tulsa Police Department", "direction": "85", "mount": "post", "zone": "traffic", "source": "https://www.openstreetmap.org/node/10917032831", "packet": {"city": "Tulsa", "amount_usd": null, "retention": null, "status": "flocked", "has_contract_pdf": false}}}, {"type": "Feature", "id": "cam:osm:n10917032832", "geometry": {"type": "Point", "coordinates": [-96.0027421, 36.0563205]}, "properties": {"name": "Tulsa Police Department", "vendor": "Flock Safety", "city": "Tulsa", "operator": "Tulsa Police Department", "direction": "80", "mount": "post", "zone": "traffic", "source": "https://www.openstreetmap.org/node/10917032832", "packet": {"city": "Tulsa", "amount_usd": null, "retention": null, "status": "flocked", "has_contract_pdf": false}}}, {"type": "Feature", "id": "cam:osm:n10917032833", "geometry": {"type": "Point", "coordinates": [-96.0036159, 36.056512]}, "properties": {"name": "Tulsa Police Department", "vendor": "Flock Safety", "city": "Tulsa", "operator": "Tulsa Police Department", "direction": "310", "mount": "post", "zone": "traffic", "source": "https://www.openstreetmap.org/node/10917032833", "packet": {"city": "Tulsa", "amount_usd": null, "retention": null, "status": "flocked", "has_contract_pdf": false}}}, {"type": "Feature", "id": "cam:osm:n10917032834", "geometry": {"type": "Point", "coordinates": [-96.0028925, 36.0578326]}, "properties": {"name": "Flock Safety", "vendor": "Flock Safety", "city": null, "operator": "Flock Safety", "direction": "65", "mount": "post", "zone": "traffic", "source": "https://www.openstreetmap.org/node/10917032834", "packet": null}}, {"type": "Feature", "id": "cam:osm:n10917032835", "geometry": {"type": "Point", "coordinates": [-96.0033822, 36.0588801]}, "properties": {"name": "Tulsa Police Department", "vendor": "Flock Safety", "city": "Tulsa", "operator": "Tulsa Police Department", "direction": "65", "mount": "post", "zone": "traffic", "source": "https://www.openstreetmap.org/node/10917032835", "packet": {"city": "Tulsa", "amount_usd": null, "retention": null, "status": "flocked", "has_contract_pdf": false}}}, {"type": "Feature", "id": "cam:osm:n10917032836", "geometry": {"type": "Point", "coordinates": [-96.0036461, 36.0600835]}, "properties": {"name": "Tulsa Police Department", "vendor": "Flock Safety", "city": "Tulsa", "operator": "Tulsa Police Department", "direction": "105", "mount": "post", "zone": "traffic", "source": "https://www.openstreetmap.org/node/10917032836", "packet": {"city": "Tulsa", "amount_usd": null, "retention": null, "status": "flocked", "has_contract_pdf": false}}}, {"type": "Feature", "id": "cam:osm:n10917032837", "geometry": {"type": "Point", "coordinates": [-96.0041567, 36.0535779]}, "properties": {"name": "Tulsa Police Department", "vendor": "Flock Safety", "city": "Tulsa", "operator": "Tulsa Police Department", "direction": "90", "mount": "post", "zone": "traffic", "source": "https://www.openstreetmap.org/node/10917032837", "packet": {"city": "Tulsa", "amount_usd": null, "retention": null, "status": "flocked", "has_contract_pdf": false}}}, {"type": "Feature", "id": "cam:osm:n10917032838", "geometry": {"type": "Point", "coordinates": [-96.0049478, 36.0540053]}, "properties": {"name": "Tulsa Police Department", "vendor": "Flock Safety", "city": "Tulsa", "operator": "Tulsa Police Department", "direction": "270", "mount": "pole", "zone": "traffic", "source": "https://www.openstreetmap.org/node/10917032838", "packet": {"city": "Tulsa", "amount_usd": null, "retention": null, "status": "flocked", "has_contract_pdf": false}}}, {"type": "Feature", "id": "cam:osm:n11001547576", "geometry": {"type": "Point", "coordinates": [-97.5132899, 35.4598478]}, "properties": {"name": "OSM node 11001547576", "vendor": null, "city": null, "operator": null, "direction": "165", "mount": null, "zone": "traffic", "source": "https://www.openstreetmap.org/node/11001547576", "packet": null}}, {"type": "Feature", "id": "cam:osm:n11001547577", "geometry": {"type": "Point", "coordinates": [-97.5654954, 35.523557]}, "properties": {"name": "OSM node 11001547577", "vendor": null, "city": null, "operator": null, "direction": "345", "mount": null, "zone": "traffic", "source": "https://www.openstreetmap.org/node/11001547577", "packet": null}}, {"type": "Feature", "id": "cam:osm:n11001547578", "geometry": {"type": "Point", "coordinates": [-97.5657871, 35.5232193]}, "properties": {"name": "OSM node 11001547578", "vendor": null, "city": null, "operator": null, "direction": "165", "mount": null, "zone": "traffic", "source": "https://www.openstreetmap.org/node/11001547578", "packet": null}}, {"type": "Feature", "id": "cam:osm:n11001547579", "geometry": {"type": "Point", "coordinates": [-97.5655001, 35.5401183]}, "properties": {"name": "OSM node 11001547579", "vendor": null, "city": null, "operator": null, "direction": "345", "mount": null, "zone": "traffic", "source": "https://www.openstreetmap.org/node/11001547579", "packet": null}}, {"type": "Feature", "id": "cam:osm:n11001547580", "geometry": {"type": "Point", "coordinates": [-97.6055388, 35.5111048]}, "properties": {"name": "OSM node 11001547580", "vendor": null, "city": null, "operator": null, "direction": "75", "mount": null, "zone": "traffic", "source": "https://www.openstreetmap.org/node/11001547580", "packet": null}}, {"type": "Feature", "id": "cam:osm:n11001547581", "geometry": {"type": "Point", "coordinates": [-97.5976518, 35.5116212]}, "properties": {"name": "OSM node 11001547581", "vendor": null, "city": null, "operator": null, "direction": "255", "mount": null, "zone": "traffic", "source": "https://www.openstreetmap.org/node/11001547581", "packet": null}}, {"type": "Feature", "id": "cam:osm:n11001547582", "geometry": {"type": "Point", "coordinates": [-97.6627692, 35.568417]}, "properties": {"name": "OSM node 11001547582", "vendor": null, "city": null, "operator": null, "direction": "90", "mount": null, "zone": "traffic", "source": "https://www.openstreetmap.org/node/11001547582", "packet": null}}, {"type": "Feature", "id": "cam:osm:n11001547583", "geometry": {"type": "Point", "coordinates": [-97.658163, 35.5668594]}, "properties": {"name": "OSM node 11001547583", "vendor": null, "city": null, "operator": null, "direction": "270", "mount": null, "zone": "traffic", "source": "https://www.openstreetmap.org/node/11001547583", "packet": null}}, {"type": "Feature", "id": "cam:osm:n11045432954", "geometry": {"type": "Point", "coordinates": [-97.5286455, 35.4680036]}, "properties": {"name": "Flock Safety", "vendor": "Flock Safety", "city": null, "operator": null, "direction": "328-13", "mount": null, "zone": "traffic", "source": "https://www.openstreetmap.org/node/11045432954", "packet": null}}, {"type": "Feature", "id": "cam:osm:n11047126750", "geometry": {"type": "Point", "coordinates": [-97.5472742, 35.5254902]}, "properties": {"name": "Flock Safety", "vendor": "Flock Safety", "city": null, "operator": null, "direction": "70", "mount": null, "zone": "entrance", "source": "https://www.openstreetmap.org/node/11047126750", "packet": null}}, {"type": "Feature", "id": "cam:osm:n11047126751", "geometry": {"type": "Point", "coordinates": [-97.5472827, 35.5256293]}, "properties": {"name": "Flock Safety", "vendor": "Flock Safety", "city": null, "operator": null, "direction": "100", "mount": null, "zone": "entrance", "source": "https://www.openstreetmap.org/node/11047126751", "packet": null}}, {"type": "Feature", "id": "cam:osm:n11047126752", "geometry": {"type": "Point", "coordinates": [-97.5473295, 35.5265776]}, "properties": {"name": "Flock Safety", "vendor": "Flock Safety", "city": null, "operator": null, "direction": "70", "mount": null, "zone": "entrance", "source": "https://www.openstreetmap.org/node/11047126752", "packet": null}}, {"type": "Feature", "id": "cam:osm:n11047126753", "geometry": {"type": "Point", "coordinates": [-97.5447496, 35.5230202]}, "properties": {"name": "Flock Safety", "vendor": "Flock Safety", "city": null, "operator": null, "direction": "330", "mount": null, "zone": "entrance", "source": "https://www.openstreetmap.org/node/11047126753", "packet": null}}, {"type": "Feature", "id": "cam:osm:n11047126754", "geometry": {"type": "Point", "coordinates": [-97.5421133, 35.5233389]}, "properties": {"name": "Flock Safety", "vendor": "Flock Safety", "city": null, "operator": null, "direction": "300", "mount": null, "zone": "entrance", "source": "https://www.openstreetmap.org/node/11047126754", "packet": null}}, {"type": "Feature", "id": "cam:osm:n11047126755", "geometry": {"type": "Point", "coordinates": [-97.5477821, 35.5233608]}, "properties": {"name": "Oklahoma City Police Department", "vendor": "Flock Safety", "city": "Oklahoma City", "operator": "Oklahoma City Police Department", "direction": "260", "mount": null, "zone": "traffic", "source": "https://www.openstreetmap.org/node/11047126755", "packet": {"city": "Oklahoma City", "amount_usd": 270000, "retention": "rolling thirty (30) days; Flock deletes Footage on that basis except as stated on the Order Form (MSA recitals + 1.13 / 2.1)", "status": "flocked", "has_contract_pdf": true}}}, {"type": "Feature", "id": "cam:osm:n11047526150", "geometry": {"type": "Point", "coordinates": [-97.5836234, 35.4644282]}, "properties": {"name": "OSM node 11047526150", "vendor": null, "city": null, "operator": null, "direction": "250", "mount": null, "zone": "traffic", "source": "https://www.openstreetmap.org/node/11047526150", "packet": null}}, {"type": "Feature", "id": "cam:osm:n11047526151", "geometry": {"type": "Point", "coordinates": [-97.5668659, 35.4741668]}, "properties": {"name": "OSM node 11047526151", "vendor": null, "city": null, "operator": null, "direction": "75", "mount": null, "zone": "traffic", "source": "https://www.openstreetmap.org/node/11047526151", "packet": null}}, {"type": "Feature", "id": "cam:osm:n11047526152", "geometry": {"type": "Point", "coordinates": [-97.5745645, 35.4667829]}, "properties": {"name": "OSM node 11047526152", "vendor": null, "city": null, "operator": null, "direction": "0", "mount": null, "zone": "traffic", "source": "https://www.openstreetmap.org/node/11047526152", "packet": null}}, {"type": "Feature", "id": "cam:osm:n11047526153", "geometry": {"type": "Point", "coordinates": [-97.5688367, 35.4666537]}, "properties": {"name": "OSM node 11047526153", "vendor": null, "city": null, "operator": null, "direction": "340", "mount": null, "zone": "traffic", "source": "https://www.openstreetmap.org/node/11047526153", "packet": null}}, {"type": "Feature", "id": "cam:osm:n11047526154", "geometry": {"type": "Point", "coordinates": [-97.5673979, 35.4693914]}, "properties": {"name": "OSM node 11047526154", "vendor": null, "city": null, "operator": null, "direction": "110", "mount": null, "zone": "traffic", "source": "https://www.openstreetmap.org/node/11047526154", "packet": null}}, {"type": "Feature", "id": "cam:osm:n11047526155", "geometry": {"type": "Point", "coordinates": [-97.5741471, 35.467861]}, "properties": {"name": "OSM node 11047526155", "vendor": null, "city": null, "operator": null, "direction": "180", "mount": null, "zone": "traffic", "source": "https://www.openstreetmap.org/node/11047526155", "packet": null}}, {"type": "Feature", "id": "cam:osm:n11081850461", "geometry": {"type": "Point", "coordinates": [-97.6015996, 35.5224585]}, "properties": {"name": "Flock Safety", "vendor": "Flock Safety", "city": null, "operator": null, "direction": "250", "mount": "pole", "zone": "traffic", "source": "https://www.openstreetmap.org/node/11081850461", "packet": null}}, {"type": "Feature", "id": "cam:osm:n11081850462", "geometry": {"type": "Point", "coordinates": [-97.6272296, 35.522284]}, "properties": {"name": "Flock Safety", "vendor": "Flock Safety", "city": null, "operator": null, "direction": "80", "mount": "pole", "zone": "traffic", "source": "https://www.openstreetmap.org/node/11081850462", "packet": null}}, {"type": "Feature", "id": "cam:osm:n11081850464", "geometry": {"type": "Point", "coordinates": [-97.5836169, 35.5341854]}, "properties": {"name": "Flock Safety", "vendor": "Flock Safety", "city": null, "operator": null, "direction": "270", "mount": "pole", "zone": "traffic", "source": "https://www.openstreetmap.org/node/11081850464", "packet": null}}, {"type": "Feature", "id": "cam:osm:n11103523722", "geometry": {"type": "Point", "coordinates": [-97.5478945, 35.4933975]}, "properties": {"name": "Flock Safety", "vendor": "Flock Safety", "city": null, "operator": null, "direction": "218-263", "mount": null, "zone": "traffic", "source": "https://www.openstreetmap.org/node/11103523722", "packet": null}}, {"type": "Feature", "id": "cam:osm:n11103523724", "geometry": {"type": "Point", "coordinates": [-97.5300928, 35.4931811]}, "properties": {"name": "OSM node 11103523724", "vendor": null, "city": null, "operator": null, "direction": "80", "mount": null, "zone": "traffic", "source": "https://www.openstreetmap.org/node/11103523724", "packet": null}}, {"type": "Feature", "id": "cam:osm:n11103523725", "geometry": {"type": "Point", "coordinates": [-97.6012934, 35.4931715]}, "properties": {"name": "OSM node 11103523725", "vendor": null, "city": null, "operator": null, "direction": "160", "mount": null, "zone": "traffic", "source": "https://www.openstreetmap.org/node/11103523725", "packet": null}}, {"type": "Feature", "id": "cam:osm:n11103523726", "geometry": {"type": "Point", "coordinates": [-97.5653598, 35.4350423]}, "properties": {"name": "OSM node 11103523726", "vendor": null, "city": null, "operator": null, "direction": "80", "mount": null, "zone": "traffic", "source": "https://www.openstreetmap.org/node/11103523726", "packet": null}}, {"type": "Feature", "id": "cam:osm:n11103523727", "geometry": {"type": "Point", "coordinates": [-97.5552571, 35.4062845]}, "properties": {"name": "OSM node 11103523727", "vendor": null, "city": null, "operator": null, "direction": "250", "mount": null, "zone": "traffic", "source": "https://www.openstreetmap.org/node/11103523727", "packet": null}}, {"type": "Feature", "id": "cam:osm:n11103523728", "geometry": {"type": "Point", "coordinates": [-97.5653727, 35.4060795]}, "properties": {"name": "OSM node 11103523728", "vendor": null, "city": null, "operator": null, "direction": "70", "mount": null, "zone": "traffic", "source": "https://www.openstreetmap.org/node/11103523728", "packet": null}}, {"type": "Feature", "id": "cam:osm:n11124022088", "geometry": {"type": "Point", "coordinates": [-97.5133694, 35.4641498]}, "properties": {"name": "Flock Safety", "vendor": "Flock Safety", "city": null, "operator": null, "direction": "138-183", "mount": null, "zone": "traffic", "source": "https://www.openstreetmap.org/node/11124022088", "packet": null}}, {"type": "Feature", "id": "cam:osm:n11124022089", "geometry": {"type": "Point", "coordinates": [-97.6009813, 35.4934635]}, "properties": {"name": "OSM node 11124022089", "vendor": null, "city": null, "operator": null, "direction": "340", "mount": null, "zone": "traffic", "source": "https://www.openstreetmap.org/node/11124022089", "packet": null}}, {"type": "Feature", "id": "cam:osm:n11124022090", "geometry": {"type": "Point", "coordinates": [-97.7600467, 35.4788152]}, "properties": {"name": "OSM node 11124022090", "vendor": null, "city": null, "operator": null, "direction": "70", "mount": null, "zone": "traffic", "source": "https://www.openstreetmap.org/node/11124022090", "packet": null}}, {"type": "Feature", "id": "cam:osm:n11386109365", "geometry": {"type": "Point", "coordinates": [-97.4246667, 35.4642282]}, "properties": {"name": "Flock Safety", "vendor": "Flock Safety", "city": null, "operator": null, "direction": "220", "mount": null, "zone": "traffic", "source": "https://www.openstreetmap.org/node/11386109365", "packet": null}}, {"type": "Feature", "id": "cam:osm:n11386109366", "geometry": {"type": "Point", "coordinates": [-97.4242124, 35.4353567]}, "properties": {"name": "Flock Safety", "vendor": "Flock Safety", "city": null, "operator": null, "direction": "235", "mount": null, "zone": "traffic", "source": "https://www.openstreetmap.org/node/11386109366", "packet": null}}, {"type": "Feature", "id": "cam:osm:n11386109367", "geometry": {"type": "Point", "coordinates": [-97.4867224, 35.4354595]}, "properties": {"name": "Flock Safety", "vendor": "Flock Safety", "city": null, "operator": null, "direction": "235", "mount": null, "zone": "traffic", "source": "https://www.openstreetmap.org/node/11386109367", "packet": null}}, {"type": "Feature", "id": "cam:osm:n11386448732", "geometry": {"type": "Point", "coordinates": [-97.4412975, 35.4364107]}, "properties": {"name": "Flock Safety", "vendor": "Flock Safety", "city": null, "operator": null, "direction": "330", "mount": null, "zone": "traffic", "source": "https://www.openstreetmap.org/node/11386448732", "packet": null}}, {"type": "Feature", "id": "cam:osm:n11393100171", "geometry": {"type": "Point", "coordinates": [-97.4058298, 35.4354538]}, "properties": {"name": "Flock Safety", "vendor": "Flock Safety", "city": null, "operator": null, "direction": "330", "mount": null, "zone": "traffic", "source": "https://www.openstreetmap.org/node/11393100171", "packet": null}}, {"type": "Feature", "id": "cam:osm:n11393100172", "geometry": {"type": "Point", "coordinates": [-97.4261341, 35.4497728]}, "properties": {"name": "Flock Safety", "vendor": "Flock Safety", "city": null, "operator": null, "direction": "240", "mount": null, "zone": "traffic", "source": "https://www.openstreetmap.org/node/11393100172", "packet": null}}, {"type": "Feature", "id": "cam:osm:n11447869827", "geometry": {"type": "Point", "coordinates": [-97.583214, 35.4934676]}, "properties": {"name": "OSM node 11447869827", "vendor": null, "city": null, "operator": null, "direction": "340", "mount": null, "zone": "traffic", "source": "https://www.openstreetmap.org/node/11447869827", "packet": null}}, {"type": "Feature", "id": "cam:osm:n11447869828", "geometry": {"type": "Point", "coordinates": [-97.6191494, 35.4931486]}, "properties": {"name": "OSM node 11447869828", "vendor": null, "city": null, "operator": null, "direction": "180", "mount": null, "zone": "traffic", "source": "https://www.openstreetmap.org/node/11447869828", "packet": null}}, {"type": "Feature", "id": "cam:osm:n11447869829", "geometry": {"type": "Point", "coordinates": [-97.5657253, 35.5002515]}, "properties": {"name": "OSM node 11447869829", "vendor": null, "city": null, "operator": null, "direction": "180", "mount": null, "zone": "traffic", "source": "https://www.openstreetmap.org/node/11447869829", "packet": null}}, {"type": "Feature", "id": "cam:osm:n11447869831", "geometry": {"type": "Point", "coordinates": [-97.6103161, 35.5369262]}, "properties": {"name": "Flock Safety", "vendor": "Flock Safety", "city": null, "operator": null, "direction": "250", "mount": "pole", "zone": "traffic", "source": "https://www.openstreetmap.org/node/11447869831", "packet": null}}, {"type": "Feature", "id": "cam:osm:n11451107770", "geometry": {"type": "Point", "coordinates": [-97.6544426, 35.4645393]}, "properties": {"name": "OSM node 11451107770", "vendor": null, "city": null, "operator": null, "direction": "165", "mount": null, "zone": "traffic", "source": "https://www.openstreetmap.org/node/11451107770", "packet": null}}, {"type": "Feature", "id": "cam:osm:n11492544925", "geometry": {"type": "Point", "coordinates": [-97.5657571, 35.5436056]}, "properties": {"name": "OSM node 11492544925", "vendor": null, "city": null, "operator": null, "direction": "165", "mount": null, "zone": "traffic", "source": "https://www.openstreetmap.org/node/11492544925", "packet": null}}, {"type": "Feature", "id": "cam:osm:n11492544926", "geometry": {"type": "Point", "coordinates": [-97.7423559, 35.4791119]}, "properties": {"name": "Yukon Police", "vendor": "Flock Safety", "city": "Yukon", "operator": "Yukon Police", "direction": "140", "mount": null, "zone": "traffic", "source": "https://www.openstreetmap.org/node/11492544926", "packet": {"city": "Yukon", "amount_usd": null, "retention": null, "status": "flocked", "has_contract_pdf": false}}}, {"type": "Feature", "id": "cam:osm:n11494098650", "geometry": {"type": "Point", "coordinates": [-97.4882661, 35.4499955]}, "properties": {"name": "Flock Safety", "vendor": "Flock Safety", "city": null, "operator": null, "direction": "230", "mount": null, "zone": "traffic", "source": "https://www.openstreetmap.org/node/11494098650", "packet": null}}, {"type": "Feature", "id": "cam:osm:n11504268127", "geometry": {"type": "Point", "coordinates": [-97.5760445, 35.5657979]}, "properties": {"name": "OSM node 11504268127", "vendor": null, "city": null, "operator": null, "direction": "234", "mount": null, "zone": "traffic", "source": "https://www.openstreetmap.org/node/11504268127", "packet": null}}, {"type": "Feature", "id": "cam:osm:n11657177063", "geometry": {"type": "Point", "coordinates": [-97.7591762, 35.4811814]}, "properties": {"name": "OSM node 11657177063", "vendor": null, "city": null, "operator": null, "direction": "340", "mount": null, "zone": "traffic", "source": "https://www.openstreetmap.org/node/11657177063", "packet": null}}, {"type": "Feature", "id": "cam:osm:n11657177064", "geometry": {"type": "Point", "coordinates": [-97.7585153, 35.4811841]}, "properties": {"name": "OSM node 11657177064", "vendor": null, "city": null, "operator": null, "direction": "30", "mount": null, "zone": "traffic", "source": "https://www.openstreetmap.org/node/11657177064", "packet": null}}, {"type": "Feature", "id": "cam:osm:n11657177065", "geometry": {"type": "Point", "coordinates": [-97.7584588, 35.483378]}, "properties": {"name": "OSM node 11657177065", "vendor": null, "city": null, "operator": null, "direction": "160", "mount": null, "zone": "traffic", "source": "https://www.openstreetmap.org/node/11657177065", "packet": null}}, {"type": "Feature", "id": "cam:osm:n11657177066", "geometry": {"type": "Point", "coordinates": [-97.5659522, 35.5101739]}, "properties": {"name": "OSM node 11657177066", "vendor": null, "city": null, "operator": null, "direction": "230", "mount": null, "zone": "traffic", "source": "https://www.openstreetmap.org/node/11657177066", "packet": null}}, {"type": "Feature", "id": "cam:osm:n11657177067", "geometry": {"type": "Point", "coordinates": [-97.5668908, 35.5109439]}, "properties": {"name": "OSM node 11657177067", "vendor": null, "city": null, "operator": null, "direction": "200", "mount": null, "zone": "traffic", "source": "https://www.openstreetmap.org/node/11657177067", "packet": null}}, {"type": "Feature", "id": "cam:osm:n11657186433", "geometry": {"type": "Point", "coordinates": [-97.5131472, 35.4621069]}, "properties": {"name": "Flock Safety", "vendor": "Flock Safety", "city": null, "operator": null, "direction": "138-183", "mount": null, "zone": "traffic", "source": "https://www.openstreetmap.org/node/11657186433", "packet": null}}, {"type": "Feature", "id": "cam:osm:n11688972737", "geometry": {"type": "Point", "coordinates": [-97.4765891, 35.4642998]}, "properties": {"name": "OSM node 11688972737", "vendor": null, "city": null, "operator": null, "direction": "340", "mount": null, "zone": "traffic", "source": "https://www.openstreetmap.org/node/11688972737", "packet": null}}, {"type": "Feature", "id": "cam:osm:n11688972738", "geometry": {"type": "Point", "coordinates": [-97.4941834, 35.5076288]}, "properties": {"name": "OSM node 11688972738", "vendor": null, "city": null, "operator": null, "direction": "70", "mount": null, "zone": "traffic", "source": "https://www.openstreetmap.org/node/11688972738", "packet": null}}, {"type": "Feature", "id": "cam:osm:n11688972739", "geometry": {"type": "Point", "coordinates": [-97.4250818, 35.7997276]}, "properties": {"name": "OSM node 11688972739", "vendor": null, "city": null, "operator": null, "direction": "340", "mount": null, "zone": "traffic", "source": "https://www.openstreetmap.org/node/11688972739", "packet": null}}, {"type": "Feature", "id": "cam:osm:n11700959306", "geometry": {"type": "Point", "coordinates": [-97.5518698, 35.5945677]}, "properties": {"name": "OSM node 11700959306", "vendor": null, "city": null, "operator": null, "direction": "70", "mount": null, "zone": "traffic", "source": "https://www.openstreetmap.org/node/11700959306", "packet": null}}, {"type": "Feature", "id": "cam:osm:n11700959307", "geometry": {"type": "Point", "coordinates": [-97.5492727, 35.5964753]}, "properties": {"name": "OSM node 11700959307", "vendor": null, "city": null, "operator": null, "direction": "340", "mount": null, "zone": "traffic", "source": "https://www.openstreetmap.org/node/11700959307", "packet": null}}, {"type": "Feature", "id": "cam:osm:n11761729020", "geometry": {"type": "Point", "coordinates": [-97.6363005, 35.4643059]}, "properties": {"name": "OSM node 11761729020", "vendor": null, "city": null, "operator": null, "direction": "120", "mount": null, "zone": "traffic", "source": "https://www.openstreetmap.org/node/11761729020", "packet": null}}, {"type": "Feature", "id": "cam:osm:n11761729021", "geometry": {"type": "Point", "coordinates": [-97.3683121, 34.9857708]}, "properties": {"name": "OSM node 11761729021", "vendor": null, "city": null, "operator": null, "direction": "20", "mount": null, "zone": "traffic", "source": "https://www.openstreetmap.org/node/11761729021", "packet": null}}, {"type": "Feature", "id": "cam:osm:n11761729022", "geometry": {"type": "Point", "coordinates": [-97.3674318, 34.998288]}, "properties": {"name": "OSM node 11761729022", "vendor": null, "city": null, "operator": null, "direction": "150", "mount": null, "zone": "traffic", "source": "https://www.openstreetmap.org/node/11761729022", "packet": null}}, {"type": "Feature", "id": "cam:osm:n11761729023", "geometry": {"type": "Point", "coordinates": [-97.3594635, 35.0136379]}, "properties": {"name": "OSM node 11761729023", "vendor": null, "city": null, "operator": null, "direction": "250", "mount": null, "zone": "traffic", "source": "https://www.openstreetmap.org/node/11761729023", "packet": null}}, {"type": "Feature", "id": "cam:osm:n11766184031", "geometry": {"type": "Point", "coordinates": [-97.5338624, 35.5374279]}, "properties": {"name": "OSM node 11766184031", "vendor": null, "city": null, "operator": null, "direction": "300", "mount": null, "zone": "traffic", "source": "https://www.openstreetmap.org/node/11766184031", "packet": null}}, {"type": "Feature", "id": "cam:osm:n11766184032", "geometry": {"type": "Point", "coordinates": [-97.5491803, 35.5507893]}, "properties": {"name": "OSM node 11766184032", "vendor": null, "city": null, "operator": null, "direction": "60", "mount": null, "zone": "traffic", "source": "https://www.openstreetmap.org/node/11766184032", "packet": null}}, {"type": "Feature", "id": "cam:osm:n11766184033", "geometry": {"type": "Point", "coordinates": [-97.5494686, 35.5508847]}, "properties": {"name": "OSM node 11766184033", "vendor": null, "city": null, "operator": null, "direction": "220", "mount": null, "zone": "traffic", "source": "https://www.openstreetmap.org/node/11766184033", "packet": null}}, {"type": "Feature", "id": "cam:osm:n11766184034", "geometry": {"type": "Point", "coordinates": [-97.5566006, 35.5483559]}, "properties": {"name": "Flock Safety", "vendor": "Flock Safety", "city": null, "operator": null, "direction": "70", "mount": null, "zone": "traffic", "source": "https://www.openstreetmap.org/node/11766184034", "packet": null}}, {"type": "Feature", "id": "cam:osm:n11766184035", "geometry": {"type": "Point", "coordinates": [-97.5493287, 35.5627059]}, "properties": {"name": "OSM node 11766184035", "vendor": null, "city": null, "operator": null, "direction": "150", "mount": null, "zone": "traffic", "source": "https://www.openstreetmap.org/node/11766184035", "packet": null}}, {"type": "Feature", "id": "cam:osm:n11766184036", "geometry": {"type": "Point", "coordinates": [-97.5491337, 35.5663762]}, "properties": {"name": "OSM node 11766184036", "vendor": null, "city": null, "operator": null, "direction": "340", "mount": null, "zone": "traffic", "source": "https://www.openstreetmap.org/node/11766184036", "packet": null}}, {"type": "Feature", "id": "cam:osm:n11766219996", "geometry": {"type": "Point", "coordinates": [-97.5486809, 35.5689374]}, "properties": {"name": "OSM node 11766219996", "vendor": null, "city": null, "operator": null, "direction": "290", "mount": null, "zone": "traffic", "source": "https://www.openstreetmap.org/node/11766219996", "packet": null}}, {"type": "Feature", "id": "cam:osm:n11805581106", "geometry": {"type": "Point", "coordinates": [-97.5654553, 35.464401]}, "properties": {"name": "OSM node 11805581106", "vendor": null, "city": null, "operator": null, "direction": "340", "mount": null, "zone": "traffic", "source": "https://www.openstreetmap.org/node/11805581106", "packet": null}}, {"type": "Feature", "id": "cam:osm:n11819792543", "geometry": {"type": "Point", "coordinates": [-95.850948, 36.0973073]}, "properties": {"name": "Tulsa Police Department", "vendor": null, "city": "Tulsa", "operator": "Tulsa Police Department", "direction": "335", "mount": "pole", "zone": "street", "source": "https://www.openstreetmap.org/node/11819792543", "packet": {"city": "Tulsa", "amount_usd": null, "retention": null, "status": "flocked", "has_contract_pdf": false}}}, {"type": "Feature", "id": "cam:osm:n11819875423", "geometry": {"type": "Point", "coordinates": [-96.0228327, 36.0029574]}, "properties": {"name": "Flock Safety", "vendor": "Flock Safety", "city": null, "operator": "Flock Safety", "direction": "115", "mount": "pole", "zone": "street", "source": "https://www.openstreetmap.org/node/11819875423", "packet": null}}, {"type": "Feature", "id": "cam:osm:n11819875424", "geometry": {"type": "Point", "coordinates": [-96.0140555, 36.0031316]}, "properties": {"name": "Flock Safety", "vendor": "Flock Safety", "city": null, "operator": "Flock Safety", "direction": "245", "mount": "post", "zone": "street", "source": "https://www.openstreetmap.org/node/11819875424", "packet": null}}, {"type": "Feature", "id": "cam:osm:n11819910893", "geometry": {"type": "Point", "coordinates": [-96.0475275, 36.0108136]}, "properties": {"name": "Creek County Sheriff", "vendor": "Flock Safety", "city": null, "operator": "Creek County Sheriff", "direction": "155", "mount": "post", "zone": "street", "source": "https://www.openstreetmap.org/node/11819910893", "packet": null}}, {"type": "Feature", "id": "cam:osm:n11822744212", "geometry": {"type": "Point", "coordinates": [-95.9593289, 36.0239681]}, "properties": {"name": "Jenks Police", "vendor": "Flock Safety", "city": "Jenks", "operator": "Jenks Police", "direction": "235", "mount": "pole", "zone": "traffic", "source": "https://www.openstreetmap.org/node/11822744212", "packet": {"city": "Jenks", "amount_usd": null, "retention": null, "status": "flocked", "has_contract_pdf": false}}}, {"type": "Feature", "id": "cam:osm:n11822791927", "geometry": {"type": "Point", "coordinates": [-96.0055333, 36.0540663]}, "properties": {"name": "Flock Safety", "vendor": "Flock Safety", "city": null, "operator": "Flock Safety", "direction": "90", "mount": "post", "zone": "traffic", "source": "https://www.openstreetmap.org/node/11822791927", "packet": null}}, {"type": "Feature", "id": "cam:osm:n11822849933", "geometry": {"type": "Point", "coordinates": [-96.0025459, 36.0535749]}, "properties": {"name": "Tulsa Police Department", "vendor": "Flock Safety", "city": "Tulsa", "operator": "Tulsa Police Department", "direction": "90", "mount": "post", "zone": "traffic", "source": "https://www.openstreetmap.org/node/11822849933", "packet": {"city": "Tulsa", "amount_usd": null, "retention": null, "status": "flocked", "has_contract_pdf": false}}}, {"type": "Feature", "id": "cam:osm:n11822849934", "geometry": {"type": "Point", "coordinates": [-96.0020436, 36.0579709]}, "properties": {"name": "Tulsa Police Department", "vendor": "Flock Safety", "city": "Tulsa", "operator": "Tulsa Police Department", "direction": "40", "mount": "post", "zone": "traffic", "source": "https://www.openstreetmap.org/node/11822849934", "packet": {"city": "Tulsa", "amount_usd": null, "retention": null, "status": "flocked", "has_contract_pdf": false}}}, {"type": "Feature", "id": "cam:osm:n11822849935", "geometry": {"type": "Point", "coordinates": [-96.0028167, 36.0589806]}, "properties": {"name": "Tulsa Police Department", "vendor": "Flock Safety", "city": "Tulsa", "operator": "Tulsa Police Department", "direction": "335", "mount": "post", "zone": "traffic", "source": "https://www.openstreetmap.org/node/11822849935", "packet": {"city": "Tulsa", "amount_usd": null, "retention": null, "status": "flocked", "has_contract_pdf": false}}}, {"type": "Feature", "id": "cam:osm:n11822849936", "geometry": {"type": "Point", "coordinates": [-96.0028023, 36.0599301]}, "properties": {"name": "Tulsa Police Department", "vendor": "Flock Safety", "city": "Tulsa", "operator": "Tulsa Police Department", "direction": "210", "mount": "post", "zone": "traffic", "source": "https://www.openstreetmap.org/node/11822849936", "packet": {"city": "Tulsa", "amount_usd": null, "retention": null, "status": "flocked", "has_contract_pdf": false}}}, {"type": "Feature", "id": "cam:osm:n11822849937", "geometry": {"type": "Point", "coordinates": [-96.0020355, 36.059903]}, "properties": {"name": "Tulsa Police Department", "vendor": "Flock Safety", "city": "Tulsa", "operator": "Tulsa Police Department", "direction": "145", "mount": "post", "zone": "traffic", "source": "https://www.openstreetmap.org/node/11822849937", "packet": {"city": "Tulsa", "amount_usd": null, "retention": null, "status": "flocked", "has_contract_pdf": false}}}, {"type": "Feature", "id": "cam:osm:n11881767445", "geometry": {"type": "Point", "coordinates": [-97.4411818, 35.4210231]}, "properties": {"name": "Flock Safety", "vendor": "Flock Safety", "city": null, "operator": null, "direction": "340", "mount": null, "zone": "traffic", "source": "https://www.openstreetmap.org/node/11881767445", "packet": null}}, {"type": "Feature", "id": "cam:osm:n11881767446", "geometry": {"type": "Point", "coordinates": [-97.4326572, 35.4457231]}, "properties": {"name": "Flock Safety", "vendor": "Flock Safety", "city": null, "operator": null, "direction": "155", "mount": null, "zone": "traffic", "source": "https://www.openstreetmap.org/node/11881767446", "packet": null}}, {"type": "Feature", "id": "cam:osm:n11881767447", "geometry": {"type": "Point", "coordinates": [-97.4416194, 35.4490754]}, "properties": {"name": "Flock Safety", "vendor": "Flock Safety", "city": null, "operator": null, "direction": "155", "mount": null, "zone": "traffic", "source": "https://www.openstreetmap.org/node/11881767447", "packet": null}}, {"type": "Feature", "id": "cam:osm:n11904404783", "geometry": {"type": "Point", "coordinates": [-97.5423872, 35.5224561]}, "properties": {"name": "OSM node 11904404783", "vendor": null, "city": null, "operator": null, "direction": "255", "mount": null, "zone": "traffic", "source": "https://www.openstreetmap.org/node/11904404783", "packet": null}}, {"type": "Feature", "id": "cam:osm:n11904404784", "geometry": {"type": "Point", "coordinates": [-97.636855, 35.4645801]}, "properties": {"name": "OSM node 11904404784", "vendor": null, "city": null, "operator": null, "direction": "240", "mount": null, "zone": "traffic", "source": "https://www.openstreetmap.org/node/11904404784", "packet": null}}, {"type": "Feature", "id": "cam:osm:n11904404785", "geometry": {"type": "Point", "coordinates": [-97.3750208, 34.9985061]}, "properties": {"name": "OSM node 11904404785", "vendor": null, "city": null, "operator": null, "direction": "210", "mount": null, "zone": "traffic", "source": "https://www.openstreetmap.org/node/11904404785", "packet": null}}, {"type": "Feature", "id": "cam:osm:n11904404786", "geometry": {"type": "Point", "coordinates": [-97.374998, 34.9985542]}, "properties": {"name": "OSM node 11904404786", "vendor": null, "city": null, "operator": null, "direction": "30", "mount": null, "zone": "traffic", "source": "https://www.openstreetmap.org/node/11904404786", "packet": null}}, {"type": "Feature", "id": "cam:osm:n11927065681", "geometry": {"type": "Point", "coordinates": [-97.485691, 35.4347655]}, "properties": {"name": "Flock Safety", "vendor": "Flock Safety", "city": null, "operator": null, "direction": "320", "mount": null, "zone": "traffic", "source": "https://www.openstreetmap.org/node/11927065681", "packet": null}}, {"type": "Feature", "id": "cam:osm:n12007388723", "geometry": {"type": "Point", "coordinates": [-97.1633659, 34.1873482]}, "properties": {"name": "OSM node 12007388723", "vendor": null, "city": null, "operator": null, "direction": "60", "mount": null, "zone": "traffic", "source": "https://www.openstreetmap.org/node/12007388723", "packet": null}}, {"type": "Feature", "id": "cam:osm:n12007388724", "geometry": {"type": "Point", "coordinates": [-97.1376115, 34.1867164]}, "properties": {"name": "OSM node 12007388724", "vendor": null, "city": null, "operator": null, "direction": "60", "mount": null, "zone": "traffic", "source": "https://www.openstreetmap.org/node/12007388724", "packet": null}}, {"type": "Feature", "id": "cam:osm:n12043395329", "geometry": {"type": "Point", "coordinates": [-97.5083169, 35.4063364]}, "properties": {"name": "OSM node 12043395329", "vendor": null, "city": null, "operator": null, "direction": "250", "mount": null, "zone": "traffic", "source": "https://www.openstreetmap.org/node/12043395329", "packet": null}}, {"type": "Feature", "id": "cam:osm:n12043395330", "geometry": {"type": "Point", "coordinates": [-97.5072649, 35.3933281]}, "properties": {"name": "OSM node 12043395330", "vendor": null, "city": null, "operator": null, "direction": "180", "mount": null, "zone": "traffic", "source": "https://www.openstreetmap.org/node/12043395330", "packet": null}}, {"type": "Feature", "id": "cam:osm:n12043395331", "geometry": {"type": "Point", "coordinates": [-97.5072747, 35.3933532]}, "properties": {"name": "OSM node 12043395331", "vendor": null, "city": null, "operator": null, "direction": "0", "mount": null, "zone": "traffic", "source": "https://www.openstreetmap.org/node/12043395331", "packet": null}}, {"type": "Feature", "id": "cam:osm:n12043395338", "geometry": {"type": "Point", "coordinates": [-97.1634206, 34.172707]}, "properties": {"name": "OSM node 12043395338", "vendor": null, "city": null, "operator": null, "direction": "60", "mount": null, "zone": "traffic", "source": "https://www.openstreetmap.org/node/12043395338", "packet": null}}, {"type": "Feature", "id": "cam:osm:n12184895905", "geometry": {"type": "Point", "coordinates": [-97.5032449, 35.5221189]}, "properties": {"name": "OSM node 12184895905", "vendor": null, "city": null, "operator": null, "direction": "170", "mount": null, "zone": "traffic", "source": "https://www.openstreetmap.org/node/12184895905", "packet": null}}, {"type": "Feature", "id": "cam:osm:n12331104954", "geometry": {"type": "Point", "coordinates": [-97.5135808, 35.6819951]}, "properties": {"name": "Edmond Police Department", "vendor": "Flock Safety", "city": "Edmond", "operator": "Edmond Police Department", "direction": "60", "mount": "pole", "zone": "traffic", "source": "https://www.openstreetmap.org/node/12331104954", "packet": {"city": "Edmond", "amount_usd": null, "retention": null, "status": "flocked", "has_contract_pdf": false}}}, {"type": "Feature", "id": "cam:osm:n12331165113", "geometry": {"type": "Point", "coordinates": [-97.5145761, 35.6674112]}, "properties": {"name": "Edmond Police Department", "vendor": "Flock Safety", "city": "Edmond", "operator": "Edmond Police Department", "direction": "60", "mount": "pole", "zone": "traffic", "source": "https://www.openstreetmap.org/node/12331165113", "packet": {"city": "Edmond", "amount_usd": null, "retention": null, "status": "flocked", "has_contract_pdf": false}}}, {"type": "Feature", "id": "cam:osm:n12331171028", "geometry": {"type": "Point", "coordinates": [-97.4780922, 35.6238934]}, "properties": {"name": "Edmond Police Department", "vendor": "Flock Safety", "city": "Edmond", "operator": "Edmond Police Department", "direction": "330", "mount": "pole", "zone": "traffic", "source": "https://www.openstreetmap.org/node/12331171028", "packet": {"city": "Edmond", "amount_usd": null, "retention": null, "status": "flocked", "has_contract_pdf": false}}}, {"type": "Feature", "id": "cam:osm:n12331172534", "geometry": {"type": "Point", "coordinates": [-97.4961252, 35.6525758]}, "properties": {"name": "Edmond Police Department", "vendor": "Flock Safety", "city": "Edmond", "operator": "Edmond Police Department", "direction": "155", "mount": "pole", "zone": "traffic", "source": "https://www.openstreetmap.org/node/12331172534", "packet": {"city": "Edmond", "amount_usd": null, "retention": null, "status": "flocked", "has_contract_pdf": false}}}, {"type": "Feature", "id": "cam:osm:n12331177750", "geometry": {"type": "Point", "coordinates": [-97.4192796, 35.6819022]}, "properties": {"name": "Edmond Police Department", "vendor": "Flock Safety", "city": "Edmond", "operator": "Edmond Police Department", "direction": "245", "mount": "pole", "zone": "traffic", "source": "https://www.openstreetmap.org/node/12331177750", "packet": {"city": "Edmond", "amount_usd": null, "retention": null, "status": "flocked", "has_contract_pdf": false}}}, {"type": "Feature", "id": "cam:osm:n12331572899", "geometry": {"type": "Point", "coordinates": [-97.4267397, 35.6383591]}, "properties": {"name": "Edmond Police Department", "vendor": "Flock Safety", "city": "Edmond", "operator": "Edmond Police Department", "direction": "240", "mount": "pole", "zone": "traffic", "source": "https://www.openstreetmap.org/node/12331572899", "packet": {"city": "Edmond", "amount_usd": null, "retention": null, "status": "flocked", "has_contract_pdf": false}}}, {"type": "Feature", "id": "cam:osm:n12332580121", "geometry": {"type": "Point", "coordinates": [-97.5341628, 35.5376083]}, "properties": {"name": "Motorolla", "vendor": "Motorolla", "city": null, "operator": null, "direction": "140", "mount": "pole", "zone": "traffic", "source": "https://www.openstreetmap.org/node/12332580121", "packet": null}}, {"type": "Feature", "id": "cam:osm:n12332580852", "geometry": {"type": "Point", "coordinates": [-97.5215743, 35.4393515]}, "properties": {"name": "OSM node 12332580852", "vendor": null, "city": null, "operator": null, "direction": "160", "mount": null, "zone": "traffic", "source": "https://www.openstreetmap.org/node/12332580852", "packet": null}}, {"type": "Feature", "id": "cam:osm:n12332581195", "geometry": {"type": "Point", "coordinates": [-97.5834997, 35.4788037]}, "properties": {"name": "OSM node 12332581195", "vendor": null, "city": null, "operator": null, "direction": "270", "mount": null, "zone": "traffic", "source": "https://www.openstreetmap.org/node/12332581195", "packet": null}}, {"type": "Feature", "id": "cam:osm:n12332581196", "geometry": {"type": "Point", "coordinates": [-97.6227586, 35.4787438]}, "properties": {"name": "OSM node 12332581196", "vendor": null, "city": null, "operator": null, "direction": "70", "mount": null, "zone": "traffic", "source": "https://www.openstreetmap.org/node/12332581196", "packet": null}}, {"type": "Feature", "id": "cam:osm:n12332581197", "geometry": {"type": "Point", "coordinates": [-97.6541546, 35.4934581]}, "properties": {"name": "OSM node 12332581197", "vendor": null, "city": null, "operator": null, "direction": "340", "mount": null, "zone": "traffic", "source": "https://www.openstreetmap.org/node/12332581197", "packet": null}}, {"type": "Feature", "id": "cam:osm:n12332581198", "geometry": {"type": "Point", "coordinates": [-97.4668319, 35.4787133]}, "properties": {"name": "OSM node 12332581198", "vendor": null, "city": null, "operator": null, "direction": "240", "mount": null, "zone": "traffic", "source": "https://www.openstreetmap.org/node/12332581198", "packet": null}}, {"type": "Feature", "id": "cam:osm:n12339976871", "geometry": {"type": "Point", "coordinates": [-96.0476474, 36.0775398]}, "properties": {"name": "Flock Safety", "vendor": "Flock Safety", "city": null, "operator": "Flock Safety", "direction": "135", "mount": "pole", "zone": "traffic", "source": "https://www.openstreetmap.org/node/12339976871", "packet": null}}, {"type": "Feature", "id": "cam:osm:n12339976872", "geometry": {"type": "Point", "coordinates": [-96.046868, 36.075402]}, "properties": {"name": "Flock Safety", "vendor": "Flock Safety", "city": null, "operator": "Flock Safety", "direction": "50", "mount": "pole", "zone": "traffic", "source": "https://www.openstreetmap.org/node/12339976872", "packet": null}}, {"type": "Feature", "id": "cam:osm:n12345179538", "geometry": {"type": "Point", "coordinates": [-95.8154064, 36.060727]}, "properties": {"name": "Broken Arrow PD", "vendor": "ELSAG", "city": "Broken Arrow", "operator": "Broken Arrow PD", "direction": "180", "mount": "traffic_signals", "zone": "traffic", "source": "https://www.openstreetmap.org/node/12345179538", "packet": {"city": "Broken Arrow", "amount_usd": 18250, "retention": "30 days", "status": "flocked", "has_contract_pdf": true}}}, {"type": "Feature", "id": "cam:osm:n12345179539", "geometry": {"type": "Point", "coordinates": [-95.8155314, 36.0609872]}, "properties": {"name": "Broken Arrow PD", "vendor": "ELSAG", "city": "Broken Arrow", "operator": "Broken Arrow PD", "direction": "270", "mount": "traffic_signals", "zone": "traffic", "source": "https://www.openstreetmap.org/node/12345179539", "packet": {"city": "Broken Arrow", "amount_usd": 18250, "retention": "30 days", "status": "flocked", "has_contract_pdf": true}}}, {"type": "Feature", "id": "cam:osm:n12345179540", "geometry": {"type": "Point", "coordinates": [-95.8152268, 36.061099]}, "properties": {"name": "Broken Arrow PD", "vendor": "ELSAG", "city": "Broken Arrow", "operator": "Broken Arrow PD", "direction": "0", "mount": "traffic_signals", "zone": "traffic", "source": "https://www.openstreetmap.org/node/12345179540", "packet": {"city": "Broken Arrow", "amount_usd": 18250, "retention": "30 days", "status": "flocked", "has_contract_pdf": true}}}, {"type": "Feature", "id": "cam:osm:n12345179541", "geometry": {"type": "Point", "coordinates": [-95.8150609, 36.0608344]}, "properties": {"name": "Broken Arrow PD", "vendor": "ELSAG", "city": "Broken Arrow", "operator": "Broken Arrow PD", "direction": "90", "mount": "traffic_signals", "zone": "traffic", "source": "https://www.openstreetmap.org/node/12345179541", "packet": {"city": "Broken Arrow", "amount_usd": 18250, "retention": "30 days", "status": "flocked", "has_contract_pdf": true}}}, {"type": "Feature", "id": "cam:osm:n12345179542", "geometry": {"type": "Point", "coordinates": [-95.8495772, 36.0607738]}, "properties": {"name": "OSM node 12345179542", "vendor": "ELSAG", "city": null, "operator": null, "direction": "45", "mount": null, "zone": "street", "source": "https://www.openstreetmap.org/node/12345179542", "packet": null}}, {"type": "Feature", "id": "cam:osm:n12345179543", "geometry": {"type": "Point", "coordinates": [-95.8489295, 36.0610143]}, "properties": {"name": "OSM node 12345179543", "vendor": "ELSAG", "city": null, "operator": null, "direction": "225", "mount": null, "zone": "street", "source": "https://www.openstreetmap.org/node/12345179543", "packet": null}}, {"type": "Feature", "id": "cam:osm:n12345179544", "geometry": {"type": "Point", "coordinates": [-95.7776258, 36.0671401]}, "properties": {"name": "OSM node 12345179544", "vendor": "ELSAG", "city": null, "operator": null, "direction": "315", "mount": null, "zone": "street", "source": "https://www.openstreetmap.org/node/12345179544", "packet": null}}, {"type": "Feature", "id": "cam:osm:n12345179545", "geometry": {"type": "Point", "coordinates": [-95.7662642, 36.0628289]}, "properties": {"name": "OSM node 12345179545", "vendor": "ELSAG", "city": null, "operator": null, "direction": "135", "mount": null, "zone": "street", "source": "https://www.openstreetmap.org/node/12345179545", "packet": null}}, {"type": "Feature", "id": "cam:osm:n12345179546", "geometry": {"type": "Point", "coordinates": [-95.7631081, 36.0637375]}, "properties": {"name": "OSM node 12345179546", "vendor": "ELSAG", "city": null, "operator": null, "direction": "45", "mount": null, "zone": "street", "source": "https://www.openstreetmap.org/node/12345179546", "packet": null}}, {"type": "Feature", "id": "cam:osm:n12345417374", "geometry": {"type": "Point", "coordinates": [-95.8622848, 36.0605416]}, "properties": {"name": "Lowe's Home Improvement", "vendor": "Flock Safety", "city": null, "operator": "Lowe's Home Improvement", "direction": "180", "mount": "post", "zone": "traffic", "source": "https://www.openstreetmap.org/node/12345417374", "packet": null}}, {"type": "Feature", "id": "cam:osm:n12345417375", "geometry": {"type": "Point", "coordinates": [-95.8635172, 36.060197]}, "properties": {"name": "Lowe's Home Improvement", "vendor": "Flock Safety", "city": null, "operator": "Lowe's Home Improvement", "direction": "90", "mount": "post", "zone": "traffic", "source": "https://www.openstreetmap.org/node/12345417375", "packet": null}}, {"type": "Feature", "id": "cam:osm:n12345417376", "geometry": {"type": "Point", "coordinates": [-95.864185, 36.0591852]}, "properties": {"name": "Lowe's Home Improvement", "vendor": "Flock Safety", "city": null, "operator": "Lowe's Home Improvement", "direction": "45", "mount": "post", "zone": "traffic", "source": "https://www.openstreetmap.org/node/12345417376", "packet": null}}, {"type": "Feature", "id": "cam:osm:n12345417377", "geometry": {"type": "Point", "coordinates": [-95.8638136, 36.0610532]}, "properties": {"name": "Tulsa Police Department", "vendor": "Flock Safety", "city": "Tulsa", "operator": "Tulsa Police Department", "direction": "245", "mount": "post", "zone": "traffic", "source": "https://www.openstreetmap.org/node/12345417377", "packet": {"city": "Tulsa", "amount_usd": null, "retention": null, "status": "flocked", "has_contract_pdf": false}}}, {"type": "Feature", "id": "cam:osm:n12345417378", "geometry": {"type": "Point", "coordinates": [-95.7685454, 36.0640148]}, "properties": {"name": "Lowe's Home Improvement", "vendor": "Flock Safety", "city": null, "operator": "Lowe's Home Improvement", "direction": "345", "mount": "post", "zone": "traffic", "source": "https://www.openstreetmap.org/node/12345417378", "packet": null}}, {"type": "Feature", "id": "cam:osm:n12345417379", "geometry": {"type": "Point", "coordinates": [-95.7685261, 36.0640086]}, "properties": {"name": "Lowe's Home Improvement", "vendor": "Flock Safety", "city": null, "operator": "Lowe's Home Improvement", "direction": "70", "mount": "post", "zone": "traffic", "source": "https://www.openstreetmap.org/node/12345417379", "packet": null}}, {"type": "Feature", "id": "cam:osm:n12345417380", "geometry": {"type": "Point", "coordinates": [-95.7662315, 36.0633599]}, "properties": {"name": "Lowe's Home Improvement", "vendor": "Flock Safety", "city": null, "operator": "Lowe's Home Improvement", "direction": "55", "mount": "post", "zone": "traffic", "source": "https://www.openstreetmap.org/node/12345417380", "packet": null}}, {"type": "Feature", "id": "cam:osm:n12349102747", "geometry": {"type": "Point", "coordinates": [-95.9532512, 36.7414875]}, "properties": {"name": "Lowes", "vendor": "Flock Safety", "city": null, "operator": "Lowes", "direction": "65", "mount": "pole", "zone": "traffic", "source": "https://www.openstreetmap.org/node/12349102747", "packet": null}}, {"type": "Feature", "id": "cam:osm:n12349102748", "geometry": {"type": "Point", "coordinates": [-95.952546, 36.7423615]}, "properties": {"name": "Lowes", "vendor": "Flock Safety", "city": null, "operator": "Lowes", "direction": "125", "mount": "pole", "zone": "traffic", "source": "https://www.openstreetmap.org/node/12349102748", "packet": null}}, {"type": "Feature", "id": "cam:osm:n12349102749", "geometry": {"type": "Point", "coordinates": [-95.9506629, 36.7423586]}, "properties": {"name": "Lowes", "vendor": "Flock Safety", "city": null, "operator": "Lowes", "direction": "165", "mount": "pole", "zone": "traffic", "source": "https://www.openstreetmap.org/node/12349102749", "packet": null}}, {"type": "Feature", "id": "cam:osm:n12352215735", "geometry": {"type": "Point", "coordinates": [-96.0071111, 36.1374522]}, "properties": {"name": "Tulsa Police Department", "vendor": "Flock Safety", "city": "Tulsa", "operator": "Tulsa Police Department", "direction": "180", "mount": "post", "zone": "traffic", "source": "https://www.openstreetmap.org/node/12352215735", "packet": {"city": "Tulsa", "amount_usd": null, "retention": null, "status": "flocked", "has_contract_pdf": false}}}, {"type": "Feature", "id": "cam:osm:n12352215736", "geometry": {"type": "Point", "coordinates": [-96.0064072, 36.1375484]}, "properties": {"name": "Tulsa Police Department", "vendor": "Flock Safety", "city": "Tulsa", "operator": "Tulsa Police Department", "direction": "90", "mount": "post", "zone": "traffic", "source": "https://www.openstreetmap.org/node/12352215736", "packet": {"city": "Tulsa", "amount_usd": null, "retention": null, "status": "flocked", "has_contract_pdf": false}}}, {"type": "Feature", "id": "cam:osm:n12352215737", "geometry": {"type": "Point", "coordinates": [-96.0068529, 36.1283983]}, "properties": {"name": "Tulsa Police Department", "vendor": "Flock Safety", "city": "Tulsa", "operator": "Tulsa Police Department", "direction": "0", "mount": "post", "zone": "traffic", "source": "https://www.openstreetmap.org/node/12352215737", "packet": {"city": "Tulsa", "amount_usd": null, "retention": null, "status": "flocked", "has_contract_pdf": false}}}, {"type": "Feature", "id": "cam:osm:n12352215738", "geometry": {"type": "Point", "coordinates": [-96.007019, 36.1216398]}, "properties": {"name": "Tulsa Police Department", "vendor": "Flock Safety", "city": "Tulsa", "operator": "Tulsa Police Department", "direction": "0", "mount": "pole", "zone": "traffic", "source": "https://www.openstreetmap.org/node/12352215738", "packet": {"city": "Tulsa", "amount_usd": null, "retention": null, "status": "flocked", "has_contract_pdf": false}}}, {"type": "Feature", "id": "cam:osm:n12352215739", "geometry": {"type": "Point", "coordinates": [-96.0294409, 36.1001385]}, "properties": {"name": "Tulsa Police Department", "vendor": "Flock Safety", "city": "Tulsa", "operator": "Tulsa Police Department", "direction": "45", "mount": "pole", "zone": "traffic", "source": "https://www.openstreetmap.org/node/12352215739", "packet": {"city": "Tulsa", "amount_usd": null, "retention": null, "status": "flocked", "has_contract_pdf": false}}}, {"type": "Feature", "id": "cam:osm:n12352215740", "geometry": {"type": "Point", "coordinates": [-95.9949281, 36.1305809]}, "properties": {"name": "Tulsa Police Department", "vendor": "Flock Safety", "city": "Tulsa", "operator": "Tulsa Police Department", "direction": "225", "mount": "post", "zone": "traffic", "source": "https://www.openstreetmap.org/node/12352215740", "packet": {"city": "Tulsa", "amount_usd": null, "retention": null, "status": "flocked", "has_contract_pdf": false}}}, {"type": "Feature", "id": "cam:osm:n12352215741", "geometry": {"type": "Point", "coordinates": [-95.964498, 36.1041593]}, "properties": {"name": "Tulsa Police Department", "vendor": "Flock Safety", "city": "Tulsa", "operator": "Tulsa Police Department", "direction": "180", "mount": "post", "zone": "traffic", "source": "https://www.openstreetmap.org/node/12352215741", "packet": {"city": "Tulsa", "amount_usd": null, "retention": null, "status": "flocked", "has_contract_pdf": false}}}, {"type": "Feature", "id": "cam:osm:n12352215742", "geometry": {"type": "Point", "coordinates": [-95.922473, 36.0920253]}, "properties": {"name": "Tulsa Police Department", "vendor": "Flock Safety", "city": "Tulsa", "operator": "Tulsa Police Department", "direction": "180", "mount": "post", "zone": "traffic", "source": "https://www.openstreetmap.org/node/12352215742", "packet": {"city": "Tulsa", "amount_usd": null, "retention": null, "status": "flocked", "has_contract_pdf": false}}}, {"type": "Feature", "id": "cam:osm:n12352215744", "geometry": {"type": "Point", "coordinates": [-95.8868542, 36.1144439]}, "properties": {"name": "Tulsa Police Department", "vendor": "Flock Safety", "city": "Tulsa", "operator": "Tulsa Police Department", "direction": "270", "mount": "post", "zone": "traffic", "source": "https://www.openstreetmap.org/node/12352215744", "packet": {"city": "Tulsa", "amount_usd": null, "retention": null, "status": "flocked", "has_contract_pdf": false}}}, {"type": "Feature", "id": "cam:osm:n12352215745", "geometry": {"type": "Point", "coordinates": [-95.8869379, 36.1122367]}, "properties": {"name": "Tulsa Police Department", "vendor": "Flock Safety", "city": "Tulsa", "operator": "Tulsa Police Department", "direction": "250", "mount": "post", "zone": "traffic", "source": "https://www.openstreetmap.org/node/12352215745", "packet": {"city": "Tulsa", "amount_usd": null, "retention": null, "status": "flocked", "has_contract_pdf": false}}}, {"type": "Feature", "id": "cam:osm:n12354157044", "geometry": {"type": "Point", "coordinates": [-96.0162093, 36.0899125]}, "properties": {"name": "Tulsa Police Department", "vendor": "Flock Safety", "city": "Tulsa", "operator": "Tulsa Police Department", "direction": "270", "mount": "pole", "zone": "traffic", "source": "https://www.openstreetmap.org/node/12354157044", "packet": {"city": "Tulsa", "amount_usd": null, "retention": null, "status": "flocked", "has_contract_pdf": false}}}, {"type": "Feature", "id": "cam:osm:n12354157045", "geometry": {"type": "Point", "coordinates": [-96.0593966, 36.1046388]}, "properties": {"name": "Tulsa Police Department", "vendor": "Flock Safety", "city": "Tulsa", "operator": "Tulsa Police Department", "direction": "270", "mount": "pole", "zone": "traffic", "source": "https://www.openstreetmap.org/node/12354157045", "packet": {"city": "Tulsa", "amount_usd": null, "retention": null, "status": "flocked", "has_contract_pdf": false}}}, {"type": "Feature", "id": "cam:osm:n12354157046", "geometry": {"type": "Point", "coordinates": [-95.8508798, 36.148209]}, "properties": {"name": "Tulsa Police Department", "vendor": "Flock Safety", "city": "Tulsa", "operator": "Tulsa Police Department", "direction": null, "mount": "pole", "zone": "traffic", "source": "https://www.openstreetmap.org/node/12354157046", "packet": {"city": "Tulsa", "amount_usd": null, "retention": null, "status": "flocked", "has_contract_pdf": false}}}, {"type": "Feature", "id": "cam:osm:n12354157047", "geometry": {"type": "Point", "coordinates": [-95.8513862, 36.1446448]}, "properties": {"name": "Tulsa Police Department", "vendor": "Flock Safety", "city": "Tulsa", "operator": "Tulsa Police Department", "direction": null, "mount": "pole", "zone": "traffic", "source": "https://www.openstreetmap.org/node/12354157047", "packet": {"city": "Tulsa", "amount_usd": null, "retention": null, "status": "flocked", "has_contract_pdf": false}}}, {"type": "Feature", "id": "cam:osm:n12354157048", "geometry": {"type": "Point", "coordinates": [-96.0110477, 36.0902492]}, "properties": {"name": "QuikTrip Corporation", "vendor": "Motorola Solutions", "city": null, "operator": "QuikTrip Corporation", "direction": "270", "mount": "pole", "zone": "parking:exit", "source": "https://www.openstreetmap.org/node/12354157048", "packet": null}}, {"type": "Feature", "id": "cam:osm:n12354157049", "geometry": {"type": "Point", "coordinates": [-96.0107916, 36.0906137]}, "properties": {"name": "QuikTrip Corporation", "vendor": "Motorola Solutions", "city": null, "operator": "QuikTrip Corporation", "direction": "270", "mount": "pole", "zone": "parking:exit", "source": "https://www.openstreetmap.org/node/12354157049", "packet": null}}, {"type": "Feature", "id": "cam:osm:n12354157050", "geometry": {"type": "Point", "coordinates": [-96.0103127, 36.0905622]}, "properties": {"name": "QuikTrip Corporation", "vendor": "Motorola Solutions", "city": null, "operator": "QuikTrip Corporation", "direction": "90", "mount": "pole", "zone": "parking:exit", "source": "https://www.openstreetmap.org/node/12354157050", "packet": null}}, {"type": "Feature", "id": "cam:osm:n12354157051", "geometry": {"type": "Point", "coordinates": [-96.0103834, 36.0900091]}, "properties": {"name": "QuikTrip Corporation", "vendor": "Motorola Solutions", "city": null, "operator": "QuikTrip Corporation", "direction": "225", "mount": "pole", "zone": "parking:exit", "source": "https://www.openstreetmap.org/node/12354157051", "packet": null}}, {"type": "Feature", "id": "cam:osm:n12366314077", "geometry": {"type": "Point", "coordinates": [-95.9732326, 36.7505769]}, "properties": {"name": "Bartlesville Police Department", "vendor": "Flock Safety", "city": "Bartlesville", "operator": "Bartlesville Police Department", "direction": "75", "mount": "pole", "zone": "traffic", "source": "https://www.openstreetmap.org/node/12366314077", "packet": {"city": "Bartlesville", "amount_usd": null, "retention": null, "status": "flocked", "has_contract_pdf": false}}}, {"type": "Feature", "id": "cam:osm:n12366435461", "geometry": {"type": "Point", "coordinates": [-95.8595532, 36.1478056]}, "properties": {"name": "Tulsa Police Department", "vendor": "Flock Safety", "city": "Tulsa", "operator": "Tulsa Police Department", "direction": null, "mount": "pole", "zone": "traffic", "source": "https://www.openstreetmap.org/node/12366435461", "packet": {"city": "Tulsa", "amount_usd": null, "retention": null, "status": "flocked", "has_contract_pdf": false}}}, {"type": "Feature", "id": "cam:osm:n12366435462", "geometry": {"type": "Point", "coordinates": [-95.8330641, 36.1087411]}, "properties": {"name": "Tulsa Police Department", "vendor": "Flock Safety", "city": "Tulsa", "operator": "Tulsa Police Department", "direction": "310", "mount": "pole", "zone": "traffic", "source": "https://www.openstreetmap.org/node/12366435462", "packet": {"city": "Tulsa", "amount_usd": null, "retention": null, "status": "flocked", "has_contract_pdf": false}}}, {"type": "Feature", "id": "cam:osm:n12369101287", "geometry": {"type": "Point", "coordinates": [-95.922108, 36.1391792]}, "properties": {"name": "Lowe's Home Improvement", "vendor": "Flock Safety", "city": null, "operator": "Lowe's Home Improvement", "direction": "75", "mount": "pole", "zone": "traffic", "source": "https://www.openstreetmap.org/node/12369101287", "packet": null}}, {"type": "Feature", "id": "cam:osm:n12369101288", "geometry": {"type": "Point", "coordinates": [-95.9214222, 36.140408]}, "properties": {"name": "Lowe's Home Improvement", "vendor": "Flock Safety", "city": null, "operator": "Lowe's Home Improvement", "direction": "180", "mount": "pole", "zone": "traffic", "source": "https://www.openstreetmap.org/node/12369101288", "packet": null}}, {"type": "Feature", "id": "cam:osm:n12369101289", "geometry": {"type": "Point", "coordinates": [-95.9204423, 36.1404181]}, "properties": {"name": "Lowe's Home Improvement", "vendor": "Flock Safety", "city": null, "operator": "Lowe's Home Improvement", "direction": "180", "mount": "pole", "zone": "traffic", "source": "https://www.openstreetmap.org/node/12369101289", "packet": null}}, {"type": "Feature", "id": "cam:osm:n12376446524", "geometry": {"type": "Point", "coordinates": [-97.6191874, 35.5493212]}, "properties": {"name": "Flock Safety", "vendor": "Flock Safety", "city": null, "operator": null, "direction": "160", "mount": "pole", "zone": "traffic", "source": "https://www.openstreetmap.org/node/12376446524", "packet": null}}, {"type": "Feature", "id": "cam:osm:n12377503870", "geometry": {"type": "Point", "coordinates": [-97.0518354, 36.1388261]}, "properties": {"name": "Flock Safety", "vendor": "Flock Safety", "city": null, "operator": "Flock Safety", "direction": "270", "mount": "pole", "zone": "traffic", "source": "https://www.openstreetmap.org/node/12377503870", "packet": null}}, {"type": "Feature", "id": "cam:osm:n12377503871", "geometry": {"type": "Point", "coordinates": [-97.0530212, 36.1399416]}, "properties": {"name": "Flock Safety", "vendor": "Flock Safety", "city": null, "operator": "Flock Safety", "direction": "180", "mount": "pole", "zone": "traffic", "source": "https://www.openstreetmap.org/node/12377503871", "packet": null}}, {"type": "Feature", "id": "cam:osm:n12377503872", "geometry": {"type": "Point", "coordinates": [-97.0517463, 36.1399299]}, "properties": {"name": "Flock Safety", "vendor": "Flock Safety", "city": null, "operator": "Flock Safety", "direction": "270", "mount": "pole", "zone": "traffic", "source": "https://www.openstreetmap.org/node/12377503872", "packet": null}}, {"type": "Feature", "id": "cam:osm:n12379429979", "geometry": {"type": "Point", "coordinates": [-98.4993464, 34.6307725]}, "properties": {"name": "Flock Safety", "vendor": "Flock Safety", "city": null, "operator": "Flock Safety", "direction": "55", "mount": "pole", "zone": "traffic", "source": "https://www.openstreetmap.org/node/12379429979", "packet": null}}, {"type": "Feature", "id": "cam:osm:n12403695383", "geometry": {"type": "Point", "coordinates": [-97.4974574, 35.6784178]}, "properties": {"name": "Edmond Police Department", "vendor": "Flock Safety", "city": "Edmond", "operator": "Edmond Police Department", "direction": "235", "mount": "pole", "zone": "traffic", "source": "https://www.openstreetmap.org/node/12403695383", "packet": {"city": "Edmond", "amount_usd": null, "retention": null, "status": "flocked", "has_contract_pdf": false}}}, {"type": "Feature", "id": "cam:osm:n12407568122", "geometry": {"type": "Point", "coordinates": [-97.459029, 35.421542]}, "properties": {"name": "Flock Safety", "vendor": "Flock Safety", "city": null, "operator": "Flock Safety", "direction": "330", "mount": "pole", "zone": "traffic", "source": "https://www.openstreetmap.org/node/12407568122", "packet": null}}, {"type": "Feature", "id": "cam:osm:n12416798594", "geometry": {"type": "Point", "coordinates": [-95.9754708, 36.1762029]}, "properties": {"name": "Tulsa Police Department", "vendor": "Flock Safety", "city": "Tulsa", "operator": "Tulsa Police Department", "direction": "0", "mount": "post", "zone": "traffic", "source": "https://www.openstreetmap.org/node/12416798594", "packet": {"city": "Tulsa", "amount_usd": null, "retention": null, "status": "flocked", "has_contract_pdf": false}}}, {"type": "Feature", "id": "cam:osm:n12432252029", "geometry": {"type": "Point", "coordinates": [-96.01443, 35.9864009]}, "properties": {"name": "Walmart", "vendor": "Flock Safety", "city": null, "operator": "Walmart", "direction": "175", "mount": null, "zone": "traffic", "source": "https://www.openstreetmap.org/node/12432252029", "packet": null}}, {"type": "Feature", "id": "cam:osm:n12432280705", "geometry": {"type": "Point", "coordinates": [-96.1121148, 36.0135861]}, "properties": {"name": "Sapulpa Police", "vendor": "Flock Safety", "city": "Sapulpa", "operator": "Sapulpa Police", "direction": "165", "mount": null, "zone": "traffic", "source": "https://www.openstreetmap.org/node/12432280705", "packet": {"city": "Sapulpa", "amount_usd": null, "retention": null, "status": "alpr", "has_contract_pdf": false}}}, {"type": "Feature", "id": "cam:osm:n12432280940", "geometry": {"type": "Point", "coordinates": [-96.1108553, 35.9739579]}, "properties": {"name": "Sapulpa Police", "vendor": "Flock Safety", "city": "Sapulpa", "operator": "Sapulpa Police", "direction": "275", "mount": null, "zone": "traffic", "source": "https://www.openstreetmap.org/node/12432280940", "packet": {"city": "Sapulpa", "amount_usd": null, "retention": null, "status": "alpr", "has_contract_pdf": false}}}, {"type": "Feature", "id": "cam:osm:n12434216078", "geometry": {"type": "Point", "coordinates": [-96.1160064, 36.1303623]}, "properties": {"name": "Sand Springs Police", "vendor": "Flock Safety", "city": "Sand Springs", "operator": "Sand Springs Police", "direction": "345", "mount": null, "zone": "traffic", "source": "https://www.openstreetmap.org/node/12434216078", "packet": {"city": "Sand Springs", "amount_usd": null, "retention": null, "status": "flocked", "has_contract_pdf": false}}}, {"type": "Feature", "id": "cam:osm:n12434236452", "geometry": {"type": "Point", "coordinates": [-96.0873203, 35.988535]}, "properties": {"name": "Sapulpa Police", "vendor": "Flock Safety", "city": "Sapulpa", "operator": "Sapulpa Police", "direction": "240", "mount": null, "zone": "traffic", "source": "https://www.openstreetmap.org/node/12434236452", "packet": {"city": "Sapulpa", "amount_usd": null, "retention": null, "status": "alpr", "has_contract_pdf": false}}}, {"type": "Feature", "id": "cam:osm:n12434237220", "geometry": {"type": "Point", "coordinates": [-96.098474, 36.0465657]}, "properties": {"name": "Creek County Sheriff", "vendor": "Flock Safety", "city": null, "operator": "Creek County Sheriff", "direction": "260", "mount": null, "zone": "traffic", "source": "https://www.openstreetmap.org/node/12434237220", "packet": null}}, {"type": "Feature", "id": "cam:osm:n12434269881", "geometry": {"type": "Point", "coordinates": [-95.4036077, 35.7695948]}, "properties": {"name": "Muskogee Police", "vendor": "Flock Safety", "city": "Muskogee", "operator": "Muskogee Police", "direction": "270", "mount": "pole", "zone": "traffic", "source": "https://www.openstreetmap.org/node/12434269881", "packet": {"city": "Muskogee", "amount_usd": null, "retention": null, "status": "flocked", "has_contract_pdf": false}}}, {"type": "Feature", "id": "cam:osm:n12437439656", "geometry": {"type": "Point", "coordinates": [-98.4480747, 34.623622]}, "properties": {"name": "Flock Safety", "vendor": "Flock Safety", "city": null, "operator": null, "direction": "235", "mount": "pole", "zone": "traffic", "source": "https://www.openstreetmap.org/node/12437439656", "packet": null}}, {"type": "Feature", "id": "cam:osm:n12437451205", "geometry": {"type": "Point", "coordinates": [-98.4908068, 34.5944813]}, "properties": {"name": "Flock Safety", "vendor": "Flock Safety", "city": null, "operator": null, "direction": "55", "mount": "pole", "zone": "traffic", "source": "https://www.openstreetmap.org/node/12437451205", "packet": null}}, {"type": "Feature", "id": "cam:osm:n12444711846", "geometry": {"type": "Point", "coordinates": [-98.4479246, 34.6231521]}, "properties": {"name": "Flock Safety", "vendor": "Flock Safety", "city": null, "operator": null, "direction": "180", "mount": "pole", "zone": "traffic", "source": "https://www.openstreetmap.org/node/12444711846", "packet": null}}, {"type": "Feature", "id": "cam:osm:n12444821523", "geometry": {"type": "Point", "coordinates": [-98.4225003, 34.6231246]}, "properties": {"name": "Flock Safety", "vendor": "Flock Safety", "city": null, "operator": null, "direction": "145", "mount": "pole", "zone": "traffic", "source": "https://www.openstreetmap.org/node/12444821523", "packet": null}}, {"type": "Feature", "id": "cam:osm:n12444828837", "geometry": {"type": "Point", "coordinates": [-98.439614, 34.5945645]}, "properties": {"name": "Flock Safety", "vendor": "Flock Safety", "city": null, "operator": null, "direction": "330", "mount": "pole", "zone": "traffic", "source": "https://www.openstreetmap.org/node/12444828837", "packet": null}}, {"type": "Feature", "id": "cam:osm:n12453106688", "geometry": {"type": "Point", "coordinates": [-95.9934533, 36.0608863]}, "properties": {"name": "Tulsa Police Department", "vendor": "Flock Safety", "city": "Tulsa", "operator": "Tulsa Police Department", "direction": "90", "mount": "post", "zone": "traffic", "source": "https://www.openstreetmap.org/node/12453106688", "packet": {"city": "Tulsa", "amount_usd": null, "retention": null, "status": "flocked", "has_contract_pdf": false}}}, {"type": "Feature", "id": "cam:osm:n12465971438", "geometry": {"type": "Point", "coordinates": [-95.8627452, 36.1185942]}, "properties": {"name": "QuikTrip Corporation", "vendor": "Motorola Solutions", "city": null, "operator": "QuikTrip Corporation", "direction": "0", "mount": "pole", "zone": "parking:exit", "source": "https://www.openstreetmap.org/node/12465971438", "packet": null}}, {"type": "Feature", "id": "cam:osm:n12465971439", "geometry": {"type": "Point", "coordinates": [-95.8618558, 36.1185998]}, "properties": {"name": "QuikTrip Corporation", "vendor": "Motorola Solutions", "city": null, "operator": "QuikTrip Corporation", "direction": "330", "mount": "pole", "zone": "parking:exit", "source": "https://www.openstreetmap.org/node/12465971439", "packet": null}}, {"type": "Feature", "id": "cam:osm:n12465990382", "geometry": {"type": "Point", "coordinates": [-95.8849264, 36.0617681]}, "properties": {"name": "Tulsa Police Department", "vendor": "Flock Safety", "city": "Tulsa", "operator": "Tulsa Police Department", "direction": "90", "mount": "pole", "zone": "traffic", "source": "https://www.openstreetmap.org/node/12465990382", "packet": {"city": "Tulsa", "amount_usd": null, "retention": null, "status": "flocked", "has_contract_pdf": false}}}, {"type": "Feature", "id": "cam:osm:n12465990383", "geometry": {"type": "Point", "coordinates": [-95.8833617, 36.0651337]}, "properties": {"name": "Tulsa Police Department", "vendor": "Flock Safety", "city": "Tulsa", "operator": "Tulsa Police Department", "direction": "269", "mount": "pole", "zone": "traffic", "source": "https://www.openstreetmap.org/node/12465990383", "packet": {"city": "Tulsa", "amount_usd": null, "retention": null, "status": "flocked", "has_contract_pdf": false}}}, {"type": "Feature", "id": "cam:osm:n12465990384", "geometry": {"type": "Point", "coordinates": [-95.8861565, 36.0656093]}, "properties": {"name": "Tulsa Police Department", "vendor": "Flock Safety", "city": "Tulsa", "operator": "Tulsa Police Department", "direction": "90", "mount": "pole", "zone": "traffic", "source": "https://www.openstreetmap.org/node/12465990384", "packet": {"city": "Tulsa", "amount_usd": null, "retention": null, "status": "flocked", "has_contract_pdf": false}}}, {"type": "Feature", "id": "cam:osm:n12465990385", "geometry": {"type": "Point", "coordinates": [-95.8835188, 36.061261]}, "properties": {"name": "Tulsa Police Department", "vendor": "Flock Safety", "city": "Tulsa", "operator": "Tulsa Police Department", "direction": "0", "mount": "pole", "zone": "traffic", "source": "https://www.openstreetmap.org/node/12465990385", "packet": {"city": "Tulsa", "amount_usd": null, "retention": null, "status": "flocked", "has_contract_pdf": false}}}, {"type": "Feature", "id": "cam:osm:n12465990386", "geometry": {"type": "Point", "coordinates": [-95.8816553, 36.0652395]}, "properties": {"name": "Tulsa Police Department", "vendor": "Flock Safety", "city": "Tulsa", "operator": "Tulsa Police Department", "direction": "270", "mount": "pole", "zone": "traffic", "source": "https://www.openstreetmap.org/node/12465990386", "packet": {"city": "Tulsa", "amount_usd": null, "retention": null, "status": "flocked", "has_contract_pdf": false}}}, {"type": "Feature", "id": "cam:osm:n12465990387", "geometry": {"type": "Point", "coordinates": [-95.8800155, 36.0612745]}, "properties": {"name": "Tulsa Police Department", "vendor": "Flock Safety", "city": "Tulsa", "operator": "Tulsa Police Department", "direction": "0", "mount": "pole", "zone": "traffic", "source": "https://www.openstreetmap.org/node/12465990387", "packet": {"city": "Tulsa", "amount_usd": null, "retention": null, "status": "flocked", "has_contract_pdf": false}}}, {"type": "Feature", "id": "cam:osm:n12465990388", "geometry": {"type": "Point", "coordinates": [-95.8815905, 36.0652351]}, "properties": {"name": "Tulsa Police Department", "vendor": "Flock Safety", "city": "Tulsa", "operator": "Tulsa Police Department", "direction": "90", "mount": "pole", "zone": "traffic", "source": "https://www.openstreetmap.org/node/12465990388", "packet": {"city": "Tulsa", "amount_usd": null, "retention": null, "status": "flocked", "has_contract_pdf": false}}}, {"type": "Feature", "id": "cam:osm:n12465990389", "geometry": {"type": "Point", "coordinates": [-95.8776954, 36.0615131]}, "properties": {"name": "Tulsa Police Department", "vendor": "Flock Safety", "city": "Tulsa", "operator": "Tulsa Police Department", "direction": "0", "mount": "pole", "zone": "traffic", "source": "https://www.openstreetmap.org/node/12465990389", "packet": {"city": "Tulsa", "amount_usd": null, "retention": null, "status": "flocked", "has_contract_pdf": false}}}, {"type": "Feature", "id": "cam:osm:n12466206015", "geometry": {"type": "Point", "coordinates": [-95.9671856, 36.0158941]}, "properties": {"name": "Flock Safety", "vendor": "Flock Safety", "city": null, "operator": "Flock Safety", "direction": "113", "mount": null, "zone": "traffic", "source": "https://www.openstreetmap.org/node/12466206015", "packet": null}}, {"type": "Feature", "id": "cam:osm:n12466241987", "geometry": {"type": "Point", "coordinates": [-95.7611102, 36.1640608]}, "properties": {"name": "Catoosa Police", "vendor": "Flock Safety", "city": "Catoosa", "operator": "Catoosa Police", "direction": "55", "mount": null, "zone": "traffic", "source": "https://www.openstreetmap.org/node/12466241987", "packet": {"city": "Catoosa", "amount_usd": null, "retention": null, "status": "flocked", "has_contract_pdf": false}}}, {"type": "Feature", "id": "cam:osm:n12466287459", "geometry": {"type": "Point", "coordinates": [-95.7611432, 36.1653778]}, "properties": {"name": "Catoosa Police", "vendor": "Flock Safety", "city": "Catoosa", "operator": "Catoosa Police", "direction": "65", "mount": null, "zone": "traffic", "source": "https://www.openstreetmap.org/node/12466287459", "packet": {"city": "Catoosa", "amount_usd": null, "retention": null, "status": "flocked", "has_contract_pdf": false}}}, {"type": "Feature", "id": "cam:osm:n12466291194", "geometry": {"type": "Point", "coordinates": [-95.7611424, 36.1667796]}, "properties": {"name": "Catoosa Police", "vendor": "Flock Safety", "city": "Catoosa", "operator": "Catoosa Police", "direction": "55", "mount": null, "zone": "traffic", "source": "https://www.openstreetmap.org/node/12466291194", "packet": {"city": "Catoosa", "amount_usd": null, "retention": null, "status": "flocked", "has_contract_pdf": false}}}, {"type": "Feature", "id": "cam:osm:n12466320813", "geometry": {"type": "Point", "coordinates": [-95.7619546, 36.1669918]}, "properties": {"name": "OSM node 12466320813", "vendor": null, "city": null, "operator": null, "direction": "255", "mount": null, "zone": "traffic", "source": "https://www.openstreetmap.org/node/12466320813", "packet": null}}, {"type": "Feature", "id": "cam:osm:n12466380151", "geometry": {"type": "Point", "coordinates": [-95.9420913, 36.13339]}, "properties": {"name": "Tulsa Police Department", "vendor": "Flock Safety", "city": "Tulsa", "operator": "Tulsa Police Department", "direction": "270", "mount": "pole", "zone": "traffic", "source": "https://www.openstreetmap.org/node/12466380151", "packet": {"city": "Tulsa", "amount_usd": null, "retention": null, "status": "flocked", "has_contract_pdf": false}}}, {"type": "Feature", "id": "cam:osm:n12466380152", "geometry": {"type": "Point", "coordinates": [-95.8374422, 36.1333444]}, "properties": {"name": "Tulsa Police Department", "vendor": "Flock Safety", "city": "Tulsa", "operator": "Tulsa Police Department", "direction": "90", "mount": "pole", "zone": "traffic", "source": "https://www.openstreetmap.org/node/12466380152", "packet": {"city": "Tulsa", "amount_usd": null, "retention": null, "status": "flocked", "has_contract_pdf": false}}}, {"type": "Feature", "id": "cam:osm:n12466380153", "geometry": {"type": "Point", "coordinates": [-95.8676409, 36.1334674]}, "properties": {"name": "Tulsa Police Department", "vendor": "Flock Safety", "city": "Tulsa", "operator": "Tulsa Police Department", "direction": "90", "mount": "pole", "zone": "traffic", "source": "https://www.openstreetmap.org/node/12466380153", "packet": {"city": "Tulsa", "amount_usd": null, "retention": null, "status": "flocked", "has_contract_pdf": false}}}, {"type": "Feature", "id": "cam:osm:n12466380154", "geometry": {"type": "Point", "coordinates": [-95.8392877, 36.1188301]}, "properties": {"name": "Tulsa Police Department", "vendor": "Flock Safety", "city": "Tulsa", "operator": "Tulsa Police Department", "direction": "90", "mount": "pole", "zone": "traffic", "source": "https://www.openstreetmap.org/node/12466380154", "packet": {"city": "Tulsa", "amount_usd": null, "retention": null, "status": "flocked", "has_contract_pdf": false}}}, {"type": "Feature", "id": "cam:osm:n12466380155", "geometry": {"type": "Point", "coordinates": [-95.8606328, 36.1336675]}, "properties": {"name": "Tulsa Police Department", "vendor": "Flock Safety", "city": "Tulsa", "operator": "Tulsa Police Department", "direction": "270", "mount": "pole", "zone": "traffic", "source": "https://www.openstreetmap.org/node/12466380155", "packet": {"city": "Tulsa", "amount_usd": null, "retention": null, "status": "flocked", "has_contract_pdf": false}}}, {"type": "Feature", "id": "cam:osm:n12466529767", "geometry": {"type": "Point", "coordinates": [-95.8491283, 36.2786739]}, "properties": {"name": "Owasso Police", "vendor": "Flock Safety", "city": null, "operator": "Owasso Police", "direction": "245", "mount": null, "zone": "traffic", "source": "https://www.openstreetmap.org/node/12466529767", "packet": null}}, {"type": "Feature", "id": "cam:osm:n12466529768", "geometry": {"type": "Point", "coordinates": [-95.8479159, 36.2929085]}, "properties": {"name": "Owasso Police", "vendor": "Flock Safety", "city": null, "operator": "Owasso Police", "direction": "75", "mount": null, "zone": "traffic", "source": "https://www.openstreetmap.org/node/12466529768", "packet": null}}, {"type": "Feature", "id": "cam:osm:n12466551524", "geometry": {"type": "Point", "coordinates": [-95.8661249, 36.2788266]}, "properties": {"name": "Owasso Police", "vendor": "Flock Safety", "city": null, "operator": "Owasso Police", "direction": "345", "mount": null, "zone": "traffic", "source": "https://www.openstreetmap.org/node/12466551524", "packet": null}}, {"type": "Feature", "id": "cam:osm:n12467219111", "geometry": {"type": "Point", "coordinates": [-95.9944609, 36.7387982]}, "properties": {"name": "Bartlesville Police Department", "vendor": "Flock Safety", "city": "Bartlesville", "operator": "Bartlesville Police Department", "direction": "65", "mount": "pole", "zone": "traffic", "source": "https://www.openstreetmap.org/node/12467219111", "packet": {"city": "Bartlesville", "amount_usd": null, "retention": null, "status": "flocked", "has_contract_pdf": false}}}, {"type": "Feature", "id": "cam:osm:n12467263661", "geometry": {"type": "Point", "coordinates": [-95.3399054, 35.7405095]}, "properties": {"name": "Muskogee Police", "vendor": "Flock Safety", "city": "Muskogee", "operator": "Muskogee Police", "direction": "335", "mount": null, "zone": "traffic", "source": "https://www.openstreetmap.org/node/12467263661", "packet": {"city": "Muskogee", "amount_usd": null, "retention": null, "status": "flocked", "has_contract_pdf": false}}}, {"type": "Feature", "id": "cam:osm:n12468208254", "geometry": {"type": "Point", "coordinates": [-95.8518111, 36.1335888]}, "properties": {"name": "Rekor Systems", "vendor": "Rekor Systems", "city": null, "operator": null, "direction": "330", "mount": "pole", "zone": "traffic", "source": "https://www.openstreetmap.org/node/12468208254", "packet": null}}, {"type": "Feature", "id": "cam:osm:n12468295956", "geometry": {"type": "Point", "coordinates": [-95.8483468, 36.2852472]}, "properties": {"name": "Owasso Police", "vendor": "Flock Safety", "city": null, "operator": "Owasso Police", "direction": "165", "mount": null, "zone": "traffic", "source": "https://www.openstreetmap.org/node/12468295956", "packet": null}}, {"type": "Feature", "id": "cam:osm:n12468319925", "geometry": {"type": "Point", "coordinates": [-95.8480582, 36.2825368]}, "properties": {"name": "Owasso Police", "vendor": "Flock Safety", "city": null, "operator": "Owasso Police", "direction": "350", "mount": null, "zone": "traffic", "source": "https://www.openstreetmap.org/node/12468319925", "packet": null}}, {"type": "Feature", "id": "cam:osm:n12468329925", "geometry": {"type": "Point", "coordinates": [-95.8394685, 36.2931688]}, "properties": {"name": "Owasso Police", "vendor": "Flock Safety", "city": null, "operator": "Owasso Police", "direction": "250", "mount": null, "zone": "traffic", "source": "https://www.openstreetmap.org/node/12468329925", "packet": null}}, {"type": "Feature", "id": "cam:osm:n12470373926", "geometry": {"type": "Point", "coordinates": [-95.3241641, 36.2931913]}, "properties": {"name": "Pryor Police", "vendor": "Flock Safety", "city": null, "operator": "Pryor Police", "direction": "350", "mount": null, "zone": "traffic", "source": "https://www.openstreetmap.org/node/12470373926", "packet": null}}, {"type": "Feature", "id": "cam:osm:n12470459871", "geometry": {"type": "Point", "coordinates": [-95.3153557, 36.3174859]}, "properties": {"name": "Pryor Police", "vendor": "Flock Safety", "city": null, "operator": "Pryor Police", "direction": "175", "mount": null, "zone": "traffic", "source": "https://www.openstreetmap.org/node/12470459871", "packet": null}}, {"type": "Feature", "id": "cam:osm:n12470460530", "geometry": {"type": "Point", "coordinates": [-95.3087698, 36.3059124]}, "properties": {"name": "Pryor Police", "vendor": "Flock Safety", "city": null, "operator": "Pryor Police", "direction": "270", "mount": null, "zone": "traffic", "source": "https://www.openstreetmap.org/node/12470460530", "packet": null}}, {"type": "Feature", "id": "cam:osm:n12470543557", "geometry": {"type": "Point", "coordinates": [-95.3309217, 36.3087603]}, "properties": {"name": "Pryor Police", "vendor": "Flock Safety", "city": null, "operator": "Pryor Police", "direction": "45", "mount": null, "zone": "traffic", "source": "https://www.openstreetmap.org/node/12470543557", "packet": null}}, {"type": "Feature", "id": "cam:osm:n12470550377", "geometry": {"type": "Point", "coordinates": [-95.8864169, 35.9302844]}, "properties": {"name": "Bixby Police", "vendor": "Flock Safety", "city": null, "operator": "Bixby Police", "direction": "340", "mount": null, "zone": "traffic", "source": "https://www.openstreetmap.org/node/12470550377", "packet": null}}, {"type": "Feature", "id": "cam:osm:n12470593266", "geometry": {"type": "Point", "coordinates": [-95.9062661, 35.9446279]}, "properties": {"name": "Bixby Police", "vendor": "Flock Safety", "city": null, "operator": "Bixby Police", "direction": "60", "mount": null, "zone": "traffic", "source": "https://www.openstreetmap.org/node/12470593266", "packet": null}}, {"type": "Feature", "id": "cam:osm:n12479383531", "geometry": {"type": "Point", "coordinates": [-96.1415036, 35.9924423]}, "properties": {"name": "Sapulpa Police", "vendor": "Flock Safety", "city": "Sapulpa", "operator": "Sapulpa Police", "direction": "135", "mount": null, "zone": "traffic", "source": "https://www.openstreetmap.org/node/12479383531", "packet": {"city": "Sapulpa", "amount_usd": null, "retention": null, "status": "alpr", "has_contract_pdf": false}}}, {"type": "Feature", "id": "cam:osm:n12499267638", "geometry": {"type": "Point", "coordinates": [-97.4958877, 35.6244704]}, "properties": {"name": "Edmond Police Department", "vendor": "Flock Safety", "city": "Edmond", "operator": "Edmond Police Department", "direction": "330", "mount": "pole", "zone": "traffic", "source": "https://www.openstreetmap.org/node/12499267638", "packet": {"city": "Edmond", "amount_usd": null, "retention": null, "status": "flocked", "has_contract_pdf": false}}}, {"type": "Feature", "id": "cam:osm:n12499335441", "geometry": {"type": "Point", "coordinates": [-97.4880716, 35.6208979]}, "properties": {"name": "Edmond Police Department", "vendor": "Flock Safety", "city": "Edmond", "operator": "Edmond Police Department", "direction": "5", "mount": "pole", "zone": "traffic", "source": "https://www.openstreetmap.org/node/12499335441", "packet": {"city": "Edmond", "amount_usd": null, "retention": null, "status": "flocked", "has_contract_pdf": false}}}, {"type": "Feature", "id": "cam:osm:n12500355152", "geometry": {"type": "Point", "coordinates": [-97.630481, 35.5509819]}, "properties": {"name": "Flock Safety", "vendor": "Flock Safety", "city": null, "operator": null, "direction": "160", "mount": "pole", "zone": "traffic", "source": "https://www.openstreetmap.org/node/12500355152", "packet": null}}, {"type": "Feature", "id": "cam:osm:n12511345487", "geometry": {"type": "Point", "coordinates": [-97.4966307, 35.6802145]}, "properties": {"name": "Edmond Police Department", "vendor": "Flock Safety", "city": "Edmond", "operator": "Edmond Police Department", "direction": "130", "mount": "pole", "zone": "traffic", "source": "https://www.openstreetmap.org/node/12511345487", "packet": {"city": "Edmond", "amount_usd": null, "retention": null, "status": "flocked", "has_contract_pdf": false}}}, {"type": "Feature", "id": "cam:osm:n12511391303", "geometry": {"type": "Point", "coordinates": [-97.4978894, 35.6802267]}, "properties": {"name": "Edmond Police Department", "vendor": "Flock Safety", "city": "Edmond", "operator": "Edmond Police Department", "direction": "135", "mount": "pole", "zone": "traffic", "source": "https://www.openstreetmap.org/node/12511391303", "packet": {"city": "Edmond", "amount_usd": null, "retention": null, "status": "flocked", "has_contract_pdf": false}}}, {"type": "Feature", "id": "cam:osm:n12511716857", "geometry": {"type": "Point", "coordinates": [-96.0045185, 36.0588608]}, "properties": {"name": "Tulsa Police Department", "vendor": "Flock Safety", "city": "Tulsa", "operator": "Tulsa Police Department", "direction": "175", "mount": null, "zone": "traffic", "source": "https://www.openstreetmap.org/node/12511716857", "packet": {"city": "Tulsa", "amount_usd": null, "retention": null, "status": "flocked", "has_contract_pdf": false}}}, {"type": "Feature", "id": "cam:osm:n12511716902", "geometry": {"type": "Point", "coordinates": [-95.8523246, 36.2639593]}, "properties": {"name": "Owasso Police", "vendor": "Flock Safety", "city": null, "operator": "Owasso Police", "direction": "60", "mount": null, "zone": "traffic", "source": "https://www.openstreetmap.org/node/12511716902", "packet": null}}, {"type": "Feature", "id": "cam:osm:n12511716903", "geometry": {"type": "Point", "coordinates": [-95.8590006, 36.2641456]}, "properties": {"name": "Owasso Police", "vendor": "Flock Safety", "city": null, "operator": "Owasso Police", "direction": "250", "mount": null, "zone": "traffic", "source": "https://www.openstreetmap.org/node/12511716903", "packet": null}}, {"type": "Feature", "id": "cam:osm:n12511733767", "geometry": {"type": "Point", "coordinates": [-96.0051819, 36.0589099]}, "properties": {"name": "Tulsa Police Department", "vendor": "Flock Safety", "city": "Tulsa", "operator": "Tulsa Police Department", "direction": "105", "mount": null, "zone": "traffic", "source": "https://www.openstreetmap.org/node/12511733767", "packet": {"city": "Tulsa", "amount_usd": null, "retention": null, "status": "flocked", "has_contract_pdf": false}}}, {"type": "Feature", "id": "cam:osm:n12511734560", "geometry": {"type": "Point", "coordinates": [-95.8590686, 36.263955]}, "properties": {"name": "Owasso Police", "vendor": "Flock Safety", "city": null, "operator": "Owasso Police", "direction": "60", "mount": null, "zone": "traffic", "source": "https://www.openstreetmap.org/node/12511734560", "packet": null}}, {"type": "Feature", "id": "cam:osm:n12511740058", "geometry": {"type": "Point", "coordinates": [-95.8483031, 36.3073793]}, "properties": {"name": "Owasso Police", "vendor": "Flock Safety", "city": null, "operator": "Owasso Police", "direction": "150", "mount": null, "zone": "traffic", "source": "https://www.openstreetmap.org/node/12511740058", "packet": null}}, {"type": "Feature", "id": "cam:osm:n12513253534", "geometry": {"type": "Point", "coordinates": [-95.9939518, 35.9469653]}, "properties": {"name": "Redbud HOA", "vendor": "Flock Safety", "city": null, "operator": "Redbud HOA", "direction": "240", "mount": null, "zone": "entrance", "source": "https://www.openstreetmap.org/node/12513253534", "packet": null}}, {"type": "Feature", "id": "cam:osm:n12513283403", "geometry": {"type": "Point", "coordinates": [-95.9940548, 35.9468385]}, "properties": {"name": "Redbud HOA", "vendor": "Flock Safety", "city": null, "operator": "Redbud HOA", "direction": "80", "mount": null, "zone": "traffic", "source": "https://www.openstreetmap.org/node/12513283403", "packet": null}}, {"type": "Feature", "id": "cam:osm:n12519649119", "geometry": {"type": "Point", "coordinates": [-95.9532136, 36.1139731]}, "properties": {"name": "Flock Safety", "vendor": "Flock Safety", "city": null, "operator": null, "direction": "240", "mount": "pole", "zone": "traffic", "source": "https://www.openstreetmap.org/node/12519649119", "packet": null}}, {"type": "Feature", "id": "cam:osm:n12519649120", "geometry": {"type": "Point", "coordinates": [-96.1172442, 36.1202051]}, "properties": {"name": "Flock Safety", "vendor": "Flock Safety", "city": null, "operator": null, "direction": "30", "mount": "pole", "zone": "traffic", "source": "https://www.openstreetmap.org/node/12519649120", "packet": null}}, {"type": "Feature", "id": "cam:osm:n12526995761", "geometry": {"type": "Point", "coordinates": [-96.2240322, 36.173597]}, "properties": {"name": "Flock Safety", "vendor": "Flock Safety", "city": null, "operator": null, "direction": "333", "mount": "pole", "zone": "traffic", "source": "https://www.openstreetmap.org/node/12526995761", "packet": null}}, {"type": "Feature", "id": "cam:osm:n12537438652", "geometry": {"type": "Point", "coordinates": [-96.0526536, 35.9448112]}, "properties": {"name": "Unknown", "vendor": "Rekor Systems", "city": null, "operator": "Unknown", "direction": "250", "mount": null, "zone": "traffic", "source": "https://www.openstreetmap.org/node/12537438652", "packet": null}}, {"type": "Feature", "id": "cam:osm:n12537503727", "geometry": {"type": "Point", "coordinates": [-95.99335, 35.9592606]}, "properties": {"name": "Glenpool police", "vendor": "Flock Safety", "city": "Glenpool", "operator": "Glenpool police", "direction": "250", "mount": null, "zone": "traffic", "source": "https://www.openstreetmap.org/node/12537503727", "packet": {"city": "Glenpool", "amount_usd": null, "retention": null, "status": "flocked", "has_contract_pdf": false}}}, {"type": "Feature", "id": "cam:osm:n12547435984", "geometry": {"type": "Point", "coordinates": [-98.4039818, 34.623418]}, "properties": {"name": "Flock Safety", "vendor": "Flock Safety", "city": null, "operator": null, "direction": "267", "mount": "traffic_signals", "zone": "traffic", "source": "https://www.openstreetmap.org/node/12547435984", "packet": null}}, {"type": "Feature", "id": "cam:osm:n12563535678", "geometry": {"type": "Point", "coordinates": [-98.422411, 34.6377736]}, "properties": {"name": "Flock Safety", "vendor": "Flock Safety", "city": null, "operator": null, "direction": "145", "mount": "pole", "zone": "traffic", "source": "https://www.openstreetmap.org/node/12563535678", "packet": null}}, {"type": "Feature", "id": "cam:osm:n12626226432", "geometry": {"type": "Point", "coordinates": [-97.4608109, 35.6498641]}, "properties": {"name": "Flock Safety", "vendor": "Flock Safety", "city": null, "operator": null, "direction": "300", "mount": "pole", "zone": "traffic", "source": "https://www.openstreetmap.org/node/12626226432", "packet": null}}, {"type": "Feature", "id": "cam:osm:n12626231816", "geometry": {"type": "Point", "coordinates": [-97.462903, 35.6510466]}, "properties": {"name": "Flock Safety", "vendor": "Flock Safety", "city": null, "operator": null, "direction": "60", "mount": "pole", "zone": "traffic", "source": "https://www.openstreetmap.org/node/12626231816", "packet": null}}, {"type": "Feature", "id": "cam:osm:n12626509199", "geometry": {"type": "Point", "coordinates": [-97.4629542, 35.6503673]}, "properties": {"name": "Flock Safety", "vendor": "Flock Safety", "city": null, "operator": null, "direction": "150", "mount": "pole", "zone": "traffic", "source": "https://www.openstreetmap.org/node/12626509199", "packet": null}}, {"type": "Feature", "id": "cam:osm:n12626535916", "geometry": {"type": "Point", "coordinates": [-97.4606457, 35.6507247]}, "properties": {"name": "Flock Safety", "vendor": "Flock Safety", "city": null, "operator": null, "direction": "295", "mount": "pole", "zone": "traffic", "source": "https://www.openstreetmap.org/node/12626535916", "packet": null}}, {"type": "Feature", "id": "cam:osm:n12631634493", "geometry": {"type": "Point", "coordinates": [-96.0653566, 36.078758]}, "properties": {"name": "Tulsa County Sheriff", "vendor": "Flock Safety", "city": "Tulsa", "operator": "Tulsa County Sheriff", "direction": "340", "mount": null, "zone": "traffic", "source": "https://www.openstreetmap.org/node/12631634493", "packet": {"city": "Tulsa", "amount_usd": null, "retention": null, "status": "flocked", "has_contract_pdf": false}}}, {"type": "Feature", "id": "cam:osm:n12631676569", "geometry": {"type": "Point", "coordinates": [-96.0802718, 36.0752426]}, "properties": {"name": "Creek County Sheriff", "vendor": "Flock Safety", "city": null, "operator": "Creek County Sheriff", "direction": "215", "mount": null, "zone": "traffic", "source": "https://www.openstreetmap.org/node/12631676569", "packet": null}}, {"type": "Feature", "id": "cam:osm:n12631684330", "geometry": {"type": "Point", "coordinates": [-96.0990086, 36.0118283]}, "properties": {"name": "Sapulpa Police", "vendor": "Flock Safety", "city": "Sapulpa", "operator": "Sapulpa Police", "direction": "140", "mount": null, "zone": "traffic", "source": "https://www.openstreetmap.org/node/12631684330", "packet": {"city": "Sapulpa", "amount_usd": null, "retention": null, "status": "alpr", "has_contract_pdf": false}}}, {"type": "Feature", "id": "cam:osm:n12637490797", "geometry": {"type": "Point", "coordinates": [-95.9223383, 36.1332029]}, "properties": {"name": "Flock Safety", "vendor": "Flock Safety", "city": null, "operator": "Flock Safety", "direction": "90", "mount": "pole", "zone": "traffic", "source": "https://www.openstreetmap.org/node/12637490797", "packet": null}}, {"type": "Feature", "id": "cam:osm:n12639923833", "geometry": {"type": "Point", "coordinates": [-95.8407032, 36.2931576]}, "properties": {"name": "Owasso Police", "vendor": "Rekor", "city": null, "operator": "Owasso Police", "direction": "235", "mount": null, "zone": "traffic", "source": "https://www.openstreetmap.org/node/12639923833", "packet": null}}, {"type": "Feature", "id": "cam:osm:n12641902721", "geometry": {"type": "Point", "coordinates": [-96.0130965, 36.131745]}, "properties": {"name": "Tulsa Police Department", "vendor": "Flock Safety", "city": "Tulsa", "operator": "Tulsa Police Department", "direction": "90", "mount": null, "zone": "traffic", "source": "https://www.openstreetmap.org/node/12641902721", "packet": {"city": "Tulsa", "amount_usd": null, "retention": null, "status": "flocked", "has_contract_pdf": false}}}, {"type": "Feature", "id": "cam:osm:n12642005041", "geometry": {"type": "Point", "coordinates": [-96.0627269, 36.1042869]}, "properties": {"name": "Tulsa Sheriff", "vendor": "Flock Safety", "city": "Tulsa", "operator": "Tulsa Sheriff", "direction": "345", "mount": null, "zone": "traffic", "source": "https://www.openstreetmap.org/node/12642005041", "packet": {"city": "Tulsa", "amount_usd": null, "retention": null, "status": "flocked", "has_contract_pdf": false}}}, {"type": "Feature", "id": "cam:osm:n12642178795", "geometry": {"type": "Point", "coordinates": [-96.1174315, 36.1203376]}, "properties": {"name": "Sand Springs Police", "vendor": "Flock Safety", "city": "Sand Springs", "operator": "Sand Springs Police", "direction": "215", "mount": null, "zone": "traffic", "source": "https://www.openstreetmap.org/node/12642178795", "packet": {"city": "Sand Springs", "amount_usd": null, "retention": null, "status": "flocked", "has_contract_pdf": false}}}, {"type": "Feature", "id": "cam:osm:n12644704398", "geometry": {"type": "Point", "coordinates": [-96.0019524, 36.0577736]}, "properties": {"name": "Tulsa Police Department", "vendor": "Flock Safety", "city": "Tulsa", "operator": "Tulsa Police Department", "direction": "145", "mount": null, "zone": "traffic", "source": "https://www.openstreetmap.org/node/12644704398", "packet": {"city": "Tulsa", "amount_usd": null, "retention": null, "status": "flocked", "has_contract_pdf": false}}}, {"type": "Feature", "id": "cam:osm:n12648565664", "geometry": {"type": "Point", "coordinates": [-97.4610159, 35.5077938]}, "properties": {"name": "OKC Police", "vendor": "Flock Safety", "city": null, "operator": "OKC Police", "direction": "250", "mount": null, "zone": "traffic", "source": "https://www.openstreetmap.org/node/12648565664", "packet": null}}, {"type": "Feature", "id": "cam:osm:n12648785493", "geometry": {"type": "Point", "coordinates": [-97.5138297, 35.730009]}, "properties": {"name": "Flock Safety", "vendor": "Flock Safety", "city": null, "operator": null, "direction": "50", "mount": "pole", "zone": "traffic", "source": "https://www.openstreetmap.org/node/12648785493", "packet": null}}, {"type": "Feature", "id": "cam:osm:n12649680168", "geometry": {"type": "Point", "coordinates": [-97.3634502, 35.6528114]}, "properties": {"name": "Flock Safety", "vendor": "Flock Safety", "city": null, "operator": null, "direction": "320", "mount": "pole", "zone": "traffic", "source": "https://www.openstreetmap.org/node/12649680168", "packet": null}}, {"type": "Feature", "id": "cam:osm:n12651678280", "geometry": {"type": "Point", "coordinates": [-97.4252133, 35.797944]}, "properties": {"name": "Guthrie Police", "vendor": "Flock Safety", "city": "Guthrie", "operator": "Guthrie Police", "direction": "150", "mount": null, "zone": "traffic", "source": "https://www.openstreetmap.org/node/12651678280", "packet": {"city": "Guthrie", "amount_usd": null, "retention": null, "status": "flocked", "has_contract_pdf": false}}}, {"type": "Feature", "id": "cam:osm:n12651711223", "geometry": {"type": "Point", "coordinates": [-97.4783698, 35.6524698]}, "properties": {"name": "Flock Safety", "vendor": "Flock Safety", "city": null, "operator": null, "direction": "150", "mount": "pole", "zone": "traffic", "source": "https://www.openstreetmap.org/node/12651711223", "packet": null}}, {"type": "Feature", "id": "cam:osm:n12657746225", "geometry": {"type": "Point", "coordinates": [-97.4784397, 35.7241113]}, "properties": {"name": "Flock Safety", "vendor": "Flock Safety", "city": null, "operator": null, "direction": "145", "mount": "pole", "zone": "traffic", "source": "https://www.openstreetmap.org/node/12657746225", "packet": null}}, {"type": "Feature", "id": "cam:osm:n12662017251", "geometry": {"type": "Point", "coordinates": [-97.9421631, 36.3903807]}, "properties": {"name": "Lowes", "vendor": "Flock Safety", "city": null, "operator": "Lowes", "direction": "145", "mount": null, "zone": "traffic", "source": "https://www.openstreetmap.org/node/12662017251", "packet": null}}, {"type": "Feature", "id": "cam:osm:n12662019428", "geometry": {"type": "Point", "coordinates": [-97.4287705, 35.652814]}, "properties": {"name": "Edmond Police Department", "vendor": "Flock Safety", "city": "Edmond", "operator": "Edmond Police Department", "direction": "250", "mount": null, "zone": "traffic", "source": "https://www.openstreetmap.org/node/12662019428", "packet": {"city": "Edmond", "amount_usd": null, "retention": null, "status": "flocked", "has_contract_pdf": false}}}, {"type": "Feature", "id": "cam:osm:n12662025137", "geometry": {"type": "Point", "coordinates": [-97.4230235, 35.6676321]}, "properties": {"name": "Edmond Police Department", "vendor": "Flock Safety", "city": "Edmond", "operator": "Edmond Police Department", "direction": "235", "mount": null, "zone": "traffic", "source": "https://www.openstreetmap.org/node/12662025137", "packet": {"city": "Edmond", "amount_usd": null, "retention": null, "status": "flocked", "has_contract_pdf": false}}}, {"type": "Feature", "id": "cam:osm:n12663337241", "geometry": {"type": "Point", "coordinates": [-97.2301453, 35.6528169]}, "properties": {"name": "OKC PD", "vendor": "Flock Safety", "city": null, "operator": "OKC PD", "direction": "155", "mount": "pole", "zone": "traffic", "source": "https://www.openstreetmap.org/node/12663337241", "packet": null}}, {"type": "Feature", "id": "cam:osm:n12663594492", "geometry": {"type": "Point", "coordinates": [-95.8480474, 36.3366908]}, "properties": {"name": "Collinsville Police", "vendor": "Flock Safety", "city": null, "operator": "Collinsville Police", "direction": "0", "mount": "pole", "zone": "traffic", "source": "https://www.openstreetmap.org/node/12663594492", "packet": null}}, {"type": "Feature", "id": "cam:osm:n12664839493", "geometry": {"type": "Point", "coordinates": [-96.1923441, 35.9821453]}, "properties": {"name": "Creek County Sheriff", "vendor": "Flock Safety", "city": null, "operator": "Creek County Sheriff", "direction": "340", "mount": null, "zone": "traffic", "source": "https://www.openstreetmap.org/node/12664839493", "packet": null}}, {"type": "Feature", "id": "cam:osm:n12669206462", "geometry": {"type": "Point", "coordinates": [-95.8893886, 36.0026849]}, "properties": {"name": "Lowes", "vendor": "Flock Safety", "city": null, "operator": "Lowes", "direction": "135", "mount": null, "zone": "entrance", "source": "https://www.openstreetmap.org/node/12669206462", "packet": null}}, {"type": "Feature", "id": "cam:osm:n12669248670", "geometry": {"type": "Point", "coordinates": [-95.8891504, 36.0006608]}, "properties": {"name": "Lowes", "vendor": "Flock Safety", "city": null, "operator": "Lowes", "direction": "345", "mount": null, "zone": "entrance", "source": "https://www.openstreetmap.org/node/12669248670", "packet": null}}, {"type": "Feature", "id": "cam:osm:n12669261271", "geometry": {"type": "Point", "coordinates": [-95.8878764, 36.0006687]}, "properties": {"name": "Lowes", "vendor": "Flock Safety", "city": null, "operator": "Lowes", "direction": "15", "mount": null, "zone": "entrance", "source": "https://www.openstreetmap.org/node/12669261271", "packet": null}}, {"type": "Feature", "id": "cam:osm:n12673214079", "geometry": {"type": "Point", "coordinates": [-97.2773052, 35.5657189]}, "properties": {"name": "Flock Safety", "vendor": "Flock Safety", "city": null, "operator": "Flock Safety", "direction": "240", "mount": "pole", "zone": "traffic", "source": "https://www.openstreetmap.org/node/12673214079", "packet": null}}, {"type": "Feature", "id": "cam:osm:n12673259049", "geometry": {"type": "Point", "coordinates": [-97.5148278, 35.565619]}, "properties": {"name": "Flock Safety", "vendor": "Flock Safety", "city": null, "operator": "Flock Safety", "direction": "260", "mount": null, "zone": "traffic", "source": "https://www.openstreetmap.org/node/12673259049", "packet": null}}, {"type": "Feature", "id": "cam:osm:n12673316839", "geometry": {"type": "Point", "coordinates": [-97.296197, 35.5656805]}, "properties": {"name": "Jones PC", "vendor": "Flock Safety", "city": null, "operator": "Jones PC", "direction": "70", "mount": "pole", "zone": "traffic", "source": "https://www.openstreetmap.org/node/12673316839", "packet": null}}, {"type": "Feature", "id": "cam:osm:n12674391792", "geometry": {"type": "Point", "coordinates": [-97.5145068, 35.5512719]}, "properties": {"name": "Flock Safety", "vendor": "Flock Safety", "city": null, "operator": null, "direction": "235", "mount": "pole", "zone": "traffic", "source": "https://www.openstreetmap.org/node/12674391792", "packet": null}}, {"type": "Feature", "id": "cam:osm:n12688428329", "geometry": {"type": "Point", "coordinates": [-95.3297633, 35.7695423]}, "properties": {"name": "Lowes", "vendor": "Flock Safety", "city": null, "operator": "Lowes", "direction": "155", "mount": null, "zone": "entrance", "source": "https://www.openstreetmap.org/node/12688428329", "packet": null}}, {"type": "Feature", "id": "cam:osm:n12688435813", "geometry": {"type": "Point", "coordinates": [-95.330649, 35.7694292]}, "properties": {"name": "Lowes", "vendor": "Flock Safety", "city": null, "operator": "Lowes", "direction": "200", "mount": null, "zone": "entrance", "source": "https://www.openstreetmap.org/node/12688435813", "packet": null}}, {"type": "Feature", "id": "cam:osm:n12689224091", "geometry": {"type": "Point", "coordinates": [-97.5091422, 35.5679123]}, "properties": {"name": "Flock Safety", "vendor": "Flock Safety", "city": null, "operator": null, "direction": "55", "mount": "pole", "zone": "traffic", "source": "https://www.openstreetmap.org/node/12689224091", "packet": null}}, {"type": "Feature", "id": "cam:osm:n12689688607", "geometry": {"type": "Point", "coordinates": [-97.5091002, 35.5676188]}, "properties": {"name": "Flock Safety", "vendor": "Flock Safety", "city": null, "operator": null, "direction": "235", "mount": "pole", "zone": "traffic", "source": "https://www.openstreetmap.org/node/12689688607", "packet": null}}, {"type": "Feature", "id": "cam:osm:n12699215527", "geometry": {"type": "Point", "coordinates": [-98.4194322, 35.8410931]}, "properties": {"name": "Flock Safety", "vendor": "Flock Safety", "city": null, "operator": null, "direction": "40;155", "mount": "pole", "zone": "traffic", "source": "https://www.openstreetmap.org/node/12699215527", "packet": null}}, {"type": "Feature", "id": "cam:osm:n12699223855", "geometry": {"type": "Point", "coordinates": [-98.4194992, 35.8413888]}, "properties": {"name": "Flock Safety", "vendor": "Flock Safety", "city": null, "operator": null, "direction": "235", "mount": "pole", "zone": "traffic", "source": "https://www.openstreetmap.org/node/12699223855", "packet": null}}, {"type": "Feature", "id": "cam:osm:n12700489927", "geometry": {"type": "Point", "coordinates": [-95.8482084, 36.3345329]}, "properties": {"name": "Owasso Police", "vendor": "Flock Safety", "city": null, "operator": "Owasso Police", "direction": "165", "mount": "pole", "zone": "traffic", "source": "https://www.openstreetmap.org/node/12700489927", "packet": null}}, {"type": "Feature", "id": "cam:osm:n12700501004", "geometry": {"type": "Point", "coordinates": [-95.8302854, 36.3656289]}, "properties": {"name": "Collinsville Police", "vendor": "Flock Safety", "city": null, "operator": "Collinsville Police", "direction": "250", "mount": "pole", "zone": "traffic", "source": "https://www.openstreetmap.org/node/12700501004", "packet": null}}, {"type": "Feature", "id": "cam:osm:n12703471400", "geometry": {"type": "Point", "coordinates": [-95.8302576, 36.364002]}, "properties": {"name": "Collinsville Police", "vendor": "Flock Safety", "city": null, "operator": "Collinsville Police", "direction": "160", "mount": "pole", "zone": "traffic", "source": "https://www.openstreetmap.org/node/12703471400", "packet": null}}, {"type": "Feature", "id": "cam:osm:n12704721448", "geometry": {"type": "Point", "coordinates": [-95.8371898, 36.2929153]}, "properties": {"name": "Owasso Police", "vendor": "Flock Safety", "city": null, "operator": "Owasso Police", "direction": "75", "mount": "pole", "zone": "traffic", "source": "https://www.openstreetmap.org/node/12704721448", "packet": null}}, {"type": "Feature", "id": "cam:osm:n12704856872", "geometry": {"type": "Point", "coordinates": [-95.8481791, 36.3640969]}, "properties": {"name": "Collinsville Police", "vendor": "Flock Safety", "city": null, "operator": "Collinsville Police", "direction": "160", "mount": "pole", "zone": "traffic", "source": "https://www.openstreetmap.org/node/12704856872", "packet": null}}, {"type": "Feature", "id": "cam:osm:n12704876604", "geometry": {"type": "Point", "coordinates": [-95.8392748, 36.3634128]}, "properties": {"name": "Collinsville Police", "vendor": "Flock Safety", "city": null, "operator": "Collinsville Police", "direction": "160", "mount": "pole", "zone": "traffic", "source": "https://www.openstreetmap.org/node/12704876604", "packet": null}}, {"type": "Feature", "id": "cam:osm:n12709271827", "geometry": {"type": "Point", "coordinates": [-96.3908177, 35.8405506]}, "properties": {"name": "Brisotw Police", "vendor": "Flock Safety", "city": null, "operator": "Brisotw Police", "direction": "35", "mount": null, "zone": "traffic", "source": "https://www.openstreetmap.org/node/12709271827", "packet": null}}, {"type": "Feature", "id": "cam:osm:n12709315091", "geometry": {"type": "Point", "coordinates": [-96.39049, 35.841264]}, "properties": {"name": "Bristow Police", "vendor": "Flock Safety", "city": "Bristow", "operator": "Bristow Police", "direction": "230", "mount": null, "zone": "traffic", "source": "https://www.openstreetmap.org/node/12709315091", "packet": {"city": "Bristow", "amount_usd": null, "retention": null, "status": "flocked", "has_contract_pdf": false}}}, {"type": "Feature", "id": "cam:osm:n12712321785", "geometry": {"type": "Point", "coordinates": [-95.7168713, 35.9590757]}, "properties": {"name": "Wagoner County Sheriff", "vendor": "Flock Safety", "city": "Wagoner", "operator": "Wagoner County Sheriff", "direction": "65", "mount": null, "zone": "traffic", "source": "https://www.openstreetmap.org/node/12712321785", "packet": {"city": "Wagoner", "amount_usd": null, "retention": null, "status": "flocked", "has_contract_pdf": false}}}, {"type": "Feature", "id": "cam:osm:n12713983728", "geometry": {"type": "Point", "coordinates": [-95.6764625, 36.0026533]}, "properties": {"name": "Wagoner Co. Sheriff", "vendor": "Flock Safety", "city": "Wagoner", "operator": "Wagoner Co. Sheriff", "direction": "55", "mount": null, "zone": "traffic", "source": "https://www.openstreetmap.org/node/12713983728", "packet": {"city": "Wagoner", "amount_usd": null, "retention": null, "status": "flocked", "has_contract_pdf": false}}}, {"type": "Feature", "id": "cam:osm:n12714048531", "geometry": {"type": "Point", "coordinates": [-95.3759572, 35.7706165]}, "properties": {"name": "Muskogee Police", "vendor": "Flock Safety", "city": "Muskogee", "operator": "Muskogee Police", "direction": "60", "mount": null, "zone": "traffic", "source": "https://www.openstreetmap.org/node/12714048531", "packet": {"city": "Muskogee", "amount_usd": null, "retention": null, "status": "flocked", "has_contract_pdf": false}}}, {"type": "Feature", "id": "cam:osm:n12714056268", "geometry": {"type": "Point", "coordinates": [-95.3650632, 35.7700977]}, "properties": {"name": "Muskogee Police", "vendor": "Flock Safety", "city": "Muskogee", "operator": "Muskogee Police", "direction": "260", "mount": null, "zone": "traffic", "source": "https://www.openstreetmap.org/node/12714056268", "packet": {"city": "Muskogee", "amount_usd": null, "retention": null, "status": "flocked", "has_contract_pdf": false}}}, {"type": "Feature", "id": "cam:osm:n12717185365", "geometry": {"type": "Point", "coordinates": [-95.8391771, 36.2935954]}, "properties": {"name": "Owasso Police", "vendor": "Flock Safety", "city": null, "operator": "Owasso Police", "direction": "350", "mount": "pole", "zone": "traffic", "source": "https://www.openstreetmap.org/node/12717185365", "packet": null}}, {"type": "Feature", "id": "cam:osm:n12724520531", "geometry": {"type": "Point", "coordinates": [-96.387183, 35.8246743]}, "properties": {"name": "Bristow Police", "vendor": "Flock Safety", "city": "Bristow", "operator": "Bristow Police", "direction": "325", "mount": null, "zone": "traffic", "source": "https://www.openstreetmap.org/node/12724520531", "packet": {"city": "Bristow", "amount_usd": null, "retention": null, "status": "flocked", "has_contract_pdf": false}}}, {"type": "Feature", "id": "cam:osm:n12726852743", "geometry": {"type": "Point", "coordinates": [-95.9582967, 36.1262767]}, "properties": {"name": "Flock Safety", "vendor": "Flock Safety", "city": null, "operator": null, "direction": "230", "mount": "pole", "zone": "traffic", "source": "https://www.openstreetmap.org/node/12726852743", "packet": null}}, {"type": "Feature", "id": "cam:osm:n12729872758", "geometry": {"type": "Point", "coordinates": [-95.9670523, 36.1250556]}, "properties": {"name": "Flock Safety", "vendor": "Flock Safety", "city": null, "operator": null, "direction": "135", "mount": "pole", "zone": "traffic", "source": "https://www.openstreetmap.org/node/12729872758", "packet": null}}, {"type": "Feature", "id": "cam:osm:n12729882413", "geometry": {"type": "Point", "coordinates": [-95.9583118, 36.1224486]}, "properties": {"name": "Flock Safety", "vendor": "Flock Safety", "city": null, "operator": null, "direction": "250", "mount": "pole", "zone": "traffic", "source": "https://www.openstreetmap.org/node/12729882413", "packet": null}}, {"type": "Feature", "id": "cam:osm:n12730058297", "geometry": {"type": "Point", "coordinates": [-97.5573196, 35.6084661]}, "properties": {"name": "Flock Safety", "vendor": "Flock Safety", "city": null, "operator": null, "direction": "220", "mount": "pole", "zone": "traffic", "source": "https://www.openstreetmap.org/node/12730058297", "packet": null}}, {"type": "Feature", "id": "cam:osm:n12730094187", "geometry": {"type": "Point", "coordinates": [-97.5552257, 35.6084518]}, "properties": {"name": "Flock Safety", "vendor": "Flock Safety", "city": null, "operator": null, "direction": "230", "mount": "pole", "zone": "traffic", "source": "https://www.openstreetmap.org/node/12730094187", "packet": null}}, {"type": "Feature", "id": "cam:osm:n12730135441", "geometry": {"type": "Point", "coordinates": [-97.5564212, 35.6084661]}, "properties": {"name": "Flock Safety", "vendor": "Flock Safety", "city": null, "operator": null, "direction": "135", "mount": "pole", "zone": "traffic", "source": "https://www.openstreetmap.org/node/12730135441", "packet": null}}, {"type": "Feature", "id": "cam:osm:n12730151491", "geometry": {"type": "Point", "coordinates": [-97.5580333, 35.6071902]}, "properties": {"name": "Flock Safety", "vendor": "Flock Safety", "city": null, "operator": null, "direction": "60", "mount": "pole", "zone": "traffic", "source": "https://www.openstreetmap.org/node/12730151491", "packet": null}}, {"type": "Feature", "id": "cam:osm:n12731722187", "geometry": {"type": "Point", "coordinates": [-95.9583553, 36.1251581]}, "properties": {"name": "Flock Safety", "vendor": "Flock Safety", "city": null, "operator": null, "direction": "240", "mount": "pole", "zone": "traffic", "source": "https://www.openstreetmap.org/node/12731722187", "packet": null}}, {"type": "Feature", "id": "cam:osm:n12731731469", "geometry": {"type": "Point", "coordinates": [-95.9583081, 36.1241273]}, "properties": {"name": "Flock Safety", "vendor": "Flock Safety", "city": null, "operator": null, "direction": "240", "mount": "pole", "zone": "traffic", "source": "https://www.openstreetmap.org/node/12731731469", "packet": null}}, {"type": "Feature", "id": "cam:osm:n12731736690", "geometry": {"type": "Point", "coordinates": [-95.9582904, 36.1214543]}, "properties": {"name": "Flock Safety", "vendor": "Flock Safety", "city": null, "operator": null, "direction": "240", "mount": "pole", "zone": "traffic", "source": "https://www.openstreetmap.org/node/12731736690", "packet": null}}, {"type": "Feature", "id": "cam:osm:n12731747202", "geometry": {"type": "Point", "coordinates": [-95.9584772, 36.1223225]}, "properties": {"name": "Flock Safety", "vendor": "Flock Safety", "city": null, "operator": null, "direction": "280", "mount": "pole", "zone": "traffic", "source": "https://www.openstreetmap.org/node/12731747202", "packet": null}}, {"type": "Feature", "id": "cam:osm:n12731747778", "geometry": {"type": "Point", "coordinates": [-95.9583068, 36.1200542]}, "properties": {"name": "Flock Safety", "vendor": "Flock Safety", "city": null, "operator": null, "direction": "240", "mount": "pole", "zone": "traffic", "source": "https://www.openstreetmap.org/node/12731747778", "packet": null}}, {"type": "Feature", "id": "cam:osm:n12731757428", "geometry": {"type": "Point", "coordinates": [-95.9674472, 36.1198059]}, "properties": {"name": "Flock Safety", "vendor": "Flock Safety", "city": null, "operator": null, "direction": "120", "mount": "pole", "zone": "traffic", "source": "https://www.openstreetmap.org/node/12731757428", "packet": null}}, {"type": "Feature", "id": "cam:osm:n12731757429", "geometry": {"type": "Point", "coordinates": [-95.9667185, 36.1216479]}, "properties": {"name": "Flock Safety", "vendor": "Flock Safety", "city": null, "operator": null, "direction": "90", "mount": "pole", "zone": "traffic", "source": "https://www.openstreetmap.org/node/12731757429", "packet": null}}, {"type": "Feature", "id": "cam:osm:n12731771610", "geometry": {"type": "Point", "coordinates": [-95.9671521, 36.1205847]}, "properties": {"name": "Flock Safety", "vendor": "Flock Safety", "city": null, "operator": null, "direction": "90", "mount": "pole", "zone": "traffic", "source": "https://www.openstreetmap.org/node/12731771610", "packet": null}}, {"type": "Feature", "id": "cam:osm:n12732059587", "geometry": {"type": "Point", "coordinates": [-97.6621191, 35.4064476]}, "properties": {"name": "OSM node 12732059587", "vendor": null, "city": null, "operator": null, "direction": "345", "mount": null, "zone": "traffic", "source": "https://www.openstreetmap.org/node/12732059587", "packet": null}}, {"type": "Feature", "id": "cam:osm:n12732084103", "geometry": {"type": "Point", "coordinates": [-97.6752914, 35.3917978]}, "properties": {"name": "OSM node 12732084103", "vendor": null, "city": null, "operator": null, "direction": "250", "mount": null, "zone": "traffic", "source": "https://www.openstreetmap.org/node/12732084103", "packet": null}}, {"type": "Feature", "id": "cam:osm:n12732142459", "geometry": {"type": "Point", "coordinates": [-97.7249047, 35.4667708]}, "properties": {"name": "Flock Safety", "vendor": "Flock Safety", "city": null, "operator": null, "direction": "160", "mount": "pole", "zone": "traffic", "source": "https://www.openstreetmap.org/node/12732142459", "packet": null}}, {"type": "Feature", "id": "cam:osm:n12732154704", "geometry": {"type": "Point", "coordinates": [-97.5345255, 35.5112616]}, "properties": {"name": "Flock Safety", "vendor": "Flock Safety", "city": null, "operator": null, "direction": "160", "mount": "pole", "zone": "traffic", "source": "https://www.openstreetmap.org/node/12732154704", "packet": null}}, {"type": "Feature", "id": "cam:osm:n12734724746", "geometry": {"type": "Point", "coordinates": [-95.8404973, 36.2933265]}, "properties": {"name": "Owasso Police", "vendor": "Flock Safety", "city": null, "operator": "Owasso Police", "direction": "350", "mount": "pole", "zone": "traffic", "source": "https://www.openstreetmap.org/node/12734724746", "packet": null}}, {"type": "Feature", "id": "cam:osm:n12735712547", "geometry": {"type": "Point", "coordinates": [-95.3405093, 35.7404038]}, "properties": {"name": "Muskogee Police", "vendor": "Flock Safety", "city": "Muskogee", "operator": "Muskogee Police", "direction": "160", "mount": null, "zone": "traffic", "source": "https://www.openstreetmap.org/node/12735712547", "packet": {"city": "Muskogee", "amount_usd": null, "retention": null, "status": "flocked", "has_contract_pdf": false}}}, {"type": "Feature", "id": "cam:osm:n12735800953", "geometry": {"type": "Point", "coordinates": [-95.3556065, 35.7518153]}, "properties": {"name": "Muskogee Police", "vendor": "Flock Safety", "city": "Muskogee", "operator": "Muskogee Police", "direction": "355", "mount": null, "zone": "traffic", "source": "https://www.openstreetmap.org/node/12735800953", "packet": {"city": "Muskogee", "amount_usd": null, "retention": null, "status": "flocked", "has_contract_pdf": false}}}, {"type": "Feature", "id": "cam:osm:n12737005666", "geometry": {"type": "Point", "coordinates": [-97.6186498, 35.4607217]}, "properties": {"name": "Flock Safety", "vendor": "Flock Safety", "city": null, "operator": null, "direction": "340", "mount": "pole", "zone": "traffic", "source": "https://www.openstreetmap.org/node/12737005666", "packet": null}}, {"type": "Feature", "id": "cam:osm:n12737047186", "geometry": {"type": "Point", "coordinates": [-97.7089034, 35.3773094]}, "properties": {"name": "Flock Safety", "vendor": "Flock Safety", "city": null, "operator": null, "direction": "255", "mount": "pole", "zone": "traffic", "source": "https://www.openstreetmap.org/node/12737047186", "packet": null}}, {"type": "Feature", "id": "cam:osm:n12737421257", "geometry": {"type": "Point", "coordinates": [-97.4932665, 35.406151]}, "properties": {"name": "Flock Safety", "vendor": "Flock Safety", "city": null, "operator": null, "direction": "70", "mount": "pole", "zone": "traffic", "source": "https://www.openstreetmap.org/node/12737421257", "packet": null}}, {"type": "Feature", "id": "cam:osm:n12737509633", "geometry": {"type": "Point", "coordinates": [-97.4946169, 35.3333206]}, "properties": {"name": "Flock Safety", "vendor": "Flock Safety", "city": null, "operator": null, "direction": "170", "mount": "pole", "zone": "traffic", "source": "https://www.openstreetmap.org/node/12737509633", "packet": null}}, {"type": "Feature", "id": "cam:osm:n12737513501", "geometry": {"type": "Point", "coordinates": [-97.4873803, 35.4206892]}, "properties": {"name": "Flock Safety", "vendor": "Flock Safety", "city": null, "operator": null, "direction": "80", "mount": "pole", "zone": "traffic", "source": "https://www.openstreetmap.org/node/12737513501", "packet": null}}, {"type": "Feature", "id": "cam:osm:n12737521052", "geometry": {"type": "Point", "coordinates": [-97.4876596, 35.3199326]}, "properties": {"name": "Flock Safety", "vendor": "Flock Safety", "city": null, "operator": null, "direction": "75", "mount": "pole", "zone": "traffic", "source": "https://www.openstreetmap.org/node/12737521052", "packet": null}}, {"type": "Feature", "id": "cam:osm:n12737546934", "geometry": {"type": "Point", "coordinates": [-97.4916161, 35.3208084]}, "properties": {"name": "Flock Safety", "vendor": "Flock Safety", "city": null, "operator": null, "direction": "180", "mount": "pole", "zone": "traffic", "source": "https://www.openstreetmap.org/node/12737546934", "packet": null}}, {"type": "Feature", "id": "cam:osm:n12737567613", "geometry": {"type": "Point", "coordinates": [-97.5299523, 35.3919131]}, "properties": {"name": "Flock Safety", "vendor": "Flock Safety", "city": null, "operator": null, "direction": "350", "mount": "pole", "zone": "traffic", "source": "https://www.openstreetmap.org/node/12737567613", "packet": null}}, {"type": "Feature", "id": "cam:osm:n12737602296", "geometry": {"type": "Point", "coordinates": [-97.5479905, 35.3909189]}, "properties": {"name": "Flock Safety", "vendor": "Flock Safety", "city": null, "operator": null, "direction": "180", "mount": "pole", "zone": "traffic", "source": "https://www.openstreetmap.org/node/12737602296", "packet": null}}, {"type": "Feature", "id": "cam:osm:n12737829612", "geometry": {"type": "Point", "coordinates": [-97.724791, 35.4055585]}, "properties": {"name": "Flock Safety", "vendor": "Flock Safety", "city": null, "operator": null, "direction": "165", "mount": "pole", "zone": "traffic", "source": "https://www.openstreetmap.org/node/12737829612", "packet": null}}, {"type": "Feature", "id": "cam:osm:n12739301697", "geometry": {"type": "Point", "coordinates": [-97.6887465, 35.4624344]}, "properties": {"name": "Flock Safety", "vendor": "Flock Safety", "city": null, "operator": null, "direction": "120", "mount": "pole", "zone": "traffic", "source": "https://www.openstreetmap.org/node/12739301697", "packet": null}}, {"type": "Feature", "id": "cam:osm:n12739323059", "geometry": {"type": "Point", "coordinates": [-97.6887545, 35.4624517]}, "properties": {"name": "Flock Safety", "vendor": "Flock Safety", "city": null, "operator": null, "direction": "75", "mount": "pole", "zone": "traffic", "source": "https://www.openstreetmap.org/node/12739323059", "packet": null}}, {"type": "Feature", "id": "cam:osm:n12739451885", "geometry": {"type": "Point", "coordinates": [-95.8418699, 36.2938442]}, "properties": {"name": "Owasso Police", "vendor": "Flock Safety", "city": null, "operator": "Owasso Police", "direction": "110", "mount": "pole", "zone": "traffic", "source": "https://www.openstreetmap.org/node/12739451885", "packet": null}}, {"type": "Feature", "id": "cam:osm:n12739631945", "geometry": {"type": "Point", "coordinates": [-97.6911323, 35.4572181]}, "properties": {"name": "Flock Safety", "vendor": "Flock Safety", "city": null, "operator": null, "direction": "350", "mount": "pole", "zone": "traffic", "source": "https://www.openstreetmap.org/node/12739631945", "packet": null}}, {"type": "Feature", "id": "cam:osm:n12740069756", "geometry": {"type": "Point", "coordinates": [-97.6893885, 35.4592277]}, "properties": {"name": "Flock Safety", "vendor": "Flock Safety", "city": null, "operator": null, "direction": "170", "mount": "pole", "zone": "traffic", "source": "https://www.openstreetmap.org/node/12740069756", "packet": null}}, {"type": "Feature", "id": "cam:osm:n12740077952", "geometry": {"type": "Point", "coordinates": [-97.4889323, 35.4209823]}, "properties": {"name": "Flock Safety", "vendor": "Flock Safety", "city": null, "operator": null, "direction": "250", "mount": "pole", "zone": "traffic", "source": "https://www.openstreetmap.org/node/12740077952", "packet": null}}, {"type": "Feature", "id": "cam:osm:n12740633252", "geometry": {"type": "Point", "coordinates": [-95.1730401, 36.1945241]}, "properties": {"name": "Locust Grove Police", "vendor": "Flock Safety", "city": "Locust Grove", "operator": "Locust Grove Police", "direction": "355", "mount": null, "zone": "traffic", "source": "https://www.openstreetmap.org/node/12740633252", "packet": {"city": "Locust Grove", "amount_usd": null, "retention": null, "status": "flocked", "has_contract_pdf": false}}}, {"type": "Feature", "id": "cam:osm:n12740665510", "geometry": {"type": "Point", "coordinates": [-95.1729315, 36.1908357]}, "properties": {"name": "Locust Grove Police", "vendor": "Flock Safety", "city": "Locust Grove", "operator": "Locust Grove Police", "direction": "65", "mount": null, "zone": "traffic", "source": "https://www.openstreetmap.org/node/12740665510", "packet": {"city": "Locust Grove", "amount_usd": null, "retention": null, "status": "flocked", "has_contract_pdf": false}}}, {"type": "Feature", "id": "cam:osm:n12741922124", "geometry": {"type": "Point", "coordinates": [-97.5123343, 35.3924348]}, "properties": {"name": "Flock Safety", "vendor": "Flock Safety", "city": null, "operator": null, "direction": "345", "mount": "pole", "zone": "traffic", "source": "https://www.openstreetmap.org/node/12741922124", "packet": null}}, {"type": "Feature", "id": "cam:osm:n12743117268", "geometry": {"type": "Point", "coordinates": [-97.5067127, 35.3924678]}, "properties": {"name": "Flock Safety", "vendor": "Flock Safety", "city": null, "operator": null, "direction": "335", "mount": "pole", "zone": "traffic", "source": "https://www.openstreetmap.org/node/12743117268", "packet": null}}, {"type": "Feature", "id": "cam:osm:n12743380072", "geometry": {"type": "Point", "coordinates": [-97.6012532, 35.4577855]}, "properties": {"name": "Flock Safety", "vendor": "Flock Safety", "city": null, "operator": null, "direction": "175", "mount": "pole", "zone": "traffic", "source": "https://www.openstreetmap.org/node/12743380072", "packet": null}}, {"type": "Feature", "id": "cam:osm:n12744972073", "geometry": {"type": "Point", "coordinates": [-95.9609272, 36.1189919]}, "properties": {"name": "Flock Safety", "vendor": "Flock Safety", "city": null, "operator": null, "direction": "350", "mount": "pole", "zone": "traffic", "source": "https://www.openstreetmap.org/node/12744972073", "packet": null}}, {"type": "Feature", "id": "cam:osm:n12744978319", "geometry": {"type": "Point", "coordinates": [-95.9625887, 36.126596]}, "properties": {"name": "Flock Safety", "vendor": "Flock Safety", "city": null, "operator": null, "direction": "190", "mount": "pole", "zone": "traffic", "source": "https://www.openstreetmap.org/node/12744978319", "packet": null}}, {"type": "Feature", "id": "cam:osm:n12745003723", "geometry": {"type": "Point", "coordinates": [-95.9634992, 36.1189476]}, "properties": {"name": "Flock Safety", "vendor": "Flock Safety", "city": null, "operator": null, "direction": "20", "mount": "pole", "zone": "traffic", "source": "https://www.openstreetmap.org/node/12745003723", "packet": null}}, {"type": "Feature", "id": "cam:osm:n12745863600", "geometry": {"type": "Point", "coordinates": [-95.8489449, 36.1481775]}, "properties": {"name": "Tulsa Police Department", "vendor": "Flock Safety", "city": "Tulsa", "operator": "Tulsa Police Department", "direction": "260", "mount": "pole", "zone": "traffic", "source": "https://www.openstreetmap.org/node/12745863600", "packet": {"city": "Tulsa", "amount_usd": null, "retention": null, "status": "flocked", "has_contract_pdf": false}}}, {"type": "Feature", "id": "cam:osm:n12745870334", "geometry": {"type": "Point", "coordinates": [-95.9220493, 36.090114]}, "properties": {"name": "Flock Safety", "vendor": "Flock Safety", "city": null, "operator": null, "direction": null, "mount": "pole", "zone": "traffic", "source": "https://www.openstreetmap.org/node/12745870334", "packet": null}}, {"type": "Feature", "id": "cam:osm:n12745927689", "geometry": {"type": "Point", "coordinates": [-97.5706878, 35.4352572]}, "properties": {"name": "Flock Safety", "vendor": "Flock Safety", "city": null, "operator": null, "direction": "245", "mount": "pole", "zone": "traffic", "source": "https://www.openstreetmap.org/node/12745927689", "packet": null}}, {"type": "Feature", "id": "cam:osm:n12745931318", "geometry": {"type": "Point", "coordinates": [-95.9925665, 36.1612623]}, "properties": {"name": "Flock Safety", "vendor": "Flock Safety", "city": null, "operator": null, "direction": "135", "mount": "pole", "zone": "traffic", "source": "https://www.openstreetmap.org/node/12745931318", "packet": null}}, {"type": "Feature", "id": "cam:osm:n12748821478", "geometry": {"type": "Point", "coordinates": [-95.9580617, 36.1612625]}, "properties": {"name": "Tulsa Police Department", "vendor": "Flock Safety", "city": "Tulsa", "operator": "Tulsa Police Department", "direction": "335", "mount": null, "zone": "traffic", "source": "https://www.openstreetmap.org/node/12748821478", "packet": {"city": "Tulsa", "amount_usd": null, "retention": null, "status": "flocked", "has_contract_pdf": false}}}, {"type": "Feature", "id": "cam:osm:n12748857253", "geometry": {"type": "Point", "coordinates": [-95.992384, 36.2204197]}, "properties": {"name": "Tulsa Police Department", "vendor": "Flock Safety", "city": "Tulsa", "operator": "Tulsa Police Department", "direction": "60", "mount": null, "zone": "traffic", "source": "https://www.openstreetmap.org/node/12748857253", "packet": {"city": "Tulsa", "amount_usd": null, "retention": null, "status": "flocked", "has_contract_pdf": false}}}, {"type": "Feature", "id": "cam:osm:n12748925703", "geometry": {"type": "Point", "coordinates": [-95.9934134, 36.2061089]}, "properties": {"name": "Tulsa Police Department", "vendor": "Flock Safety", "city": "Tulsa", "operator": "Tulsa Police Department", "direction": "345", "mount": null, "zone": "traffic", "source": "https://www.openstreetmap.org/node/12748925703", "packet": {"city": "Tulsa", "amount_usd": null, "retention": null, "status": "flocked", "has_contract_pdf": false}}}, {"type": "Feature", "id": "cam:osm:n12748931504", "geometry": {"type": "Point", "coordinates": [-95.9933575, 36.2058434]}, "properties": {"name": "Tulsa Police Department", "vendor": "Flock Safety", "city": "Tulsa", "operator": "Tulsa Police Department", "direction": "55", "mount": null, "zone": "traffic", "source": "https://www.openstreetmap.org/node/12748931504", "packet": {"city": "Tulsa", "amount_usd": null, "retention": null, "status": "flocked", "has_contract_pdf": false}}}, {"type": "Feature", "id": "cam:osm:n12748942043", "geometry": {"type": "Point", "coordinates": [-95.9590031, 36.2496161]}, "properties": {"name": "Tulsa Police Department", "vendor": "Flock Safety", "city": "Tulsa", "operator": "Tulsa Police Department", "direction": "250", "mount": null, "zone": "traffic", "source": "https://www.openstreetmap.org/node/12748942043", "packet": {"city": "Tulsa", "amount_usd": null, "retention": null, "status": "flocked", "has_contract_pdf": false}}}, {"type": "Feature", "id": "cam:osm:n12748942060", "geometry": {"type": "Point", "coordinates": [-95.9404709, 36.1608838]}, "properties": {"name": "Tulsa Police Department", "vendor": "Flock Safety", "city": "Tulsa", "operator": "Tulsa Police Department", "direction": "245", "mount": null, "zone": "traffic", "source": "https://www.openstreetmap.org/node/12748942060", "packet": {"city": "Tulsa", "amount_usd": null, "retention": null, "status": "flocked", "has_contract_pdf": false}}}, {"type": "Feature", "id": "cam:osm:n12748955775", "geometry": {"type": "Point", "coordinates": [-95.9582961, 36.2353451]}, "properties": {"name": "Tulsa Police Department", "vendor": "Flock Safety", "city": "Tulsa", "operator": "Tulsa Police Department", "direction": "345", "mount": null, "zone": "traffic", "source": "https://www.openstreetmap.org/node/12748955775", "packet": {"city": "Tulsa", "amount_usd": null, "retention": null, "status": "flocked", "has_contract_pdf": false}}}, {"type": "Feature", "id": "cam:osm:n12748963466", "geometry": {"type": "Point", "coordinates": [-95.9583378, 36.1769461]}, "properties": {"name": "Tulsa Police Department", "vendor": "Flock Safety", "city": "Tulsa", "operator": "Tulsa Police Department", "direction": "165", "mount": null, "zone": "traffic", "source": "https://www.openstreetmap.org/node/12748963466", "packet": {"city": "Tulsa", "amount_usd": null, "retention": null, "status": "flocked", "has_contract_pdf": false}}}, {"type": "Feature", "id": "cam:osm:n12748966343", "geometry": {"type": "Point", "coordinates": [-95.9400915, 36.1915044]}, "properties": {"name": "Tulsa Police Department", "vendor": "Flock Safety", "city": "Tulsa", "operator": "Tulsa Police Department", "direction": "65", "mount": null, "zone": "traffic", "source": "https://www.openstreetmap.org/node/12748966343", "packet": {"city": "Tulsa", "amount_usd": null, "retention": null, "status": "flocked", "has_contract_pdf": false}}}, {"type": "Feature", "id": "cam:osm:n12749024615", "geometry": {"type": "Point", "coordinates": [-95.9223502, 36.1609783]}, "properties": {"name": "Tulsa Police Department", "vendor": "Flock Safety", "city": "Tulsa", "operator": "Tulsa Police Department", "direction": "345", "mount": null, "zone": "traffic", "source": "https://www.openstreetmap.org/node/12749024615", "packet": {"city": "Tulsa", "amount_usd": null, "retention": null, "status": "flocked", "has_contract_pdf": false}}}, {"type": "Feature", "id": "cam:osm:n12749031707", "geometry": {"type": "Point", "coordinates": [-95.9047056, 36.1187077]}, "properties": {"name": "Tulsa Police Department", "vendor": "Flock Safety", "city": "Tulsa", "operator": "Tulsa Police Department", "direction": "155", "mount": null, "zone": "traffic", "source": "https://www.openstreetmap.org/node/12749031707", "packet": {"city": "Tulsa", "amount_usd": null, "retention": null, "status": "flocked", "has_contract_pdf": false}}}, {"type": "Feature", "id": "cam:osm:n12749077226", "geometry": {"type": "Point", "coordinates": [-95.88692, 36.177174]}, "properties": {"name": "Tulsa Police Department", "vendor": "Flock Safety", "city": "Tulsa", "operator": "Tulsa Police Department", "direction": "255", "mount": null, "zone": "traffic", "source": "https://www.openstreetmap.org/node/12749077226", "packet": {"city": "Tulsa", "amount_usd": null, "retention": null, "status": "flocked", "has_contract_pdf": false}}}, {"type": "Feature", "id": "cam:osm:n12749366319", "geometry": {"type": "Point", "coordinates": [-95.9935614, 36.2481822]}, "properties": {"name": "Tulsa Police Department", "vendor": "Flock Safety", "city": "Tulsa", "operator": "Tulsa Police Department", "direction": "155;23", "mount": null, "zone": "traffic", "source": "https://www.openstreetmap.org/node/12749366319", "packet": {"city": "Tulsa", "amount_usd": null, "retention": null, "status": "flocked", "has_contract_pdf": false}}}, {"type": "Feature", "id": "cam:osm:n12750226061", "geometry": {"type": "Point", "coordinates": [-97.7245257, 35.4794576]}, "properties": {"name": "OSM node 12750226061", "vendor": null, "city": null, "operator": null, "direction": "340", "mount": null, "zone": "traffic", "source": "https://www.openstreetmap.org/node/12750226061", "packet": null}}, {"type": "Feature", "id": "cam:osm:n12750375243", "geometry": {"type": "Point", "coordinates": [-96.0196899, 36.1768248]}, "properties": {"name": "Tulsa Police Department", "vendor": "Flock Safety", "city": "Tulsa", "operator": "Tulsa Police Department", "direction": "345", "mount": null, "zone": "traffic", "source": "https://www.openstreetmap.org/node/12750375243", "packet": {"city": "Tulsa", "amount_usd": null, "retention": null, "status": "flocked", "has_contract_pdf": false}}}, {"type": "Feature", "id": "cam:osm:n12751672463", "geometry": {"type": "Point", "coordinates": [-95.9639383, 36.0439262]}, "properties": {"name": "Leonardo Elsag Street Sentry", "vendor": "Leonardo", "city": null, "operator": "Casino Security", "direction": "215", "mount": null, "zone": "entrance", "source": "https://www.openstreetmap.org/node/12751672463", "packet": null}}, {"type": "Feature", "id": "cam:osm:n12751678304", "geometry": {"type": "Point", "coordinates": [-95.9869228, 36.1252867]}, "properties": {"name": "Tulsa Police Department", "vendor": "Flock Safety", "city": "Tulsa", "operator": "Tulsa Police Department", "direction": "262", "mount": null, "zone": "traffic", "source": "https://www.openstreetmap.org/node/12751678304", "packet": {"city": "Tulsa", "amount_usd": null, "retention": null, "status": "flocked", "has_contract_pdf": false}}}, {"type": "Feature", "id": "cam:osm:n12751717999", "geometry": {"type": "Point", "coordinates": [-95.959336, 36.0384574]}, "properties": {"name": "River Spirit Casino Security", "vendor": "Rekor", "city": null, "operator": "River Spirit Casino Security", "direction": "225", "mount": null, "zone": "traffic", "source": "https://www.openstreetmap.org/node/12751717999", "packet": null}}, {"type": "Feature", "id": "cam:osm:n12752588933", "geometry": {"type": "Point", "coordinates": [-95.958306, 36.1476712]}, "properties": {"name": "Tulsa Police Department", "vendor": "Flock Safety", "city": "Tulsa", "operator": "Tulsa Police Department", "direction": "160", "mount": null, "zone": "traffic", "source": "https://www.openstreetmap.org/node/12752588933", "packet": {"city": "Tulsa", "amount_usd": null, "retention": null, "status": "flocked", "has_contract_pdf": false}}}, {"type": "Feature", "id": "cam:osm:n12753383692", "geometry": {"type": "Point", "coordinates": [-95.8235466, 36.1335641]}, "properties": {"name": "Tulsa Police Department", "vendor": "Flock Safety", "city": "Tulsa", "operator": "Tulsa Police Department", "direction": "260", "mount": null, "zone": "traffic", "source": "https://www.openstreetmap.org/node/12753383692", "packet": {"city": "Tulsa", "amount_usd": null, "retention": null, "status": "flocked", "has_contract_pdf": false}}}, {"type": "Feature", "id": "cam:osm:n12753383973", "geometry": {"type": "Point", "coordinates": [-95.8510004, 36.1252497]}, "properties": {"name": "Tulsa Police Department", "vendor": "Flock Safety", "city": "Tulsa", "operator": "Tulsa Police Department", "direction": "335", "mount": null, "zone": "traffic", "source": "https://www.openstreetmap.org/node/12753383973", "packet": {"city": "Tulsa", "amount_usd": null, "retention": null, "status": "flocked", "has_contract_pdf": false}}}, {"type": "Feature", "id": "cam:osm:n12753393998", "geometry": {"type": "Point", "coordinates": [-95.8507468, 36.0560276]}, "properties": {"name": "Bretton Woods HOA", "vendor": "Flock Safety", "city": null, "operator": "Bretton Woods HOA", "direction": "70", "mount": null, "zone": "traffic", "source": "https://www.openstreetmap.org/node/12753393998", "packet": null}}, {"type": "Feature", "id": "cam:osm:n12753403755", "geometry": {"type": "Point", "coordinates": [-95.8859887, 36.0465554]}, "properties": {"name": "Tulsa Police Department", "vendor": "Flock Safety", "city": "Tulsa", "operator": "Tulsa Police Department", "direction": "345", "mount": null, "zone": "traffic", "source": "https://www.openstreetmap.org/node/12753403755", "packet": {"city": "Tulsa", "amount_usd": null, "retention": null, "status": "flocked", "has_contract_pdf": false}}}, {"type": "Feature", "id": "cam:osm:n12753407573", "geometry": {"type": "Point", "coordinates": [-95.8512068, 36.0610506]}, "properties": {"name": "Tulsa Police Department", "vendor": "Flock Safety", "city": "Tulsa", "operator": "Tulsa Police Department", "direction": "255", "mount": null, "zone": "traffic", "source": "https://www.openstreetmap.org/node/12753407573", "packet": {"city": "Tulsa", "amount_usd": null, "retention": null, "status": "flocked", "has_contract_pdf": false}}}, {"type": "Feature", "id": "cam:osm:n12753415795", "geometry": {"type": "Point", "coordinates": [-95.8508721, 36.0734392]}, "properties": {"name": "Tulsa Police Department", "vendor": "Flock Safety", "city": "Tulsa", "operator": "Tulsa Police Department", "direction": "335", "mount": null, "zone": "traffic", "source": "https://www.openstreetmap.org/node/12753415795", "packet": {"city": "Tulsa", "amount_usd": null, "retention": null, "status": "flocked", "has_contract_pdf": false}}}, {"type": "Feature", "id": "cam:osm:n12753418021", "geometry": {"type": "Point", "coordinates": [-95.8862547, 36.0680179]}, "properties": {"name": "Tulsa Police Department", "vendor": "Flock Safety", "city": "Tulsa", "operator": "Tulsa Police Department", "direction": "345", "mount": null, "zone": "traffic", "source": "https://www.openstreetmap.org/node/12753418021", "packet": {"city": "Tulsa", "amount_usd": null, "retention": null, "status": "flocked", "has_contract_pdf": false}}}, {"type": "Feature", "id": "cam:osm:n12753428901", "geometry": {"type": "Point", "coordinates": [-95.8505783, 36.0561859]}, "properties": {"name": "Bretton Woods HOA", "vendor": "Flock Safety", "city": null, "operator": "Bretton Woods HOA", "direction": "255", "mount": null, "zone": "traffic", "source": "https://www.openstreetmap.org/node/12753428901", "packet": null}}, {"type": "Feature", "id": "cam:osm:n12753446163", "geometry": {"type": "Point", "coordinates": [-95.8687243, 36.0751886]}, "properties": {"name": "Tulsa Police Department", "vendor": "Flock Safety", "city": "Tulsa", "operator": "Tulsa Police Department", "direction": "140", "mount": null, "zone": "traffic", "source": "https://www.openstreetmap.org/node/12753446163", "packet": {"city": "Tulsa", "amount_usd": null, "retention": null, "status": "flocked", "has_contract_pdf": false}}}, {"type": "Feature", "id": "cam:osm:n12753461701", "geometry": {"type": "Point", "coordinates": [-95.885895, 36.063396]}, "properties": {"name": "Tulsa Police Department", "vendor": "Flock Safety", "city": "Tulsa", "operator": "Tulsa Police Department", "direction": "120", "mount": null, "zone": "traffic", "source": "https://www.openstreetmap.org/node/12753461701", "packet": {"city": "Tulsa", "amount_usd": null, "retention": null, "status": "flocked", "has_contract_pdf": false}}}, {"type": "Feature", "id": "cam:osm:n12753466530", "geometry": {"type": "Point", "coordinates": [-95.8862909, 36.0898375]}, "properties": {"name": "Tulsa Police Department", "vendor": "Flock Safety", "city": "Tulsa", "operator": "Tulsa Police Department", "direction": "65", "mount": null, "zone": "traffic", "source": "https://www.openstreetmap.org/node/12753466530", "packet": {"city": "Tulsa", "amount_usd": null, "retention": null, "status": "flocked", "has_contract_pdf": false}}}, {"type": "Feature", "id": "cam:osm:n12754474066", "geometry": {"type": "Point", "coordinates": [-95.9044866, 36.0527727]}, "properties": {"name": "Marshall HOA", "vendor": "Flock Safety", "city": null, "operator": "Marshall HOA", "direction": "315", "mount": null, "zone": "entrance", "source": "https://www.openstreetmap.org/node/12754474066", "packet": null}}, {"type": "Feature", "id": "cam:osm:n12754483465", "geometry": {"type": "Point", "coordinates": [-95.9044636, 36.0560057]}, "properties": {"name": "Marshall Park HOA", "vendor": "Flock Safety", "city": null, "operator": "Marshall Park HOA", "direction": "245", "mount": null, "zone": "entrance", "source": "https://www.openstreetmap.org/node/12754483465", "packet": null}}, {"type": "Feature", "id": "cam:osm:n12754483663", "geometry": {"type": "Point", "coordinates": [-95.9089053, 36.0557943]}, "properties": {"name": "Marshall Park HOA", "vendor": "Flock Safety", "city": null, "operator": "Marshall Park HOA", "direction": "355", "mount": null, "zone": "street", "source": "https://www.openstreetmap.org/node/12754483663", "packet": null}}, {"type": "Feature", "id": "cam:osm:n12755469253", "geometry": {"type": "Point", "coordinates": [-95.9144895, 36.0499975]}, "properties": {"name": "Holland Pointe HOA", "vendor": "Flock Safety", "city": null, "operator": "Holland Pointe HOA", "direction": "140", "mount": null, "zone": "traffic", "source": "https://www.openstreetmap.org/node/12755469253", "packet": null}}, {"type": "Feature", "id": "cam:osm:n12755505948", "geometry": {"type": "Point", "coordinates": [-95.9124224, 36.0465164]}, "properties": {"name": "Holland Pointe HOA", "vendor": "Flock Safety", "city": null, "operator": "Holland Pointe HOA", "direction": "350", "mount": null, "zone": "entrance", "source": "https://www.openstreetmap.org/node/12755505948", "packet": null}}, {"type": "Feature", "id": "cam:osm:n12755509894", "geometry": {"type": "Point", "coordinates": [-95.9114513, 36.0495885]}, "properties": {"name": "Holland Pointe HOA", "vendor": "Flock Safety", "city": null, "operator": "Holland Pointe HOA", "direction": "235", "mount": null, "zone": "entrance", "source": "https://www.openstreetmap.org/node/12755509894", "packet": null}}, {"type": "Feature", "id": "cam:osm:n12757817705", "geometry": {"type": "Point", "coordinates": [-95.904256, 35.98819]}, "properties": {"name": "Bixby Police", "vendor": "Flock Safety", "city": null, "operator": "Bixby Police", "direction": "65", "mount": null, "zone": "traffic", "source": "https://www.openstreetmap.org/node/12757817705", "packet": null}}, {"type": "Feature", "id": "cam:osm:n12758712361", "geometry": {"type": "Point", "coordinates": [-96.0650148, 36.1511694]}, "properties": {"name": "Tulsa Sheriff", "vendor": "Flock Safety", "city": "Tulsa", "operator": "Tulsa Sheriff", "direction": "335", "mount": null, "zone": "traffic", "source": "https://www.openstreetmap.org/node/12758712361", "packet": {"city": "Tulsa", "amount_usd": null, "retention": null, "status": "flocked", "has_contract_pdf": false}}}, {"type": "Feature", "id": "cam:osm:n12758892708", "geometry": {"type": "Point", "coordinates": [-95.9995446, 36.1478498]}, "properties": {"name": "Tulsa Police Department", "vendor": "Flock Safety", "city": "Tulsa", "operator": "Tulsa Police Department", "direction": "65", "mount": null, "zone": "traffic", "source": "https://www.openstreetmap.org/node/12758892708", "packet": {"city": "Tulsa", "amount_usd": null, "retention": null, "status": "flocked", "has_contract_pdf": false}}}, {"type": "Feature", "id": "cam:osm:n12760507121", "geometry": {"type": "Point", "coordinates": [-95.7608083, 36.2399531]}, "properties": {"name": "Tulsa Police Department", "vendor": "Flock Safety", "city": "Tulsa", "operator": "Tulsa Police Department", "direction": "170", "mount": "pole", "zone": "traffic", "source": "https://www.openstreetmap.org/node/12760507121", "packet": {"city": "Tulsa", "amount_usd": null, "retention": null, "status": "flocked", "has_contract_pdf": false}}}, {"type": "Feature", "id": "cam:osm:n12762946710", "geometry": {"type": "Point", "coordinates": [-95.8423774, 36.2944559]}, "properties": {"name": "Owasso Police", "vendor": "Flock Safety", "city": null, "operator": "Owasso Police", "direction": "45", "mount": "pole", "zone": "traffic", "source": "https://www.openstreetmap.org/node/12762946710", "packet": null}}, {"type": "Feature", "id": "cam:osm:n12762965402", "geometry": {"type": "Point", "coordinates": [-95.8106494, 36.2786222]}, "properties": {"name": "Owasso Police", "vendor": "Flock Safety", "city": null, "operator": "Owasso Police", "direction": "245", "mount": "pole", "zone": "traffic", "source": "https://www.openstreetmap.org/node/12762965402", "packet": null}}, {"type": "Feature", "id": "cam:osm:n12766676165", "geometry": {"type": "Point", "coordinates": [-98.3988373, 34.7264688]}, "properties": {"name": "OSM node 12766676165", "vendor": null, "city": null, "operator": null, "direction": "60", "mount": "pole", "zone": "traffic", "source": "https://www.openstreetmap.org/node/12766676165", "packet": null}}, {"type": "Feature", "id": "cam:osm:n12766676166", "geometry": {"type": "Point", "coordinates": [-98.3988373, 34.7264949]}, "properties": {"name": "OSM node 12766676166", "vendor": null, "city": null, "operator": null, "direction": "250", "mount": "pole", "zone": "traffic", "source": "https://www.openstreetmap.org/node/12766676166", "packet": null}}, {"type": "Feature", "id": "cam:osm:n12769037815", "geometry": {"type": "Point", "coordinates": [-95.8122744, 36.2641068]}, "properties": {"name": "Owasso Police", "vendor": "Flock Safety", "city": null, "operator": "Owasso Police", "direction": "245", "mount": "pole", "zone": "traffic", "source": "https://www.openstreetmap.org/node/12769037815", "packet": null}}, {"type": "Feature", "id": "cam:osm:n12771128212", "geometry": {"type": "Point", "coordinates": [-95.9044531, 36.140962]}, "properties": {"name": "Tulsa Police Department", "vendor": "Flock Safety", "city": "Tulsa", "operator": "Tulsa Police Department", "direction": "340", "mount": "street_lamp", "zone": "traffic", "source": "https://www.openstreetmap.org/node/12771128212", "packet": {"city": "Tulsa", "amount_usd": null, "retention": null, "status": "flocked", "has_contract_pdf": false}}}, {"type": "Feature", "id": "cam:osm:n12771305011", "geometry": {"type": "Point", "coordinates": [-97.7065608, 35.3892793]}, "properties": {"name": "Flock Safety", "vendor": "Flock Safety", "city": null, "operator": null, "direction": "75", "mount": "pole", "zone": "traffic", "source": "https://www.openstreetmap.org/node/12771305011", "packet": null}}, {"type": "Feature", "id": "cam:osm:n12771309911", "geometry": {"type": "Point", "coordinates": [-97.7065503, 35.3902556]}, "properties": {"name": "Flock Safety", "vendor": "Flock Safety", "city": null, "operator": null, "direction": "75", "mount": "pole", "zone": "traffic", "source": "https://www.openstreetmap.org/node/12771309911", "packet": null}}, {"type": "Feature", "id": "cam:osm:n12771471110", "geometry": {"type": "Point", "coordinates": [-95.9046529, 36.1666971]}, "properties": {"name": "Tulsa Police Department", "vendor": "Flock Safety", "city": "Tulsa", "operator": "Tulsa Police Department", "direction": "165", "mount": null, "zone": "traffic", "source": "https://www.openstreetmap.org/node/12771471110", "packet": {"city": "Tulsa", "amount_usd": null, "retention": null, "status": "flocked", "has_contract_pdf": false}}}, {"type": "Feature", "id": "cam:osm:n12772594639", "geometry": {"type": "Point", "coordinates": [-95.9757172, 36.1477981]}, "properties": {"name": "Tulsa Police Department", "vendor": "Flock Safety", "city": "Tulsa", "operator": "Tulsa Police Department", "direction": "160", "mount": null, "zone": "traffic", "source": "https://www.openstreetmap.org/node/12772594639", "packet": {"city": "Tulsa", "amount_usd": null, "retention": null, "status": "flocked", "has_contract_pdf": false}}}, {"type": "Feature", "id": "cam:osm:n12772596517", "geometry": {"type": "Point", "coordinates": [-95.9824471, 36.1517733]}, "properties": {"name": "Tulsa Police Department", "vendor": "Flock Safety", "city": "Tulsa", "operator": "Tulsa Police Department", "direction": "265", "mount": null, "zone": "traffic", "source": "https://www.openstreetmap.org/node/12772596517", "packet": {"city": "Tulsa", "amount_usd": null, "retention": null, "status": "flocked", "has_contract_pdf": false}}}, {"type": "Feature", "id": "cam:osm:n12772611103", "geometry": {"type": "Point", "coordinates": [-95.9816259, 36.1586607]}, "properties": {"name": "Tulsa Police Department", "vendor": "Flock Safety", "city": "Tulsa", "operator": "Tulsa Police Department", "direction": "290", "mount": null, "zone": "traffic", "source": "https://www.openstreetmap.org/node/12772611103", "packet": {"city": "Tulsa", "amount_usd": null, "retention": null, "status": "flocked", "has_contract_pdf": false}}}, {"type": "Feature", "id": "cam:osm:n12772804838", "geometry": {"type": "Point", "coordinates": [-97.7044708, 35.3913463]}, "properties": {"name": "Flock Safety", "vendor": "Flock Safety", "city": null, "operator": null, "direction": "190", "mount": "pole", "zone": "traffic", "source": "https://www.openstreetmap.org/node/12772804838", "packet": null}}, {"type": "Feature", "id": "cam:osm:n12773055883", "geometry": {"type": "Point", "coordinates": [-97.5658411, 35.38765]}, "properties": {"name": "Flock Safety", "vendor": "Flock Safety", "city": null, "operator": null, "direction": "285", "mount": "pole", "zone": "traffic", "source": "https://www.openstreetmap.org/node/12773055883", "packet": null}}, {"type": "Feature", "id": "cam:osm:n12773057488", "geometry": {"type": "Point", "coordinates": [-97.5657308, 35.3914679]}, "properties": {"name": "Flock Safety", "vendor": "Flock Safety", "city": null, "operator": null, "direction": "170", "mount": "pole", "zone": "traffic", "source": "https://www.openstreetmap.org/node/12773057488", "packet": null}}, {"type": "Feature", "id": "cam:osm:n12773139310", "geometry": {"type": "Point", "coordinates": [-97.5654344, 35.3944218]}, "properties": {"name": "Flock Safety", "vendor": "Flock Safety", "city": null, "operator": null, "direction": "345", "mount": "pole", "zone": "traffic", "source": "https://www.openstreetmap.org/node/12773139310", "packet": null}}, {"type": "Feature", "id": "cam:osm:n12773140268", "geometry": {"type": "Point", "coordinates": [-97.5700591, 35.3914805]}, "properties": {"name": "Flock Safety", "vendor": "Flock Safety", "city": null, "operator": null, "direction": "170", "mount": "pole", "zone": "traffic", "source": "https://www.openstreetmap.org/node/12773140268", "packet": null}}, {"type": "Feature", "id": "cam:osm:n12773144937", "geometry": {"type": "Point", "coordinates": [-97.5657861, 35.385238]}, "properties": {"name": "Flock Safety", "vendor": "Flock Safety", "city": null, "operator": null, "direction": "265", "mount": "pole", "zone": "traffic", "source": "https://www.openstreetmap.org/node/12773144937", "packet": null}}, {"type": "Feature", "id": "cam:osm:n12774285198", "geometry": {"type": "Point", "coordinates": [-95.9822746, 36.1443545]}, "properties": {"name": "Tulsa Police Department", "vendor": "Flock Safety", "city": "Tulsa", "operator": "Tulsa Police Department", "direction": "315", "mount": null, "zone": "traffic", "source": "https://www.openstreetmap.org/node/12774285198", "packet": {"city": "Tulsa", "amount_usd": null, "retention": null, "status": "flocked", "has_contract_pdf": false}}}, {"type": "Feature", "id": "cam:osm:n12777156823", "geometry": {"type": "Point", "coordinates": [-97.5014044, 35.4644306]}, "properties": {"name": "Flock Safety", "vendor": "Flock Safety", "city": null, "operator": null, "direction": "245", "mount": "pole", "zone": "traffic", "source": "https://www.openstreetmap.org/node/12777156823", "packet": null}}, {"type": "Feature", "id": "cam:osm:n12777198276", "geometry": {"type": "Point", "coordinates": [-97.4771059, 35.4932268]}, "properties": {"name": "Flock Safety", "vendor": "Flock Safety", "city": null, "operator": null, "direction": "255", "mount": "pole", "zone": "traffic", "source": "https://www.openstreetmap.org/node/12777198276", "packet": null}}, {"type": "Feature", "id": "cam:osm:n12777211346", "geometry": {"type": "Point", "coordinates": [-97.5109549, 35.4930754]}, "properties": {"name": "Flock Safety", "vendor": "Flock Safety", "city": null, "operator": null, "direction": "90", "mount": "pole", "zone": "traffic", "source": "https://www.openstreetmap.org/node/12777211346", "packet": null}}, {"type": "Feature", "id": "cam:osm:n12779226140", "geometry": {"type": "Point", "coordinates": [-95.8185549, 36.3219365]}, "properties": {"name": "Owasso Police", "vendor": "Flock Safety", "city": null, "operator": "Owasso Police", "direction": "60", "mount": "pole", "zone": "traffic", "source": "https://www.openstreetmap.org/node/12779226140", "packet": null}}, {"type": "Feature", "id": "cam:osm:n12790661751", "geometry": {"type": "Point", "coordinates": [-96.3832983, 35.8281822]}, "properties": {"name": "Bristow Police", "vendor": "Flock Safety", "city": "Bristow", "operator": "Bristow Police", "direction": "60", "mount": null, "zone": "traffic", "source": "https://www.openstreetmap.org/node/12790661751", "packet": {"city": "Bristow", "amount_usd": null, "retention": null, "status": "flocked", "has_contract_pdf": false}}}, {"type": "Feature", "id": "cam:osm:n12790911093", "geometry": {"type": "Point", "coordinates": [-96.3832334, 35.8282852]}, "properties": {"name": "Bristow Police", "vendor": "Flock Safety", "city": "Bristow", "operator": "Bristow Police", "direction": "255", "mount": null, "zone": "traffic", "source": "https://www.openstreetmap.org/node/12790911093", "packet": {"city": "Bristow", "amount_usd": null, "retention": null, "status": "flocked", "has_contract_pdf": false}}}, {"type": "Feature", "id": "cam:osm:n12790913013", "geometry": {"type": "Point", "coordinates": [-96.4051799, 35.821982]}, "properties": {"name": "Brisotw Police", "vendor": "Flock Safety", "city": null, "operator": "Brisotw Police", "direction": "195", "mount": null, "zone": "traffic", "source": "https://www.openstreetmap.org/node/12790913013", "packet": null}}, {"type": "Feature", "id": "cam:osm:n12801554269", "geometry": {"type": "Point", "coordinates": [-95.8328754, 36.0937445]}, "properties": {"name": "QuikTrip", "vendor": "Flock Safety", "city": null, "operator": "QuikTrip", "direction": "55", "mount": "pole", "zone": "traffic", "source": "https://www.openstreetmap.org/node/12801554269", "packet": null}}, {"type": "Feature", "id": "cam:osm:n12801555025", "geometry": {"type": "Point", "coordinates": [-95.8322379, 36.0939142]}, "properties": {"name": "QuikTrip", "vendor": "Flock Safety", "city": null, "operator": "QuikTrip", "direction": "240", "mount": "pole", "zone": "traffic", "source": "https://www.openstreetmap.org/node/12801555025", "packet": null}}, {"type": "Feature", "id": "cam:osm:n12801581578", "geometry": {"type": "Point", "coordinates": [-95.8330614, 36.0940192]}, "properties": {"name": "Tulsa Police Department", "vendor": "Flock Safety", "city": "Tulsa", "operator": "Tulsa Police Department", "direction": "345", "mount": "pole", "zone": "traffic", "source": "https://www.openstreetmap.org/node/12801581578", "packet": {"city": "Tulsa", "amount_usd": null, "retention": null, "status": "flocked", "has_contract_pdf": false}}}, {"type": "Feature", "id": "cam:osm:n12804629191", "geometry": {"type": "Point", "coordinates": [-95.832864, 36.0968759]}, "properties": {"name": "QuikTrip", "vendor": "Flock Safety", "city": null, "operator": "QuikTrip", "direction": "145", "mount": "pole", "zone": "traffic", "source": "https://www.openstreetmap.org/node/12804629191", "packet": null}}, {"type": "Feature", "id": "cam:osm:n12808890631", "geometry": {"type": "Point", "coordinates": [-95.8885857, 36.1170719]}, "properties": {"name": "Tulsa Police Department", "vendor": "Flock Safety", "city": "Tulsa", "operator": "Tulsa Police Department", "direction": "170", "mount": "post", "zone": "traffic", "source": "https://www.openstreetmap.org/node/12808890631", "packet": {"city": "Tulsa", "amount_usd": null, "retention": null, "status": "flocked", "has_contract_pdf": false}}}, {"type": "Feature", "id": "cam:osm:n12810579305", "geometry": {"type": "Point", "coordinates": [-97.5313918, 35.5512644]}, "properties": {"name": "OSM node 12810579305", "vendor": null, "city": null, "operator": null, "direction": "355", "mount": null, "zone": "street", "source": "https://www.openstreetmap.org/node/12810579305", "packet": null}}, {"type": "Feature", "id": "cam:osm:n12812349112", "geometry": {"type": "Point", "coordinates": [-95.8860553, 36.0612131]}, "properties": {"name": "OSM node 12812349112", "vendor": null, "city": null, "operator": null, "direction": "350", "mount": "pole", "zone": "traffic", "source": "https://www.openstreetmap.org/node/12812349112", "packet": null}}, {"type": "Feature", "id": "cam:osm:n12812349216", "geometry": {"type": "Point", "coordinates": [-95.8866645, 36.0606094]}, "properties": {"name": "OSM node 12812349216", "vendor": null, "city": null, "operator": null, "direction": null, "mount": "pole", "zone": "traffic", "source": "https://www.openstreetmap.org/node/12812349216", "packet": null}}, {"type": "Feature", "id": "cam:osm:n12830171406", "geometry": {"type": "Point", "coordinates": [-97.5118068, 35.3196697]}, "properties": {"name": "Flock Safety", "vendor": "Flock Safety", "city": null, "operator": null, "direction": "80", "mount": "pole", "zone": "traffic", "source": "https://www.openstreetmap.org/node/12830171406", "packet": null}}, {"type": "Feature", "id": "cam:osm:n12834769034", "geometry": {"type": "Point", "coordinates": [-97.6365158, 35.4862306]}, "properties": {"name": "Flock Safety", "vendor": "Flock Safety", "city": null, "operator": null, "direction": "335", "mount": null, "zone": "traffic", "source": "https://www.openstreetmap.org/node/12834769034", "packet": null}}, {"type": "Feature", "id": "cam:osm:n12834769035", "geometry": {"type": "Point", "coordinates": [-97.955087, 35.5479849]}, "properties": {"name": "Flock Safety", "vendor": "Flock Safety", "city": null, "operator": null, "direction": "150", "mount": null, "zone": "traffic", "source": "https://www.openstreetmap.org/node/12834769035", "packet": null}}, {"type": "Feature", "id": "cam:osm:n12834769036", "geometry": {"type": "Point", "coordinates": [-97.9725488, 35.510414]}, "properties": {"name": "Flock Safety", "vendor": "Flock Safety", "city": null, "operator": null, "direction": "335", "mount": null, "zone": "traffic", "source": "https://www.openstreetmap.org/node/12834769036", "packet": null}}, {"type": "Feature", "id": "cam:osm:n12834790481", "geometry": {"type": "Point", "coordinates": [-97.5106113, 35.4781945]}, "properties": {"name": "Flock Safety", "vendor": "Flock Safety", "city": null, "operator": null, "direction": "240", "mount": null, "zone": "traffic", "source": "https://www.openstreetmap.org/node/12834790481", "packet": null}}, {"type": "Feature", "id": "cam:osm:n12851373176", "geometry": {"type": "Point", "coordinates": [-97.5668331, 35.5090308]}, "properties": {"name": "Flock Safety", "vendor": "Flock Safety", "city": null, "operator": null, "direction": "340", "mount": null, "zone": "traffic", "source": "https://www.openstreetmap.org/node/12851373176", "packet": null}}, {"type": "Feature", "id": "cam:osm:n12851373177", "geometry": {"type": "Point", "coordinates": [-97.5659691, 35.5090251]}, "properties": {"name": "Flock Safety", "vendor": "Flock Safety", "city": null, "operator": null, "direction": "0", "mount": null, "zone": "traffic", "source": "https://www.openstreetmap.org/node/12851373177", "packet": null}}, {"type": "Feature", "id": "cam:osm:n12851373178", "geometry": {"type": "Point", "coordinates": [-97.5817882, 35.5941852]}, "properties": {"name": "Flock Safety", "vendor": "Flock Safety", "city": null, "operator": null, "direction": "150", "mount": null, "zone": "traffic", "source": "https://www.openstreetmap.org/node/12851373178", "packet": null}}, {"type": "Feature", "id": "cam:osm:n12851373179", "geometry": {"type": "Point", "coordinates": [-97.5738381, 35.594519]}, "properties": {"name": "Flock Safety", "vendor": "Flock Safety", "city": null, "operator": null, "direction": "140", "mount": null, "zone": "traffic", "source": "https://www.openstreetmap.org/node/12851373179", "packet": null}}, {"type": "Feature", "id": "cam:osm:n12851373180", "geometry": {"type": "Point", "coordinates": [-97.5674418, 35.5880981]}, "properties": {"name": "Flock Safety", "vendor": "Flock Safety", "city": null, "operator": null, "direction": "240", "mount": null, "zone": "traffic", "source": "https://www.openstreetmap.org/node/12851373180", "packet": null}}, {"type": "Feature", "id": "cam:osm:n12851685045", "geometry": {"type": "Point", "coordinates": [-95.531657, 35.4721175]}, "properties": {"name": "OSM node 12851685045", "vendor": null, "city": null, "operator": null, "direction": "315", "mount": null, "zone": "traffic", "source": "https://www.openstreetmap.org/node/12851685045", "packet": null}}, {"type": "Feature", "id": "cam:osm:n12853463359", "geometry": {"type": "Point", "coordinates": [-95.5231359, 35.4700305]}, "properties": {"name": "Checotah Police", "vendor": "Flock Safety", "city": null, "operator": "Checotah Police", "direction": "45", "mount": null, "zone": "traffic", "source": "https://www.openstreetmap.org/node/12853463359", "packet": null}}, {"type": "Feature", "id": "cam:osm:n12853471384", "geometry": {"type": "Point", "coordinates": [-95.5228958, 35.4702117]}, "properties": {"name": "Checotah Police", "vendor": "Flock Safety", "city": null, "operator": "Checotah Police", "direction": "235", "mount": null, "zone": "traffic", "source": "https://www.openstreetmap.org/node/12853471384", "packet": null}}, {"type": "Feature", "id": "cam:osm:n12853476578", "geometry": {"type": "Point", "coordinates": [-95.5229222, 35.4700221]}, "properties": {"name": "Checotah Police", "vendor": "Flock Safety", "city": null, "operator": "Checotah Police", "direction": "320", "mount": null, "zone": "traffic", "source": "https://www.openstreetmap.org/node/12853476578", "packet": null}}, {"type": "Feature", "id": "cam:osm:n12853939440", "geometry": {"type": "Point", "coordinates": [-95.7762782, 36.2644415]}, "properties": {"name": "Owasso Police Department", "vendor": "Flock Safety", "city": null, "operator": "Owasso Police Department", "direction": "340", "mount": "pole", "zone": "traffic", "source": "https://www.openstreetmap.org/node/12853939440", "packet": null}}, {"type": "Feature", "id": "cam:osm:n12865821887", "geometry": {"type": "Point", "coordinates": [-95.8313109, 36.2931779]}, "properties": {"name": "Owasso Police", "vendor": "Flock Safety", "city": null, "operator": "Owasso Police", "direction": "255", "mount": null, "zone": null, "source": "https://www.openstreetmap.org/node/12865821887", "packet": null}}, {"type": "Feature", "id": "cam:osm:n12865881388", "geometry": {"type": "Point", "coordinates": [-95.846242, 36.2639476]}, "properties": {"name": "Owasso Police", "vendor": "Flock Safety", "city": null, "operator": "Owasso Police", "direction": "75", "mount": null, "zone": null, "source": "https://www.openstreetmap.org/node/12865881388", "packet": null}}, {"type": "Feature", "id": "cam:osm:n12865891334", "geometry": {"type": "Point", "coordinates": [-95.8303137, 36.2905988]}, "properties": {"name": "Owasso Police", "vendor": "Flock Safety", "city": null, "operator": "Owasso Police", "direction": "145", "mount": null, "zone": null, "source": "https://www.openstreetmap.org/node/12865891334", "packet": null}}, {"type": "Feature", "id": "cam:osm:n12865891454", "geometry": {"type": "Point", "coordinates": [-95.846599, 36.2641532]}, "properties": {"name": "Owasso Police", "vendor": "Flock Safety", "city": null, "operator": "Owasso Police", "direction": "245", "mount": null, "zone": null, "source": "https://www.openstreetmap.org/node/12865891454", "packet": null}}, {"type": "Feature", "id": "cam:osm:n12869565727", "geometry": {"type": "Point", "coordinates": [-95.8220771, 36.3221632]}, "properties": {"name": "Owasso Police", "vendor": "Flock Safety", "city": null, "operator": "Owasso Police", "direction": "250", "mount": null, "zone": null, "source": "https://www.openstreetmap.org/node/12869565727", "packet": null}}, {"type": "Feature", "id": "cam:osm:n12880268095", "geometry": {"type": "Point", "coordinates": [-97.2830223, 35.4932623]}, "properties": {"name": "Flock Safety", "vendor": "Flock Safety", "city": null, "operator": null, "direction": "242", "mount": null, "zone": "traffic", "source": "https://www.openstreetmap.org/node/12880268095", "packet": null}}, {"type": "Feature", "id": "cam:osm:n12880304859", "geometry": {"type": "Point", "coordinates": [-97.1638709, 35.4907278]}, "properties": {"name": "Flock Safety", "vendor": "Flock Safety", "city": null, "operator": null, "direction": "225", "mount": null, "zone": "traffic", "source": "https://www.openstreetmap.org/node/12880304859", "packet": null}}, {"type": "Feature", "id": "cam:osm:n12885040984", "geometry": {"type": "Point", "coordinates": [-97.6368493, 35.5368562]}, "properties": {"name": "Flock Safety", "vendor": "Flock Safety", "city": null, "operator": null, "direction": "150", "mount": "pole", "zone": "traffic", "source": "https://www.openstreetmap.org/node/12885040984", "packet": null}}, {"type": "Feature", "id": "cam:osm:n12885040985", "geometry": {"type": "Point", "coordinates": [-97.6320797, 35.5368717]}, "properties": {"name": "Flock Safety", "vendor": "Flock Safety", "city": null, "operator": null, "direction": "70", "mount": "pole", "zone": "traffic", "source": "https://www.openstreetmap.org/node/12885040985", "packet": null}}, {"type": "Feature", "id": "cam:osm:n12885040986", "geometry": {"type": "Point", "coordinates": [-97.6383318, 35.5582878]}, "properties": {"name": "Flock Safety", "vendor": "Flock Safety", "city": null, "operator": null, "direction": "340", "mount": "pole", "zone": "traffic", "source": "https://www.openstreetmap.org/node/12885040986", "packet": null}}, {"type": "Feature", "id": "cam:osm:n12885040987", "geometry": {"type": "Point", "coordinates": [-97.6383372, 35.5789816]}, "properties": {"name": "OSM node 12885040987", "vendor": null, "city": null, "operator": null, "direction": "330", "mount": "pole", "zone": "traffic", "source": "https://www.openstreetmap.org/node/12885040987", "packet": null}}, {"type": "Feature", "id": "cam:osm:n12885040988", "geometry": {"type": "Point", "coordinates": [-97.5752396, 35.5803699]}, "properties": {"name": "Flock Safety", "vendor": "Flock Safety", "city": null, "operator": null, "direction": "0", "mount": "pole", "zone": "traffic", "source": "https://www.openstreetmap.org/node/12885040988", "packet": null}}, {"type": "Feature", "id": "cam:osm:n12885040989", "geometry": {"type": "Point", "coordinates": [-97.5742971, 35.5803799]}, "properties": {"name": "Flock Safety", "vendor": "Flock Safety", "city": null, "operator": null, "direction": "0", "mount": "pole", "zone": "traffic", "source": "https://www.openstreetmap.org/node/12885040989", "packet": null}}, {"type": "Feature", "id": "cam:osm:n12885040990", "geometry": {"type": "Point", "coordinates": [-97.5714163, 35.5803978]}, "properties": {"name": "Flock Safety", "vendor": "Flock Safety", "city": null, "operator": null, "direction": "0", "mount": "pole", "zone": "traffic", "source": "https://www.openstreetmap.org/node/12885040990", "packet": null}}, {"type": "Feature", "id": "cam:osm:n12885040991", "geometry": {"type": "Point", "coordinates": [-97.5154439, 35.5802343]}, "properties": {"name": "Flock Safety", "vendor": "Flock Safety", "city": null, "operator": null, "direction": "240", "mount": "pole", "zone": "traffic", "source": "https://www.openstreetmap.org/node/12885040991", "packet": null}}, {"type": "Feature", "id": "cam:osm:n12892323105", "geometry": {"type": "Point", "coordinates": [-97.5493433, 35.5587603]}, "properties": {"name": "Motorola Solutions", "vendor": "Motorola Solutions", "city": null, "operator": null, "direction": "170", "mount": null, "zone": "traffic", "source": "https://www.openstreetmap.org/node/12892323105", "packet": null}}, {"type": "Feature", "id": "cam:osm:n12892346181", "geometry": {"type": "Point", "coordinates": [-97.5301841, 35.5376569]}, "properties": {"name": "Motorola Solutions", "vendor": "Motorola Solutions", "city": null, "operator": null, "direction": "290", "mount": null, "zone": "traffic", "source": "https://www.openstreetmap.org/node/12892346181", "packet": null}}, {"type": "Feature", "id": "cam:osm:n12892375745", "geometry": {"type": "Point", "coordinates": [-97.5474468, 35.5371705]}, "properties": {"name": "Motorola Solutions", "vendor": "Motorola Solutions", "city": null, "operator": null, "direction": "350", "mount": null, "zone": "traffic", "source": "https://www.openstreetmap.org/node/12892375745", "packet": null}}, {"type": "Feature", "id": "cam:osm:n12895851898", "geometry": {"type": "Point", "coordinates": [-97.3706308, 35.4353949]}, "properties": {"name": "Flock Safety", "vendor": "Flock Safety", "city": null, "operator": null, "direction": "335", "mount": null, "zone": null, "source": "https://www.openstreetmap.org/node/12895851898", "packet": null}}, {"type": "Feature", "id": "cam:osm:n12900202798", "geometry": {"type": "Point", "coordinates": [-97.5812221, 35.5802749]}, "properties": {"name": "Flock Safety", "vendor": "Flock Safety", "city": null, "operator": null, "direction": "240", "mount": null, "zone": null, "source": "https://www.openstreetmap.org/node/12900202798", "packet": null}}, {"type": "Feature", "id": "cam:osm:n12901154856", "geometry": {"type": "Point", "coordinates": [-97.1340724, 33.8466295]}, "properties": {"name": "OSM node 12901154856", "vendor": null, "city": null, "operator": null, "direction": "30", "mount": null, "zone": "traffic", "source": "https://www.openstreetmap.org/node/12901154856", "packet": null}}, {"type": "Feature", "id": "cam:osm:n12901154857", "geometry": {"type": "Point", "coordinates": [-97.1341188, 33.8464434]}, "properties": {"name": "Motorola Solutions", "vendor": "Motorola Solutions", "city": null, "operator": null, "direction": "170-230", "mount": null, "zone": "traffic", "source": "https://www.openstreetmap.org/node/12901154857", "packet": null}}, {"type": "Feature", "id": "cam:osm:n12908576992", "geometry": {"type": "Point", "coordinates": [-94.7405896, 36.998531]}, "properties": {"name": "Quapaw Nation", "vendor": "Flock Safety", "city": null, "operator": "Quapaw Nation", "direction": "330", "mount": null, "zone": "traffic", "source": "https://www.openstreetmap.org/node/12908576992", "packet": null}}, {"type": "Feature", "id": "cam:osm:n12908580050", "geometry": {"type": "Point", "coordinates": [-94.7408109, 36.9985335]}, "properties": {"name": "Quapaw Nation", "vendor": "Flock Safety", "city": null, "operator": "Quapaw Nation", "direction": "160", "mount": null, "zone": "traffic", "source": "https://www.openstreetmap.org/node/12908580050", "packet": null}}, {"type": "Feature", "id": "cam:osm:n12911704387", "geometry": {"type": "Point", "coordinates": [-97.7451134, 35.6422583]}, "properties": {"name": "Flock Safety", "vendor": "Flock Safety", "city": null, "operator": null, "direction": "340", "mount": null, "zone": "traffic", "source": "https://www.openstreetmap.org/node/12911704387", "packet": null}}, {"type": "Feature", "id": "cam:osm:n12913254281", "geometry": {"type": "Point", "coordinates": [-95.8839588, 36.3092276]}, "properties": {"name": "Flock Safety", "vendor": "Flock Safety", "city": null, "operator": null, "direction": "60", "mount": null, "zone": null, "source": "https://www.openstreetmap.org/node/12913254281", "packet": null}}, {"type": "Feature", "id": "cam:osm:n12915676766", "geometry": {"type": "Point", "coordinates": [-96.0296981, 36.1045812]}, "properties": {"name": "Flock Safety", "vendor": "Flock Safety", "city": null, "operator": null, "direction": "245", "mount": null, "zone": null, "source": "https://www.openstreetmap.org/node/12915676766", "packet": null}}, {"type": "Feature", "id": "cam:osm:n12941782138", "geometry": {"type": "Point", "coordinates": [-96.0245076, 35.9591503]}, "properties": {"name": "Glenpool Police", "vendor": "Flock Safety", "city": "Glenpool", "operator": "Glenpool Police", "direction": "60", "mount": null, "zone": "traffic", "source": "https://www.openstreetmap.org/node/12941782138", "packet": {"city": "Glenpool", "amount_usd": null, "retention": null, "status": "flocked", "has_contract_pdf": false}}}, {"type": "Feature", "id": "cam:osm:n12963289830", "geometry": {"type": "Point", "coordinates": [-97.5655592, 35.5366932]}, "properties": {"name": "Flock Safety", "vendor": "Flock Safety", "city": null, "operator": null, "direction": "350", "mount": null, "zone": "traffic", "source": "https://www.openstreetmap.org/node/12963289830", "packet": null}}, {"type": "Feature", "id": "cam:osm:n13048184304", "geometry": {"type": "Point", "coordinates": [-97.6382723, 35.5577125]}, "properties": {"name": "Flock Safety", "vendor": "Flock Safety", "city": null, "operator": null, "direction": "90", "mount": "pole", "zone": "traffic", "source": "https://www.openstreetmap.org/node/13048184304", "packet": null}}, {"type": "Feature", "id": "cam:osm:n13048184305", "geometry": {"type": "Point", "coordinates": [-97.6545112, 35.5224139]}, "properties": {"name": "Flock Safety", "vendor": "Flock Safety", "city": null, "operator": null, "direction": "150", "mount": "pole", "zone": "traffic", "source": "https://www.openstreetmap.org/node/13048184305", "packet": null}}, {"type": "Feature", "id": "cam:osm:n13048184306", "geometry": {"type": "Point", "coordinates": [-97.5564002, 35.5484573]}, "properties": {"name": "Flock Safety", "vendor": "Flock Safety", "city": null, "operator": null, "direction": "250", "mount": "pole", "zone": "traffic", "source": "https://www.openstreetmap.org/node/13048184306", "packet": null}}, {"type": "Feature", "id": "cam:osm:n13049335486", "geometry": {"type": "Point", "coordinates": [-94.8307984, 36.9987193]}, "properties": {"name": "Quapaw Nation", "vendor": "Flock Safety", "city": null, "operator": "Quapaw Nation", "direction": "60", "mount": null, "zone": "traffic", "source": "https://www.openstreetmap.org/node/13049335486", "packet": null}}, {"type": "Feature", "id": "cam:osm:n13049359964", "geometry": {"type": "Point", "coordinates": [-94.8309378, 36.998685]}, "properties": {"name": "Quapaw Nation", "vendor": "Flock Safety", "city": null, "operator": "Quapaw Nation", "direction": "330", "mount": null, "zone": "traffic", "source": "https://www.openstreetmap.org/node/13049359964", "packet": null}}, {"type": "Feature", "id": "cam:osm:n13050225808", "geometry": {"type": "Point", "coordinates": [-97.5765379, 35.5803285]}, "properties": {"name": "Flock Safety", "vendor": "Flock Safety", "city": null, "operator": null, "direction": "340", "mount": null, "zone": null, "source": "https://www.openstreetmap.org/node/13050225808", "packet": null}}, {"type": "Feature", "id": "cam:osm:n13050225809", "geometry": {"type": "Point", "coordinates": [-97.5829537, 35.5945015]}, "properties": {"name": "Flock Safety", "vendor": "Flock Safety", "city": null, "operator": null, "direction": "160", "mount": null, "zone": null, "source": "https://www.openstreetmap.org/node/13050225809", "packet": null}}, {"type": "Feature", "id": "cam:osm:n13050225810", "geometry": {"type": "Point", "coordinates": [-97.5827148, 35.594806]}, "properties": {"name": "Flock Safety", "vendor": "Flock Safety", "city": null, "operator": null, "direction": "340", "mount": null, "zone": null, "source": "https://www.openstreetmap.org/node/13050225810", "packet": null}}, {"type": "Feature", "id": "cam:osm:n13050225811", "geometry": {"type": "Point", "coordinates": [-97.5817292, 35.5949162]}, "properties": {"name": "Flock Safety", "vendor": "Flock Safety", "city": null, "operator": null, "direction": "0", "mount": null, "zone": null, "source": "https://www.openstreetmap.org/node/13050225811", "packet": null}}, {"type": "Feature", "id": "cam:osm:n13050225812", "geometry": {"type": "Point", "coordinates": [-97.5778648, 35.5947985]}, "properties": {"name": "Flock Safety", "vendor": "Flock Safety", "city": null, "operator": null, "direction": "340", "mount": null, "zone": null, "source": "https://www.openstreetmap.org/node/13050225812", "packet": null}}, {"type": "Feature", "id": "cam:osm:n13050225813", "geometry": {"type": "Point", "coordinates": [-97.5762887, 35.5948004]}, "properties": {"name": "Flock Safety", "vendor": "Flock Safety", "city": null, "operator": null, "direction": "320", "mount": null, "zone": null, "source": "https://www.openstreetmap.org/node/13050225813", "packet": null}}, {"type": "Feature", "id": "cam:osm:n13050225814", "geometry": {"type": "Point", "coordinates": [-97.573688, 35.5948452]}, "properties": {"name": "Flock Safety", "vendor": "Flock Safety", "city": null, "operator": null, "direction": "340", "mount": null, "zone": null, "source": "https://www.openstreetmap.org/node/13050225814", "packet": null}}, {"type": "Feature", "id": "cam:osm:n13050225815", "geometry": {"type": "Point", "coordinates": [-97.5699591, 35.5948789]}, "properties": {"name": "Flock Safety", "vendor": "Flock Safety", "city": null, "operator": null, "direction": "340", "mount": null, "zone": null, "source": "https://www.openstreetmap.org/node/13050225815", "packet": null}}, {"type": "Feature", "id": "cam:osm:n13050225816", "geometry": {"type": "Point", "coordinates": [-97.5701168, 35.5943819]}, "properties": {"name": "Flock Safety", "vendor": "Flock Safety", "city": null, "operator": null, "direction": "140", "mount": null, "zone": null, "source": "https://www.openstreetmap.org/node/13050225816", "packet": null}}, {"type": "Feature", "id": "cam:osm:n13050225817", "geometry": {"type": "Point", "coordinates": [-97.5471705, 35.513733]}, "properties": {"name": "Flock Safety", "vendor": "Flock Safety", "city": null, "operator": null, "direction": "140", "mount": null, "zone": null, "source": "https://www.openstreetmap.org/node/13050225817", "packet": null}}, {"type": "Feature", "id": "cam:osm:n13051367226", "geometry": {"type": "Point", "coordinates": [-97.567046, 35.5658574]}, "properties": {"name": "Flock Safety", "vendor": "Flock Safety", "city": null, "operator": null, "direction": "340", "mount": null, "zone": null, "source": "https://www.openstreetmap.org/node/13051367226", "packet": null}}, {"type": "Feature", "id": "cam:osm:n13051367227", "geometry": {"type": "Point", "coordinates": [-97.5670655, 35.5803872]}, "properties": {"name": "Flock Safety", "vendor": "Flock Safety", "city": null, "operator": null, "direction": "340", "mount": null, "zone": null, "source": "https://www.openstreetmap.org/node/13051367227", "packet": null}}, {"type": "Feature", "id": "cam:osm:n13052528172", "geometry": {"type": "Point", "coordinates": [-98.4224767, 34.6089626]}, "properties": {"name": "Flock Safety", "vendor": "Flock Safety", "city": null, "operator": null, "direction": "250", "mount": "pole", "zone": "traffic", "source": "https://www.openstreetmap.org/node/13052528172", "packet": null}}, {"type": "Feature", "id": "cam:osm:n13061111586", "geometry": {"type": "Point", "coordinates": [-97.6365288, 35.5133827]}, "properties": {"name": "Flock Safety", "vendor": "Flock Safety", "city": null, "operator": null, "direction": "330", "mount": null, "zone": null, "source": "https://www.openstreetmap.org/node/13061111586", "packet": null}}, {"type": "Feature", "id": "cam:osm:n13061111587", "geometry": {"type": "Point", "coordinates": [-97.6367677, 35.5128368]}, "properties": {"name": "Flock Safety", "vendor": "Flock Safety", "city": null, "operator": null, "direction": "150", "mount": null, "zone": null, "source": "https://www.openstreetmap.org/node/13061111587", "packet": null}}, {"type": "Feature", "id": "cam:osm:n13061111588", "geometry": {"type": "Point", "coordinates": [-97.6247304, 35.5110349]}, "properties": {"name": "OSM node 13061111588", "vendor": null, "city": null, "operator": null, "direction": "60", "mount": null, "zone": null, "source": "https://www.openstreetmap.org/node/13061111588", "packet": null}}, {"type": "Feature", "id": "cam:osm:n13069780912", "geometry": {"type": "Point", "coordinates": [-97.5673153, 35.5798875]}, "properties": {"name": "Flock Safety", "vendor": "Flock Safety", "city": null, "operator": null, "direction": "165", "mount": null, "zone": "traffic", "source": "https://www.openstreetmap.org/node/13069780912", "packet": null}}, {"type": "Feature", "id": "cam:osm:n13069835377", "geometry": {"type": "Point", "coordinates": [-97.6237449, 35.5517393]}, "properties": {"name": "Flock Safety", "vendor": "Flock Safety", "city": null, "operator": null, "direction": "280", "mount": "pole", "zone": "traffic", "source": "https://www.openstreetmap.org/node/13069835377", "packet": null}}, {"type": "Feature", "id": "cam:osm:n13087465630", "geometry": {"type": "Point", "coordinates": [-96.055394, 36.2381431]}, "properties": {"name": "Flock Safety", "vendor": "Flock Safety", "city": null, "operator": null, "direction": "340", "mount": null, "zone": null, "source": "https://www.openstreetmap.org/node/13087465630", "packet": null}}, {"type": "Feature", "id": "cam:osm:n13087473220", "geometry": {"type": "Point", "coordinates": [-96.0063726, 36.1915366]}, "properties": {"name": "Flock Safety", "vendor": "Flock Safety", "city": null, "operator": null, "direction": "230", "mount": null, "zone": "traffic", "source": "https://www.openstreetmap.org/node/13087473220", "packet": null}}, {"type": "Feature", "id": "cam:osm:n13099084641", "geometry": {"type": "Point", "coordinates": [-97.5762391, 35.5801043]}, "properties": {"name": "Flock Safety", "vendor": "Flock Safety", "city": null, "operator": null, "direction": "76", "mount": null, "zone": "traffic", "source": "https://www.openstreetmap.org/node/13099084641", "packet": null}}, {"type": "Feature", "id": "cam:osm:n13101239979", "geometry": {"type": "Point", "coordinates": [-97.7453832, 35.6427366]}, "properties": {"name": "Flock Safety", "vendor": "Flock Safety", "city": null, "operator": null, "direction": "145", "mount": null, "zone": "traffic", "source": "https://www.openstreetmap.org/node/13101239979", "packet": null}}, {"type": "Feature", "id": "cam:osm:n13114373973", "geometry": {"type": "Point", "coordinates": [-95.5904222, 35.2826266]}, "properties": {"name": "OSM node 13114373973", "vendor": null, "city": null, "operator": null, "direction": "300", "mount": null, "zone": null, "source": "https://www.openstreetmap.org/node/13114373973", "packet": null}}, {"type": "Feature", "id": "cam:osm:n13120224554", "geometry": {"type": "Point", "coordinates": [-95.1593746, 36.189964]}, "properties": {"name": "Locust Grove Police", "vendor": "Flock Safety", "city": "Locust Grove", "operator": "Locust Grove Police", "direction": "240", "mount": null, "zone": null, "source": "https://www.openstreetmap.org/node/13120224554", "packet": {"city": "Locust Grove", "amount_usd": null, "retention": null, "status": "flocked", "has_contract_pdf": false}}}, {"type": "Feature", "id": "cam:osm:n13124278902", "geometry": {"type": "Point", "coordinates": [-95.9123329, 36.0317156]}, "properties": {"name": "Flock Safety", "vendor": "Flock Safety", "city": null, "operator": null, "direction": "180", "mount": null, "zone": null, "source": "https://www.openstreetmap.org/node/13124278902", "packet": null}}, {"type": "Feature", "id": "cam:osm:n13128194989", "geometry": {"type": "Point", "coordinates": [-95.0011486, 35.9201433]}, "properties": {"name": "OSM node 13128194989", "vendor": null, "city": null, "operator": null, "direction": "80", "mount": null, "zone": null, "source": "https://www.openstreetmap.org/node/13128194989", "packet": null}}, {"type": "Feature", "id": "cam:osm:n13133611383", "geometry": {"type": "Point", "coordinates": [-97.116977, 34.1851697]}, "properties": {"name": "Flock Safety", "vendor": "Flock Safety", "city": null, "operator": null, "direction": "75", "mount": null, "zone": null, "source": "https://www.openstreetmap.org/node/13133611383", "packet": null}}, {"type": "Feature", "id": "cam:osm:n13133932805", "geometry": {"type": "Point", "coordinates": [-97.1191569, 34.185869]}, "properties": {"name": "Flock Safety", "vendor": "Flock Safety", "city": null, "operator": null, "direction": "255", "mount": null, "zone": null, "source": "https://www.openstreetmap.org/node/13133932805", "packet": null}}, {"type": "Feature", "id": "cam:osm:n13139987759", "geometry": {"type": "Point", "coordinates": [-97.6206995, 35.6690526]}, "properties": {"name": "Unknown", "vendor": "Unknown", "city": null, "operator": null, "direction": "200", "mount": null, "zone": "traffic", "source": "https://www.openstreetmap.org/node/13139987759", "packet": null}}, {"type": "Feature", "id": "cam:osm:n13143796255", "geometry": {"type": "Point", "coordinates": [-94.9678233, 35.8919385]}, "properties": {"name": "Flock Safety", "vendor": "Flock Safety", "city": null, "operator": null, "direction": "180", "mount": null, "zone": "traffic", "source": "https://www.openstreetmap.org/node/13143796255", "packet": null}}, {"type": "Feature", "id": "cam:osm:n13147837987", "geometry": {"type": "Point", "coordinates": [-94.7877553, 36.9188546]}, "properties": {"name": "Quapaw Nation", "vendor": "Flock Safety", "city": null, "operator": "Quapaw Nation", "direction": "345", "mount": null, "zone": "traffic", "source": "https://www.openstreetmap.org/node/13147837987", "packet": null}}, {"type": "Feature", "id": "cam:osm:n13148135818", "geometry": {"type": "Point", "coordinates": [-97.5195623, 35.460741]}, "properties": {"name": "OSM node 13148135818", "vendor": null, "city": null, "operator": null, "direction": "35", "mount": null, "zone": "traffic", "source": "https://www.openstreetmap.org/node/13148135818", "packet": null}}, {"type": "Feature", "id": "cam:osm:n13148135819", "geometry": {"type": "Point", "coordinates": [-97.4764465, 35.5244967]}, "properties": {"name": "Flock Safety", "vendor": "Flock Safety", "city": null, "operator": null, "direction": "50", "mount": null, "zone": null, "source": "https://www.openstreetmap.org/node/13148135819", "packet": null}}, {"type": "Feature", "id": "cam:osm:n13148135820", "geometry": {"type": "Point", "coordinates": [-97.4755794, 35.5252489]}, "properties": {"name": "Flock Safety", "vendor": "Flock Safety", "city": null, "operator": null, "direction": "150", "mount": null, "zone": null, "source": "https://www.openstreetmap.org/node/13148135820", "packet": null}}, {"type": "Feature", "id": "cam:osm:n13148135821", "geometry": {"type": "Point", "coordinates": [-97.4739165, 35.5243546]}, "properties": {"name": "Flock Safety", "vendor": "Flock Safety", "city": null, "operator": null, "direction": "230", "mount": null, "zone": null, "source": "https://www.openstreetmap.org/node/13148135821", "packet": null}}, {"type": "Feature", "id": "cam:osm:n13148135822", "geometry": {"type": "Point", "coordinates": [-97.4735029, 35.525714]}, "properties": {"name": "OSM node 13148135822", "vendor": null, "city": null, "operator": null, "direction": "320", "mount": null, "zone": null, "source": "https://www.openstreetmap.org/node/13148135822", "packet": null}}, {"type": "Feature", "id": "cam:osm:n13148135823", "geometry": {"type": "Point", "coordinates": [-97.4735021, 35.5256978]}, "properties": {"name": "OSM node 13148135823", "vendor": null, "city": null, "operator": null, "direction": "220", "mount": null, "zone": null, "source": "https://www.openstreetmap.org/node/13148135823", "packet": null}}, {"type": "Feature", "id": "cam:osm:n13148135824", "geometry": {"type": "Point", "coordinates": [-97.475093, 35.527609]}, "properties": {"name": "OSM node 13148135824", "vendor": null, "city": null, "operator": null, "direction": "310", "mount": null, "zone": null, "source": "https://www.openstreetmap.org/node/13148135824", "packet": null}}, {"type": "Feature", "id": "cam:osm:n13149550371", "geometry": {"type": "Point", "coordinates": [-94.7878422, 36.9442555]}, "properties": {"name": "Quapaw Nation", "vendor": "Flock Safety", "city": null, "operator": "Quapaw Nation", "direction": "165", "mount": null, "zone": "traffic", "source": "https://www.openstreetmap.org/node/13149550371", "packet": null}}, {"type": "Feature", "id": "cam:osm:n13149603477", "geometry": {"type": "Point", "coordinates": [-94.6816427, 36.9290222]}, "properties": {"name": "Quapaw Nation", "vendor": "Flock Safety", "city": null, "operator": "Quapaw Nation", "direction": "45", "mount": null, "zone": "traffic", "source": "https://www.openstreetmap.org/node/13149603477", "packet": null}}, {"type": "Feature", "id": "cam:osm:n13149629922", "geometry": {"type": "Point", "coordinates": [-94.8418112, 36.9181613]}, "properties": {"name": "Quapaw Nation", "vendor": "Flock Safety", "city": null, "operator": "Quapaw Nation", "direction": "355", "mount": null, "zone": "traffic", "source": "https://www.openstreetmap.org/node/13149629922", "packet": null}}, {"type": "Feature", "id": "cam:osm:n13149630060", "geometry": {"type": "Point", "coordinates": [-94.6817122, 36.9291682]}, "properties": {"name": "Quapaw Nation", "vendor": "Flock Safety", "city": null, "operator": "Quapaw Nation", "direction": "270", "mount": null, "zone": "traffic", "source": "https://www.openstreetmap.org/node/13149630060", "packet": null}}, {"type": "Feature", "id": "cam:osm:n13149637131", "geometry": {"type": "Point", "coordinates": [-94.7727989, 36.9435434]}, "properties": {"name": "Quapaw Nation", "vendor": "Flock Safety", "city": null, "operator": "Quapaw Nation", "direction": "70", "mount": null, "zone": "traffic", "source": "https://www.openstreetmap.org/node/13149637131", "packet": null}}, {"type": "Feature", "id": "cam:osm:n13153753247", "geometry": {"type": "Point", "coordinates": [-97.6927903, 35.638553]}, "properties": {"name": "Flock Safety", "vendor": "Flock Safety", "city": null, "operator": null, "direction": "250", "mount": null, "zone": "traffic", "source": "https://www.openstreetmap.org/node/13153753247", "packet": null}}, {"type": "Feature", "id": "cam:osm:n13158530045", "geometry": {"type": "Point", "coordinates": [-97.2467255, 35.4759941]}, "properties": {"name": "Flock Safety", "vendor": "Flock Safety", "city": null, "operator": null, "direction": "280", "mount": null, "zone": null, "source": "https://www.openstreetmap.org/node/13158530045", "packet": null}}, {"type": "Feature", "id": "cam:osm:n13158530046", "geometry": {"type": "Point", "coordinates": [-97.2468802, 35.4759851]}, "properties": {"name": "Flock Safety", "vendor": "Flock Safety", "city": null, "operator": null, "direction": "100", "mount": null, "zone": null, "source": "https://www.openstreetmap.org/node/13158530046", "packet": null}}, {"type": "Feature", "id": "cam:osm:n13158530047", "geometry": {"type": "Point", "coordinates": [-97.2397938, 35.4784473]}, "properties": {"name": "Flock Safety", "vendor": "Flock Safety", "city": null, "operator": null, "direction": "340", "mount": null, "zone": null, "source": "https://www.openstreetmap.org/node/13158530047", "packet": null}}, {"type": "Feature", "id": "cam:osm:n13158530048", "geometry": {"type": "Point", "coordinates": [-97.2397917, 35.4785353]}, "properties": {"name": "Flock Safety", "vendor": "Flock Safety", "city": null, "operator": null, "direction": "160", "mount": null, "zone": null, "source": "https://www.openstreetmap.org/node/13158530048", "packet": null}}, {"type": "Feature", "id": "cam:osm:n13164150360", "geometry": {"type": "Point", "coordinates": [-97.4103815, 35.401783]}, "properties": {"name": "Boeing", "vendor": "Flock Safety", "city": null, "operator": "Boeing", "direction": "215", "mount": null, "zone": null, "source": "https://www.openstreetmap.org/node/13164150360", "packet": null}}, {"type": "Feature", "id": "cam:osm:n13164150361", "geometry": {"type": "Point", "coordinates": [-97.4085388, 35.4060311]}, "properties": {"name": "Boeing", "vendor": "Flock Safety", "city": null, "operator": "Boeing", "direction": "0;180", "mount": null, "zone": null, "source": "https://www.openstreetmap.org/node/13164150361", "packet": null}}, {"type": "Feature", "id": "cam:osm:n13168561364", "geometry": {"type": "Point", "coordinates": [-97.4062152, 35.4043228]}, "properties": {"name": "Boeing", "vendor": "Flock Safety", "city": null, "operator": "Boeing", "direction": "270", "mount": null, "zone": null, "source": "https://www.openstreetmap.org/node/13168561364", "packet": null}}, {"type": "Feature", "id": "cam:osm:n13168561365", "geometry": {"type": "Point", "coordinates": [-97.4064561, 35.404226]}, "properties": {"name": "Boeing", "vendor": "Flock Safety", "city": null, "operator": "Boeing", "direction": "90", "mount": null, "zone": null, "source": "https://www.openstreetmap.org/node/13168561365", "packet": null}}, {"type": "Feature", "id": "cam:osm:n13176326321", "geometry": {"type": "Point", "coordinates": [-95.9072922, 36.2564343]}, "properties": {"name": "Nordam", "vendor": "Flock Safety", "city": null, "operator": "Nordam", "direction": "240", "mount": null, "zone": "traffic", "source": "https://www.openstreetmap.org/node/13176326321", "packet": null}}, {"type": "Feature", "id": "cam:osm:n13181483096", "geometry": {"type": "Point", "coordinates": [-97.5404773, 35.5657107]}, "properties": {"name": "Flock Safety", "vendor": "Flock Safety", "city": null, "operator": null, "direction": "245", "mount": null, "zone": "traffic", "source": "https://www.openstreetmap.org/node/13181483096", "packet": null}}, {"type": "Feature", "id": "cam:osm:n13185252708", "geometry": {"type": "Point", "coordinates": [-97.4103561, 35.4069631]}, "properties": {"name": "Boeing", "vendor": "Flock Safety", "city": null, "operator": "Boeing", "direction": "0;180", "mount": null, "zone": null, "source": "https://www.openstreetmap.org/node/13185252708", "packet": null}}, {"type": "Feature", "id": "cam:osm:n13185252709", "geometry": {"type": "Point", "coordinates": [-97.4083789, 35.4066578]}, "properties": {"name": "Boeing", "vendor": "Flock Safety", "city": null, "operator": "Boeing", "direction": "340", "mount": null, "zone": null, "source": "https://www.openstreetmap.org/node/13185252709", "packet": null}}, {"type": "Feature", "id": "cam:osm:n13185252710", "geometry": {"type": "Point", "coordinates": [-97.4086686, 35.4066646]}, "properties": {"name": "Boeing", "vendor": "Flock Safety", "city": null, "operator": "Boeing", "direction": "165", "mount": null, "zone": null, "source": "https://www.openstreetmap.org/node/13185252710", "packet": null}}, {"type": "Feature", "id": "cam:osm:n13185252711", "geometry": {"type": "Point", "coordinates": [-97.4106389, 35.4035735]}, "properties": {"name": "Boeing", "vendor": "Flock Safety", "city": null, "operator": "Boeing", "direction": "150", "mount": null, "zone": null, "source": "https://www.openstreetmap.org/node/13185252711", "packet": null}}, {"type": "Feature", "id": "cam:osm:n13185252712", "geometry": {"type": "Point", "coordinates": [-97.4104827, 35.4017813]}, "properties": {"name": "Boeing", "vendor": "Flock Safety", "city": null, "operator": "Boeing", "direction": "140", "mount": null, "zone": null, "source": "https://www.openstreetmap.org/node/13185252712", "packet": null}}, {"type": "Feature", "id": "cam:osm:n13191841721", "geometry": {"type": "Point", "coordinates": [-95.9073711, 36.2579132]}, "properties": {"name": "Nordam", "vendor": "Flock Safety", "city": null, "operator": "Nordam", "direction": "295", "mount": null, "zone": "traffic", "source": "https://www.openstreetmap.org/node/13191841721", "packet": null}}, {"type": "Feature", "id": "cam:osm:n13196319862", "geometry": {"type": "Point", "coordinates": [-95.5169623, 34.0112877]}, "properties": {"name": "Jackson St. West Flock", "vendor": "Flock Safety", "city": null, "operator": null, "direction": "320", "mount": null, "zone": "street", "source": "https://www.openstreetmap.org/node/13196319862", "packet": null}}, {"type": "Feature", "id": "cam:osm:n13196571601", "geometry": {"type": "Point", "coordinates": [-95.4898815, 34.0061473]}, "properties": {"name": "Flock Safety", "vendor": "Flock Safety", "city": null, "operator": null, "direction": "93", "mount": null, "zone": "traffic", "source": "https://www.openstreetmap.org/node/13196571601", "packet": null}}, {"type": "Feature", "id": "cam:osm:n13196575701", "geometry": {"type": "Point", "coordinates": [-95.5228405, 33.9978342]}, "properties": {"name": "Flock Safety", "vendor": "Flock Safety", "city": null, "operator": null, "direction": "178;187", "mount": null, "zone": "traffic", "source": "https://www.openstreetmap.org/node/13196575701", "packet": null}}, {"type": "Feature", "id": "cam:osm:n13197815853", "geometry": {"type": "Point", "coordinates": [-97.7604472, 35.4890569]}, "properties": {"name": "Flock Safety", "vendor": "Flock Safety", "city": null, "operator": null, "direction": "150", "mount": null, "zone": null, "source": "https://www.openstreetmap.org/node/13197815853", "packet": null}}, {"type": "Feature", "id": "cam:osm:n13197815854", "geometry": {"type": "Point", "coordinates": [-97.5662373, 35.5287655]}, "properties": {"name": "OSM node 13197815854", "vendor": null, "city": null, "operator": null, "direction": "75", "mount": null, "zone": null, "source": "https://www.openstreetmap.org/node/13197815854", "packet": null}}, {"type": "Feature", "id": "cam:osm:n13197815855", "geometry": {"type": "Point", "coordinates": [-97.5662475, 35.5282053]}, "properties": {"name": "OSM node 13197815855", "vendor": null, "city": null, "operator": null, "direction": "105", "mount": null, "zone": null, "source": "https://www.openstreetmap.org/node/13197815855", "packet": null}}, {"type": "Feature", "id": "cam:osm:n13233637252", "geometry": {"type": "Point", "coordinates": [-94.949028, 35.9299162]}, "properties": {"name": "Flock Safety", "vendor": "Flock Safety", "city": null, "operator": null, "direction": "260", "mount": null, "zone": "traffic", "source": "https://www.openstreetmap.org/node/13233637252", "packet": null}}, {"type": "Feature", "id": "cam:osm:n13234008088", "geometry": {"type": "Point", "coordinates": [-96.0596613, 36.1335038]}, "properties": {"name": "Flock Safety", "vendor": "Flock Safety", "city": null, "operator": "Flock Safety", "direction": "172", "mount": "pole", "zone": "entrance", "source": "https://www.openstreetmap.org/node/13234008088", "packet": null}}, {"type": "Feature", "id": "cam:osm:n13234009577", "geometry": {"type": "Point", "coordinates": [-96.0042894, 36.0752725]}, "properties": {"name": "Flock Safety", "vendor": "Flock Safety", "city": null, "operator": "Flock Safety", "direction": "357", "mount": "pole", "zone": "entrance", "source": "https://www.openstreetmap.org/node/13234009577", "packet": null}}, {"type": "Feature", "id": "cam:osm:n13234646223", "geometry": {"type": "Point", "coordinates": [-94.9670227, 35.951427]}, "properties": {"name": "Flock Safety", "vendor": "Flock Safety", "city": null, "operator": null, "direction": "170", "mount": null, "zone": "traffic", "source": "https://www.openstreetmap.org/node/13234646223", "packet": null}}, {"type": "Feature", "id": "cam:osm:n13239390195", "geometry": {"type": "Point", "coordinates": [-95.5182546, 36.1650978]}, "properties": {"name": "Flock Safety", "vendor": "Flock Safety", "city": null, "operator": null, "direction": "-5;125", "mount": null, "zone": "traffic", "source": "https://www.openstreetmap.org/node/13239390195", "packet": null}}, {"type": "Feature", "id": "cam:osm:n13239395466", "geometry": {"type": "Point", "coordinates": [-95.5295592, 36.1683221]}, "properties": {"name": "Flock Safety", "vendor": "Flock Safety", "city": null, "operator": null, "direction": "-25", "mount": null, "zone": "traffic", "source": "https://www.openstreetmap.org/node/13239395466", "packet": null}}, {"type": "Feature", "id": "cam:osm:n13239427088", "geometry": {"type": "Point", "coordinates": [-95.5007488, 36.1478316]}, "properties": {"name": "Flock Safety", "vendor": "Flock Safety", "city": null, "operator": null, "direction": "-80;70", "mount": null, "zone": "traffic", "source": "https://www.openstreetmap.org/node/13239427088", "packet": null}}, {"type": "Feature", "id": "cam:osm:n13244770778", "geometry": {"type": "Point", "coordinates": [-95.9393795, 36.1195782]}, "properties": {"name": "Flock Safety", "vendor": "Flock Safety", "city": null, "operator": null, "direction": "200", "mount": "pole", "zone": "traffic", "source": "https://www.openstreetmap.org/node/13244770778", "packet": null}}, {"type": "Feature", "id": "cam:osm:n13246129274", "geometry": {"type": "Point", "coordinates": [-95.5297626, 36.1679887]}, "properties": {"name": "Flock Safety", "vendor": "Flock Safety", "city": null, "operator": null, "direction": "145", "mount": null, "zone": null, "source": "https://www.openstreetmap.org/node/13246129274", "packet": null}}, {"type": "Feature", "id": "cam:osm:n13251128485", "geometry": {"type": "Point", "coordinates": [-95.9577936, 36.0213601]}, "properties": {"name": "Jenks Police", "vendor": "Flock Safety", "city": "Jenks", "operator": "Jenks Police", "direction": "220", "mount": null, "zone": "traffic", "source": "https://www.openstreetmap.org/node/13251128485", "packet": {"city": "Jenks", "amount_usd": null, "retention": null, "status": "flocked", "has_contract_pdf": false}}}, {"type": "Feature", "id": "cam:osm:n13251154010", "geometry": {"type": "Point", "coordinates": [-95.958374, 36.0147371]}, "properties": {"name": "Jenks Police", "vendor": "Flock Safety", "city": "Jenks", "operator": "Jenks Police", "direction": "245", "mount": null, "zone": "traffic", "source": "https://www.openstreetmap.org/node/13251154010", "packet": {"city": "Jenks", "amount_usd": null, "retention": null, "status": "flocked", "has_contract_pdf": false}}}, {"type": "Feature", "id": "cam:osm:n13251154487", "geometry": {"type": "Point", "coordinates": [-95.9616025, 36.0133752]}, "properties": {"name": "Jenks Police", "vendor": "Flock Safety", "city": "Jenks", "operator": "Jenks Police", "direction": "345", "mount": null, "zone": "traffic", "source": "https://www.openstreetmap.org/node/13251154487", "packet": {"city": "Jenks", "amount_usd": null, "retention": null, "status": "flocked", "has_contract_pdf": false}}}, {"type": "Feature", "id": "cam:osm:n13257116927", "geometry": {"type": "Point", "coordinates": [-95.9630394, 36.0164645]}, "properties": {"name": "Jenks Police", "vendor": "Flock Safety", "city": "Jenks", "operator": "Jenks Police", "direction": "150", "mount": null, "zone": "traffic", "source": "https://www.openstreetmap.org/node/13257116927", "packet": {"city": "Jenks", "amount_usd": null, "retention": null, "status": "flocked", "has_contract_pdf": false}}}, {"type": "Feature", "id": "cam:osm:n13261901052", "geometry": {"type": "Point", "coordinates": [-97.3189989, 35.5657016]}, "properties": {"name": "OSM node 13261901052", "vendor": null, "city": null, "operator": null, "direction": "300", "mount": null, "zone": "street", "source": "https://www.openstreetmap.org/node/13261901052", "packet": null}}, {"type": "Feature", "id": "cam:osm:n13263922181", "geometry": {"type": "Point", "coordinates": [-94.7761078, 36.9435659]}, "properties": {"name": "OSM node 13263922181", "vendor": null, "city": null, "operator": null, "direction": "290", "mount": null, "zone": "traffic", "source": "https://www.openstreetmap.org/node/13263922181", "packet": null}}, {"type": "Feature", "id": "cam:osm:n13263922183", "geometry": {"type": "Point", "coordinates": [-94.6310336, 36.9978857]}, "properties": {"name": "OSM node 13263922183", "vendor": null, "city": null, "operator": null, "direction": "45", "mount": null, "zone": "traffic", "source": "https://www.openstreetmap.org/node/13263922183", "packet": null}}, {"type": "Feature", "id": "cam:osm:n13268668909", "geometry": {"type": "Point", "coordinates": [-94.6315169, 36.8195268]}, "properties": {"name": "OSM node 13268668909", "vendor": null, "city": null, "operator": null, "direction": "255", "mount": null, "zone": "traffic", "source": "https://www.openstreetmap.org/node/13268668909", "packet": null}}, {"type": "Feature", "id": "cam:osm:n13283866226", "geometry": {"type": "Point", "coordinates": [-95.9349315, 36.699222]}, "properties": {"name": "Flock Safety", "vendor": "Flock Safety", "city": null, "operator": null, "direction": "315", "mount": null, "zone": null, "source": "https://www.openstreetmap.org/node/13283866226", "packet": null}}, {"type": "Feature", "id": "cam:osm:n13283895172", "geometry": {"type": "Point", "coordinates": [-95.9560542, 36.7567804]}, "properties": {"name": "Flock Safety", "vendor": "Flock Safety", "city": null, "operator": null, "direction": "25", "mount": null, "zone": null, "source": "https://www.openstreetmap.org/node/13283895172", "packet": null}}, {"type": "Feature", "id": "cam:osm:n13285494701", "geometry": {"type": "Point", "coordinates": [-96.9292901, 35.3808992]}, "properties": {"name": "Flock Safety", "vendor": "Flock Safety", "city": null, "operator": null, "direction": "270", "mount": null, "zone": "street", "source": "https://www.openstreetmap.org/node/13285494701", "packet": null}}, {"type": "Feature", "id": "cam:osm:n13288245709", "geometry": {"type": "Point", "coordinates": [-95.9356363, 36.771398]}, "properties": {"name": "Flock Safety", "vendor": "Flock Safety", "city": null, "operator": null, "direction": "135", "mount": null, "zone": null, "source": "https://www.openstreetmap.org/node/13288245709", "packet": null}}, {"type": "Feature", "id": "cam:osm:n13288246855", "geometry": {"type": "Point", "coordinates": [-95.890074, 36.7281979]}, "properties": {"name": "Flock Safety", "vendor": "Flock Safety", "city": null, "operator": null, "direction": "225", "mount": null, "zone": null, "source": "https://www.openstreetmap.org/node/13288246855", "packet": null}}, {"type": "Feature", "id": "cam:osm:n13288300501", "geometry": {"type": "Point", "coordinates": [-97.2319315, 35.6526896]}, "properties": {"name": "Flock Safety", "vendor": "Flock Safety", "city": null, "operator": null, "direction": "260", "mount": null, "zone": "traffic", "source": "https://www.openstreetmap.org/node/13288300501", "packet": null}}, {"type": "Feature", "id": "cam:osm:n13293685187", "geometry": {"type": "Point", "coordinates": [-96.9270283, 35.3831787]}, "properties": {"name": "Lowe's", "vendor": "Flock Safety", "city": null, "operator": "Lowe's", "direction": "200", "mount": null, "zone": "traffic", "source": "https://www.openstreetmap.org/node/13293685187", "packet": null}}, {"type": "Feature", "id": "cam:osm:n13298343634", "geometry": {"type": "Point", "coordinates": [-95.9006498, 36.742617]}, "properties": {"name": "Flock Safety", "vendor": "Flock Safety", "city": null, "operator": null, "direction": "225", "mount": null, "zone": null, "source": "https://www.openstreetmap.org/node/13298343634", "packet": null}}, {"type": "Feature", "id": "cam:osm:n13300299401", "geometry": {"type": "Point", "coordinates": [-98.4573199, 34.6378257]}, "properties": {"name": "Flock Safety", "vendor": "Flock Safety", "city": null, "operator": null, "direction": "170", "mount": null, "zone": "traffic", "source": "https://www.openstreetmap.org/node/13300299401", "packet": null}}, {"type": "Feature", "id": "cam:osm:n13305072101", "geometry": {"type": "Point", "coordinates": [-95.7454833, 36.1604674]}, "properties": {"name": "Flock Safety", "vendor": "Flock Safety", "city": null, "operator": null, "direction": "68", "mount": null, "zone": "traffic", "source": "https://www.openstreetmap.org/node/13305072101", "packet": null}}, {"type": "Feature", "id": "cam:osm:n13307451201", "geometry": {"type": "Point", "coordinates": [-97.5153195, 35.6383525]}, "properties": {"name": "Flock Safety", "vendor": "Flock Safety", "city": null, "operator": null, "direction": "84", "mount": null, "zone": "traffic", "source": "https://www.openstreetmap.org/node/13307451201", "packet": null}}, {"type": "Feature", "id": "cam:osm:n13310206001", "geometry": {"type": "Point", "coordinates": [-95.9403245, 35.9607786]}, "properties": {"name": "Flock Safety", "vendor": "Flock Safety", "city": null, "operator": null, "direction": "126", "mount": null, "zone": "traffic", "source": "https://www.openstreetmap.org/node/13310206001", "packet": null}}, {"type": "Feature", "id": "cam:osm:n13312164901", "geometry": {"type": "Point", "coordinates": [-95.8240552, 36.2062503]}, "properties": {"name": "Flock Safety", "vendor": "Flock Safety", "city": null, "operator": null, "direction": "180", "mount": null, "zone": "traffic", "source": "https://www.openstreetmap.org/node/13312164901", "packet": null}}, {"type": "Feature", "id": "cam:osm:n13312168801", "geometry": {"type": "Point", "coordinates": [-95.8192096, 36.1918236]}, "properties": {"name": "Flock Safety", "vendor": "Flock Safety", "city": null, "operator": null, "direction": "345", "mount": null, "zone": "traffic", "source": "https://www.openstreetmap.org/node/13312168801", "packet": null}}, {"type": "Feature", "id": "cam:osm:n13312177101", "geometry": {"type": "Point", "coordinates": [-95.7440573, 36.1189656]}, "properties": {"name": "Flock Safety", "vendor": "Flock Safety", "city": null, "operator": null, "direction": "164", "mount": null, "zone": "traffic", "source": "https://www.openstreetmap.org/node/13312177101", "packet": null}}, {"type": "Feature", "id": "cam:osm:n13312198703", "geometry": {"type": "Point", "coordinates": [-95.7539551, 36.1606618]}, "properties": {"name": "Flock Safety", "vendor": "Flock Safety", "city": null, "operator": null, "direction": "246", "mount": null, "zone": "traffic", "source": "https://www.openstreetmap.org/node/13312198703", "packet": null}}, {"type": "Feature", "id": "cam:osm:n13313493601", "geometry": {"type": "Point", "coordinates": [-95.8331263, 36.2076779]}, "properties": {"name": "Flock Safety", "vendor": "Flock Safety", "city": null, "operator": null, "direction": "191", "mount": null, "zone": "traffic", "source": "https://www.openstreetmap.org/node/13313493601", "packet": null}}, {"type": "Feature", "id": "cam:osm:n13313733804", "geometry": {"type": "Point", "coordinates": [-95.8840601, 36.3136692]}, "properties": {"name": "Flock Safety", "vendor": "Flock Safety", "city": null, "operator": null, "direction": "62;319", "mount": null, "zone": "traffic", "source": "https://www.openstreetmap.org/node/13313733804", "packet": null}}, {"type": "Feature", "id": "cam:osm:n13315550783", "geometry": {"type": "Point", "coordinates": [-97.4097316, 35.4025706]}, "properties": {"name": "Boeing", "vendor": "Flock Safety", "city": null, "operator": "Boeing", "direction": "240", "mount": null, "zone": "traffic", "source": "https://www.openstreetmap.org/node/13315550783", "packet": null}}, {"type": "Feature", "id": "cam:osm:n13315581338", "geometry": {"type": "Point", "coordinates": [-97.4102407, 35.4045563]}, "properties": {"name": "Boeing", "vendor": "Flock Safety", "city": null, "operator": "Boeing", "direction": "175", "mount": null, "zone": "traffic", "source": "https://www.openstreetmap.org/node/13315581338", "packet": null}}, {"type": "Feature", "id": "cam:osm:n13315631801", "geometry": {"type": "Point", "coordinates": [-97.3711289, 35.7035402]}, "properties": {"name": "Flock Safety", "vendor": "Flock Safety", "city": null, "operator": null, "direction": "38", "mount": null, "zone": "traffic", "source": "https://www.openstreetmap.org/node/13315631801", "packet": null}}, {"type": "Feature", "id": "cam:osm:n13315632001", "geometry": {"type": "Point", "coordinates": [-97.3708797, 35.7040517]}, "properties": {"name": "Flock Safety", "vendor": "Flock Safety", "city": null, "operator": null, "direction": "163", "mount": null, "zone": "traffic", "source": "https://www.openstreetmap.org/node/13315632001", "packet": null}}, {"type": "Feature", "id": "cam:osm:n13315632002", "geometry": {"type": "Point", "coordinates": [-97.3687781, 35.7105167]}, "properties": {"name": "Flock Safety", "vendor": "Flock Safety", "city": null, "operator": null, "direction": "150", "mount": null, "zone": "traffic", "source": "https://www.openstreetmap.org/node/13315632002", "packet": null}}, {"type": "Feature", "id": "cam:osm:n13318211801", "geometry": {"type": "Point", "coordinates": [-97.3713538, 35.7079932]}, "properties": {"name": "Flock Safety", "vendor": "Flock Safety", "city": null, "operator": null, "direction": "61", "mount": null, "zone": "traffic", "source": "https://www.openstreetmap.org/node/13318211801", "packet": null}}, {"type": "Feature", "id": "cam:osm:n13319143501", "geometry": {"type": "Point", "coordinates": [-95.8387685, 36.2058804]}, "properties": {"name": "Flock Safety", "vendor": "Flock Safety", "city": null, "operator": null, "direction": "69", "mount": null, "zone": "traffic", "source": "https://www.openstreetmap.org/node/13319143501", "packet": null}}, {"type": "Feature", "id": "cam:osm:n13322377401", "geometry": {"type": "Point", "coordinates": [-95.3938898, 35.7487062]}, "properties": {"name": "Flock Safety", "vendor": "Flock Safety", "city": null, "operator": null, "direction": "250", "mount": null, "zone": "traffic", "source": "https://www.openstreetmap.org/node/13322377401", "packet": null}}, {"type": "Feature", "id": "cam:osm:n13322629402", "geometry": {"type": "Point", "coordinates": [-95.9596879, 36.2423301]}, "properties": {"name": "Flock Safety", "vendor": "Flock Safety", "city": null, "operator": null, "direction": "281", "mount": null, "zone": "traffic", "source": "https://www.openstreetmap.org/node/13322629402", "packet": null}}, {"type": "Feature", "id": "cam:osm:n13323428512", "geometry": {"type": "Point", "coordinates": [-97.0436737, 35.9782213]}, "properties": {"name": "Flock Safety", "vendor": "Flock Safety", "city": null, "operator": null, "direction": "180;270", "mount": null, "zone": null, "source": "https://www.openstreetmap.org/node/13323428512", "packet": null}}, {"type": "Feature", "id": "cam:osm:n13323559301", "geometry": {"type": "Point", "coordinates": [-95.9930123, 36.2421237]}, "properties": {"name": "Flock Safety", "vendor": "Flock Safety", "city": null, "operator": null, "direction": "82", "mount": null, "zone": "traffic", "source": "https://www.openstreetmap.org/node/13323559301", "packet": null}}, {"type": "Feature", "id": "cam:osm:n13324901393", "geometry": {"type": "Point", "coordinates": [-95.9354837, 36.0897269]}, "properties": {"name": "Tulsa Police", "vendor": "Flock Safety", "city": "Tulsa", "operator": "Tulsa Police", "direction": "70", "mount": null, "zone": "traffic", "source": "https://www.openstreetmap.org/node/13324901393", "packet": {"city": "Tulsa", "amount_usd": null, "retention": null, "status": "flocked", "has_contract_pdf": false}}}, {"type": "Feature", "id": "cam:osm:n13325535215", "geometry": {"type": "Point", "coordinates": [-95.997842, 36.1521078]}, "properties": {"name": "Tulsa Police", "vendor": "Flock Safety", "city": "Tulsa", "operator": "Tulsa Police", "direction": "45", "mount": null, "zone": "traffic", "source": "https://www.openstreetmap.org/node/13325535215", "packet": {"city": "Tulsa", "amount_usd": null, "retention": null, "status": "flocked", "has_contract_pdf": false}}}, {"type": "Feature", "id": "cam:osm:n13326372801", "geometry": {"type": "Point", "coordinates": [-97.5043987, 35.6219422]}, "properties": {"name": "Flock Safety", "vendor": "Flock Safety", "city": null, "operator": null, "direction": "251", "mount": null, "zone": "traffic", "source": "https://www.openstreetmap.org/node/13326372801", "packet": null}}, {"type": "Feature", "id": "cam:osm:n13326377701", "geometry": {"type": "Point", "coordinates": [-97.5045226, 35.6217906]}, "properties": {"name": "Flock Safety", "vendor": "Flock Safety", "city": null, "operator": null, "direction": "68", "mount": null, "zone": "traffic", "source": "https://www.openstreetmap.org/node/13326377701", "packet": null}}, {"type": "Feature", "id": "cam:osm:n13328819100", "geometry": {"type": "Point", "coordinates": [-96.928722, 35.3816692]}, "properties": {"name": "Lowe's", "vendor": "Flock Safety", "city": null, "operator": "Lowe's", "direction": "290", "mount": null, "zone": "traffic", "source": "https://www.openstreetmap.org/node/13328819100", "packet": null}}, {"type": "Feature", "id": "cam:osm:n13329242901", "geometry": {"type": "Point", "coordinates": [-95.8799307, 36.3219878]}, "properties": {"name": "Flock Safety", "vendor": "Flock Safety", "city": null, "operator": null, "direction": "67", "mount": null, "zone": "traffic", "source": "https://www.openstreetmap.org/node/13329242901", "packet": null}}, {"type": "Feature", "id": "cam:osm:n13331558001", "geometry": {"type": "Point", "coordinates": [-97.5476444, 35.3918598]}, "properties": {"name": "Flock Safety", "vendor": "Flock Safety", "city": null, "operator": null, "direction": "326-11", "mount": null, "zone": "traffic", "source": "https://www.openstreetmap.org/node/13331558001", "packet": null}}, {"type": "Feature", "id": "cam:osm:n13331563602", "geometry": {"type": "Point", "coordinates": [-97.5480419, 35.4496659]}, "properties": {"name": "Flock Safety", "vendor": "Flock Safety", "city": null, "operator": null, "direction": "222-267", "mount": null, "zone": "traffic", "source": "https://www.openstreetmap.org/node/13331563602", "packet": null}}, {"type": "Feature", "id": "cam:osm:n13334076956", "geometry": {"type": "Point", "coordinates": [-97.9727247, 35.5312633]}, "properties": {"name": "El Reno Police", "vendor": "Flock Safety", "city": null, "operator": "El Reno Police", "direction": "145", "mount": null, "zone": "traffic", "source": "https://www.openstreetmap.org/node/13334076956", "packet": null}}, {"type": "Feature", "id": "cam:osm:n13343363901", "geometry": {"type": "Point", "coordinates": [-97.1606413, 34.2018618]}, "properties": {"name": "Flock Safety", "vendor": "Flock Safety", "city": null, "operator": null, "direction": "138-183", "mount": null, "zone": "traffic", "source": "https://www.openstreetmap.org/node/13343363901", "packet": null}}, {"type": "Feature", "id": "cam:osm:n13343509601", "geometry": {"type": "Point", "coordinates": [-97.5832473, 35.4875534]}, "properties": {"name": "Flock Safety", "vendor": "Flock Safety", "city": null, "operator": null, "direction": "313-358", "mount": null, "zone": "traffic", "source": "https://www.openstreetmap.org/node/13343509601", "packet": null}}, {"type": "Feature", "id": "cam:osm:n13348875201", "geometry": {"type": "Point", "coordinates": [-97.4061913, 35.4641373]}, "properties": {"name": "Flock Safety", "vendor": "Flock Safety", "city": null, "operator": null, "direction": "232-277", "mount": null, "zone": "traffic", "source": "https://www.openstreetmap.org/node/13348875201", "packet": null}}, {"type": "Feature", "id": "cam:osm:n13348877201", "geometry": {"type": "Point", "coordinates": [-97.4035341, 35.464044]}, "properties": {"name": "Flock Safety", "vendor": "Flock Safety", "city": null, "operator": null, "direction": "48-93", "mount": null, "zone": "traffic", "source": "https://www.openstreetmap.org/node/13348877201", "packet": null}}, {"type": "Feature", "id": "cam:osm:n13348929901", "geometry": {"type": "Point", "coordinates": [-97.1774717, 35.1453714]}, "properties": {"name": "Flock Safety", "vendor": "Flock Safety", "city": null, "operator": null, "direction": "240-285", "mount": null, "zone": "traffic", "source": "https://www.openstreetmap.org/node/13348929901", "packet": null}}, {"type": "Feature", "id": "cam:osm:n13352158001", "geometry": {"type": "Point", "coordinates": [-95.8253024, 36.2062069]}, "properties": {"name": "Flock Safety", "vendor": "Flock Safety", "city": null, "operator": null, "direction": "258", "mount": null, "zone": "traffic", "source": "https://www.openstreetmap.org/node/13352158001", "packet": null}}, {"type": "Feature", "id": "cam:osm:n13352244501", "geometry": {"type": "Point", "coordinates": [-95.9046707, 36.1579633]}, "properties": {"name": "Flock Safety", "vendor": "Flock Safety", "city": null, "operator": null, "direction": "150-195", "mount": null, "zone": "traffic", "source": "https://www.openstreetmap.org/node/13352244501", "packet": null}}, {"type": "Feature", "id": "cam:osm:n13356113001", "geometry": {"type": "Point", "coordinates": [-95.6317209, 36.2896528]}, "properties": {"name": "Flock Safety", "vendor": "Flock Safety", "city": null, "operator": null, "direction": "338-23", "mount": null, "zone": "traffic", "source": "https://www.openstreetmap.org/node/13356113001", "packet": null}}, {"type": "Feature", "id": "cam:osm:n13356325305", "geometry": {"type": "Point", "coordinates": [-95.9532437, 36.6991374]}, "properties": {"name": "Flock Safety", "vendor": "Flock Safety", "city": null, "operator": null, "direction": "325", "mount": null, "zone": null, "source": "https://www.openstreetmap.org/node/13356325305", "packet": null}}, {"type": "Feature", "id": "cam:osm:n13358613701", "geometry": {"type": "Point", "coordinates": [-95.6325233, 36.2889344]}, "properties": {"name": "Flock Safety", "vendor": "Flock Safety", "city": null, "operator": null, "direction": "67-112", "mount": null, "zone": "traffic", "source": "https://www.openstreetmap.org/node/13358613701", "packet": null}}, {"type": "Feature", "id": "cam:osm:n13358615801", "geometry": {"type": "Point", "coordinates": [-95.6303637, 36.2897603]}, "properties": {"name": "Flock Safety", "vendor": "Flock Safety", "city": null, "operator": null, "direction": "251-296", "mount": null, "zone": "traffic", "source": "https://www.openstreetmap.org/node/13358615801", "packet": null}}, {"type": "Feature", "id": "cam:osm:n13358618202", "geometry": {"type": "Point", "coordinates": [-95.6306568, 36.2890812]}, "properties": {"name": "Flock Safety", "vendor": "Flock Safety", "city": null, "operator": null, "direction": "248-293", "mount": null, "zone": "traffic", "source": "https://www.openstreetmap.org/node/13358618202", "packet": null}}, {"type": "Feature", "id": "cam:osm:n13373029401", "geometry": {"type": "Point", "coordinates": [-97.7069801, 35.4060381]}, "properties": {"name": "Flock Safety", "vendor": "Flock Safety", "city": null, "operator": null, "direction": "158", "mount": null, "zone": "traffic", "source": "https://www.openstreetmap.org/node/13373029401", "packet": null}}, {"type": "Feature", "id": "cam:osm:n13376074901", "geometry": {"type": "Point", "coordinates": [-98.4907791, 34.594805]}, "properties": {"name": "Flock Safety", "vendor": "Flock Safety", "city": null, "operator": null, "direction": "263", "mount": null, "zone": "traffic", "source": "https://www.openstreetmap.org/node/13376074901", "packet": null}}, {"type": "Feature", "id": "cam:osm:n13376077701", "geometry": {"type": "Point", "coordinates": [-98.4221289, 34.608808]}, "properties": {"name": "Flock Safety", "vendor": "Flock Safety", "city": null, "operator": null, "direction": "75", "mount": "traffic_signals", "zone": "traffic", "source": "https://www.openstreetmap.org/node/13376077701", "packet": null}}, {"type": "Feature", "id": "cam:osm:n13376079601", "geometry": {"type": "Point", "coordinates": [-98.4484618, 34.6223419]}, "properties": {"name": "Flock Safety", "vendor": "Flock Safety", "city": null, "operator": null, "direction": "75", "mount": null, "zone": "traffic", "source": "https://www.openstreetmap.org/node/13376079601", "packet": null}}, {"type": "Feature", "id": "cam:osm:n13376094601", "geometry": {"type": "Point", "coordinates": [-98.4485658, 34.6216716]}, "properties": {"name": "Lowe's", "vendor": "Flock Safety", "city": null, "operator": "Lowe's", "direction": "80", "mount": null, "zone": "traffic", "source": "https://www.openstreetmap.org/node/13376094601", "packet": null}}, {"type": "Feature", "id": "cam:osm:n13378310302", "geometry": {"type": "Point", "coordinates": [-97.4926353, 35.3242656]}, "properties": {"name": "Flock Safety", "vendor": "Flock Safety", "city": null, "operator": null, "direction": "342", "mount": null, "zone": "traffic", "source": "https://www.openstreetmap.org/node/13378310302", "packet": null}}, {"type": "Feature", "id": "cam:osm:n13378311305", "geometry": {"type": "Point", "coordinates": [-97.5038733, 35.3046444]}, "properties": {"name": "Flock Safety", "vendor": "Flock Safety", "city": null, "operator": null, "direction": "205", "mount": null, "zone": "traffic", "source": "https://www.openstreetmap.org/node/13378311305", "packet": null}}, {"type": "Feature", "id": "cam:osm:n13378322802", "geometry": {"type": "Point", "coordinates": [-97.4918692, 35.3259785]}, "properties": {"name": "Flock Safety", "vendor": "Flock Safety", "city": null, "operator": null, "direction": "124", "mount": null, "zone": "traffic", "source": "https://www.openstreetmap.org/node/13378322802", "packet": null}}, {"type": "Feature", "id": "cam:osm:n13378325201", "geometry": {"type": "Point", "coordinates": [-97.5040468, 35.3046884]}, "properties": {"name": "Flock Safety", "vendor": "Flock Safety", "city": null, "operator": null, "direction": "42", "mount": null, "zone": "traffic", "source": "https://www.openstreetmap.org/node/13378325201", "packet": null}}, {"type": "Feature", "id": "cam:osm:n13378325202", "geometry": {"type": "Point", "coordinates": [-97.4918421, 35.3252806]}, "properties": {"name": "Flock Safety", "vendor": "Flock Safety", "city": null, "operator": null, "direction": "90", "mount": null, "zone": "traffic", "source": "https://www.openstreetmap.org/node/13378325202", "packet": null}}, {"type": "Feature", "id": "cam:osm:n13378327001", "geometry": {"type": "Point", "coordinates": [-97.4918534, 35.3241394]}, "properties": {"name": "Flock Safety", "vendor": "Flock Safety", "city": null, "operator": null, "direction": "16", "mount": null, "zone": "traffic", "source": "https://www.openstreetmap.org/node/13378327001", "packet": null}}, {"type": "Feature", "id": "cam:osm:n13378328701", "geometry": {"type": "Point", "coordinates": [-97.4928481, 35.3260927]}, "properties": {"name": "Flock Safety", "vendor": "Flock Safety", "city": null, "operator": null, "direction": "241", "mount": null, "zone": "traffic", "source": "https://www.openstreetmap.org/node/13378328701", "packet": null}}, {"type": "Feature", "id": "cam:osm:n13378744101", "geometry": {"type": "Point", "coordinates": [-98.4748224, 34.6321432]}, "properties": {"name": "Flock Safety", "vendor": "Flock Safety", "city": null, "operator": null, "direction": "174", "mount": "pole", "zone": "traffic", "source": "https://www.openstreetmap.org/node/13378744101", "packet": null}}, {"type": "Feature", "id": "cam:osm:n13378750801", "geometry": {"type": "Point", "coordinates": [-98.4492104, 34.6232081]}, "properties": {"name": "Genetec", "vendor": "Genetec", "city": null, "operator": null, "direction": "66", "mount": "pole", "zone": "traffic", "source": "https://www.openstreetmap.org/node/13378750801", "packet": null}}, {"type": "Feature", "id": "cam:osm:n13380325601", "geometry": {"type": "Point", "coordinates": [-95.7738855, 36.0902332]}, "properties": {"name": "Flock Safety", "vendor": "Flock Safety", "city": null, "operator": null, "direction": "10", "mount": null, "zone": "traffic", "source": "https://www.openstreetmap.org/node/13380325601", "packet": null}}, {"type": "Feature", "id": "cam:osm:n13380326101", "geometry": {"type": "Point", "coordinates": [-95.773888, 36.0904271]}, "properties": {"name": "Flock Safety", "vendor": "Flock Safety", "city": null, "operator": null, "direction": "191", "mount": null, "zone": "traffic", "source": "https://www.openstreetmap.org/node/13380326101", "packet": null}}, {"type": "Feature", "id": "cam:osm:n13381796501", "geometry": {"type": "Point", "coordinates": [-97.5656189, 35.3915976]}, "properties": {"name": "Flock Safety", "vendor": "Flock Safety", "city": null, "operator": null, "direction": "157-202", "mount": null, "zone": "traffic", "source": "https://www.openstreetmap.org/node/13381796501", "packet": null}}, {"type": "Feature", "id": "cam:osm:n13387045338", "geometry": {"type": "Point", "coordinates": [-96.0565918, 36.1330505]}, "properties": {"name": "OSM node 13387045338", "vendor": null, "city": null, "operator": null, "direction": "155", "mount": null, "zone": null, "source": "https://www.openstreetmap.org/node/13387045338", "packet": null}}, {"type": "Feature", "id": "cam:osm:n13390080001", "geometry": {"type": "Point", "coordinates": [-97.4981592, 35.323076]}, "properties": {"name": "Flock Safety", "vendor": "Flock Safety", "city": null, "operator": null, "direction": "316", "mount": null, "zone": "traffic", "source": "https://www.openstreetmap.org/node/13390080001", "packet": null}}, {"type": "Feature", "id": "cam:osm:n13390080401", "geometry": {"type": "Point", "coordinates": [-97.4981592, 35.323076]}, "properties": {"name": "Flock Safety", "vendor": "Flock Safety", "city": null, "operator": null, "direction": "75", "mount": null, "zone": "traffic", "source": "https://www.openstreetmap.org/node/13390080401", "packet": null}}, {"type": "Feature", "id": "cam:osm:n13392057801", "geometry": {"type": "Point", "coordinates": [-97.5130159, 35.4642232]}, "properties": {"name": "Flock Safety", "vendor": "Flock Safety", "city": null, "operator": null, "direction": "47-92", "mount": null, "zone": "traffic", "source": "https://www.openstreetmap.org/node/13392057801", "packet": null}}, {"type": "Feature", "id": "cam:osm:n13396430801", "geometry": {"type": "Point", "coordinates": [-95.32344, 36.2927671]}, "properties": {"name": "Pryor Police", "vendor": "Flock Safety", "city": null, "operator": "Pryor Police", "direction": "38-83", "mount": null, "zone": "traffic", "source": "https://www.openstreetmap.org/node/13396430801", "packet": null}}, {"type": "Feature", "id": "cam:osm:n13397969601", "geometry": {"type": "Point", "coordinates": [-97.5694766, 35.4495291]}, "properties": {"name": "Flock Safety", "vendor": "Flock Safety", "city": null, "operator": null, "direction": "57-102", "mount": null, "zone": "traffic", "source": "https://www.openstreetmap.org/node/13397969601", "packet": null}}, {"type": "Feature", "id": "cam:osm:n13398022041", "geometry": {"type": "Point", "coordinates": [-95.8219363, 36.0898273]}, "properties": {"name": "Flock Safety", "vendor": "Flock Safety", "city": null, "operator": null, "direction": "135", "mount": null, "zone": null, "source": "https://www.openstreetmap.org/node/13398022041", "packet": null}}, {"type": "Feature", "id": "cam:osm:n13398022042", "geometry": {"type": "Point", "coordinates": [-95.8237109, 36.08982]}, "properties": {"name": "Flock Safety", "vendor": "Flock Safety", "city": null, "operator": null, "direction": "210", "mount": null, "zone": null, "source": "https://www.openstreetmap.org/node/13398022042", "packet": null}}, {"type": "Feature", "id": "cam:osm:n13398630402", "geometry": {"type": "Point", "coordinates": [-95.3148542, 36.2426464]}, "properties": {"name": "Flock Safety", "vendor": "Flock Safety", "city": null, "operator": null, "direction": "329-14;70-115", "mount": null, "zone": "traffic", "source": "https://www.openstreetmap.org/node/13398630402", "packet": null}}, {"type": "Feature", "id": "cam:osm:n13399571801", "geometry": {"type": "Point", "coordinates": [-97.627338, 35.4497391]}, "properties": {"name": "Flock Safety", "vendor": "Flock Safety", "city": null, "operator": null, "direction": "78-123", "mount": null, "zone": "traffic", "source": "https://www.openstreetmap.org/node/13399571801", "packet": null}}, {"type": "Feature", "id": "cam:osm:n13403170101", "geometry": {"type": "Point", "coordinates": [-97.6209223, 35.6086366]}, "properties": {"name": "Flock Safety", "vendor": "Flock Safety", "city": null, "operator": null, "direction": "157", "mount": null, "zone": "traffic", "source": "https://www.openstreetmap.org/node/13403170101", "packet": null}}, {"type": "Feature", "id": "cam:osm:n13409124454", "geometry": {"type": "Point", "coordinates": [-97.5823873, 35.3430894]}, "properties": {"name": "Flock Safety", "vendor": "Flock Safety", "city": null, "operator": null, "direction": "275", "mount": null, "zone": "residential", "source": "https://www.openstreetmap.org/node/13409124454", "packet": null}}, {"type": "Feature", "id": "cam:osm:n13414135901", "geometry": {"type": "Point", "coordinates": [-97.1436058, 33.7366711]}, "properties": {"name": "Flock Safety", "vendor": "Flock Safety", "city": null, "operator": null, "direction": "132-177", "mount": null, "zone": "traffic", "source": "https://www.openstreetmap.org/node/13414135901", "packet": null}}, {"type": "Feature", "id": "cam:osm:n13414200001", "geometry": {"type": "Point", "coordinates": [-97.1632066, 34.1886875]}, "properties": {"name": "Flock Safety", "vendor": "Flock Safety", "city": null, "operator": null, "direction": "44-89", "mount": null, "zone": "traffic", "source": "https://www.openstreetmap.org/node/13414200001", "packet": null}}, {"type": "Feature", "id": "cam:osm:n13418501989", "geometry": {"type": "Point", "coordinates": [-95.9756206, 35.9788486]}, "properties": {"name": "Flock Safety", "vendor": "Flock Safety", "city": null, "operator": null, "direction": "255", "mount": null, "zone": "entrance;traffic", "source": "https://www.openstreetmap.org/node/13418501989", "packet": null}}, {"type": "Feature", "id": "cam:osm:n13418545611", "geometry": {"type": "Point", "coordinates": [-95.7776711, 36.2639168]}, "properties": {"name": "Flock Safety", "vendor": "Flock Safety", "city": null, "operator": null, "direction": "75", "mount": null, "zone": "traffic", "source": "https://www.openstreetmap.org/node/13418545611", "packet": null}}, {"type": "Feature", "id": "cam:osm:n13418687103", "geometry": {"type": "Point", "coordinates": [-97.265257, 35.0151114]}, "properties": {"name": "Flock Safety", "vendor": "Flock Safety", "city": null, "operator": null, "direction": "0", "mount": null, "zone": "traffic", "source": "https://www.openstreetmap.org/node/13418687103", "packet": null}}, {"type": "Feature", "id": "cam:osm:n13419147201", "geometry": {"type": "Point", "coordinates": [-95.7378899, 36.1914791]}, "properties": {"name": "Flock Safety", "vendor": "Flock Safety", "city": null, "operator": null, "direction": "252", "mount": null, "zone": "traffic", "source": "https://www.openstreetmap.org/node/13419147201", "packet": null}}, {"type": "Feature", "id": "cam:osm:n13424491401", "geometry": {"type": "Point", "coordinates": [-97.5036818, 35.3634232]}, "properties": {"name": "Flock Safety", "vendor": "Flock Safety", "city": null, "operator": null, "direction": "246", "mount": null, "zone": "traffic", "source": "https://www.openstreetmap.org/node/13424491401", "packet": null}}, {"type": "Feature", "id": "cam:osm:n13427443102", "geometry": {"type": "Point", "coordinates": [-97.6634419, 35.3623098]}, "properties": {"name": "Flock Safety", "vendor": "Flock Safety", "city": null, "operator": null, "direction": "213", "mount": null, "zone": "traffic", "source": "https://www.openstreetmap.org/node/13427443102", "packet": null}}, {"type": "Feature", "id": "cam:osm:n13428800202", "geometry": {"type": "Point", "coordinates": [-95.8225748, 35.9881785]}, "properties": {"name": "Flock Safety", "vendor": "Flock Safety", "city": null, "operator": null, "direction": "155", "mount": null, "zone": "traffic", "source": "https://www.openstreetmap.org/node/13428800202", "packet": null}}, {"type": "Feature", "id": "cam:osm:n13429197401", "geometry": {"type": "Point", "coordinates": [-97.5727265, 35.5655886]}, "properties": {"name": "Flock Safety", "vendor": "Flock Safety", "city": null, "operator": null, "direction": "49-94;27-72", "mount": null, "zone": "traffic", "source": "https://www.openstreetmap.org/node/13429197401", "packet": null}}, {"type": "Feature", "id": "cam:osm:n13433462301", "geometry": {"type": "Point", "coordinates": [-95.8493111, 36.2785985]}, "properties": {"name": "Flock Safety", "vendor": "Flock Safety", "city": null, "operator": null, "direction": "262", "mount": null, "zone": "traffic", "source": "https://www.openstreetmap.org/node/13433462301", "packet": null}}, {"type": "Feature", "id": "cam:osm:n13435843901", "geometry": {"type": "Point", "coordinates": [-98.4573426, 34.5953927]}, "properties": {"name": "Flock Safety", "vendor": "Flock Safety", "city": null, "operator": null, "direction": "178", "mount": null, "zone": "traffic", "source": "https://www.openstreetmap.org/node/13435843901", "packet": null}}, {"type": "Feature", "id": "cam:osm:n13438679901", "geometry": {"type": "Point", "coordinates": [-97.6199663, 35.6079879]}, "properties": {"name": "Flock Safety", "vendor": "Flock Safety", "city": null, "operator": null, "direction": "7", "mount": "lightpole", "zone": "traffic", "source": "https://www.openstreetmap.org/node/13438679901", "packet": null}}, {"type": "Feature", "id": "cam:osm:n13438681001", "geometry": {"type": "Point", "coordinates": [-97.6201979, 35.6080041]}, "properties": {"name": "Flock Safety", "vendor": "Flock Safety", "city": null, "operator": null, "direction": "346", "mount": "lightpole", "zone": "traffic", "source": "https://www.openstreetmap.org/node/13438681001", "packet": null}}, {"type": "Feature", "id": "cam:osm:n13441699801", "geometry": {"type": "Point", "coordinates": [-95.9162586, 36.1771698]}, "properties": {"name": "Flock Safety", "vendor": "Flock Safety", "city": null, "operator": null, "direction": "250", "mount": null, "zone": "traffic", "source": "https://www.openstreetmap.org/node/13441699801", "packet": null}}, {"type": "Feature", "id": "cam:osm:n13443260001", "geometry": {"type": "Point", "coordinates": [-98.4044663, 34.6325555]}, "properties": {"name": "Flock Safety", "vendor": "Flock Safety", "city": null, "operator": null, "direction": "0", "mount": null, "zone": "traffic", "source": "https://www.openstreetmap.org/node/13443260001", "packet": null}}, {"type": "Feature", "id": "cam:osm:n13446993720", "geometry": {"type": "Point", "coordinates": [-97.3263508, 35.4497614]}, "properties": {"name": "Flock Safety", "vendor": "Flock Safety", "city": null, "operator": null, "direction": "220", "mount": null, "zone": null, "source": "https://www.openstreetmap.org/node/13446993720", "packet": null}}, {"type": "Feature", "id": "cam:osm:n13447008844", "geometry": {"type": "Point", "coordinates": [-97.3262802, 35.4493503]}, "properties": {"name": "Flock Safety", "vendor": "Flock Safety", "city": null, "operator": null, "direction": "35", "mount": null, "zone": null, "source": "https://www.openstreetmap.org/node/13447008844", "packet": null}}, {"type": "Feature", "id": "cam:osm:n13447015203", "geometry": {"type": "Point", "coordinates": [-97.3225539, 35.4497601]}, "properties": {"name": "Flock Safety", "vendor": "Flock Safety", "city": null, "operator": null, "direction": "190", "mount": null, "zone": "residential", "source": "https://www.openstreetmap.org/node/13447015203", "packet": null}}, {"type": "Feature", "id": "cam:osm:n13447015204", "geometry": {"type": "Point", "coordinates": [-97.3224278, 35.4494501]}, "properties": {"name": "Flock Safety", "vendor": "Flock Safety", "city": null, "operator": null, "direction": "20", "mount": null, "zone": "residential", "source": "https://www.openstreetmap.org/node/13447015204", "packet": null}}, {"type": "Feature", "id": "cam:osm:n13447017807", "geometry": {"type": "Point", "coordinates": [-97.324548, 35.4497652]}, "properties": {"name": "Flock Safety", "vendor": "Flock Safety", "city": null, "operator": null, "direction": "220", "mount": null, "zone": "residential", "source": "https://www.openstreetmap.org/node/13447017807", "packet": null}}, {"type": "Feature", "id": "cam:osm:n13447017808", "geometry": {"type": "Point", "coordinates": [-97.3244541, 35.449458]}, "properties": {"name": "Flock Safety", "vendor": "Flock Safety", "city": null, "operator": null, "direction": "55", "mount": null, "zone": "residential", "source": "https://www.openstreetmap.org/node/13447017808", "packet": null}}, {"type": "Feature", "id": "cam:osm:n13447038230", "geometry": {"type": "Point", "coordinates": [-97.3348348, 35.4431052]}, "properties": {"name": "Flock Safety", "vendor": "Flock Safety", "city": null, "operator": null, "direction": "285", "mount": null, "zone": "residential", "source": "https://www.openstreetmap.org/node/13447038230", "packet": null}}, {"type": "Feature", "id": "cam:osm:n13447038231", "geometry": {"type": "Point", "coordinates": [-97.335475, 35.4430732]}, "properties": {"name": "Flock Safety", "vendor": "Flock Safety", "city": null, "operator": null, "direction": "110", "mount": null, "zone": null, "source": "https://www.openstreetmap.org/node/13447038231", "packet": null}}, {"type": "Feature", "id": "cam:osm:n13452167101", "geometry": {"type": "Point", "coordinates": [-95.877756, 35.9454883]}, "properties": {"name": "Flock Safety", "vendor": "Flock Safety", "city": null, "operator": null, "direction": "19", "mount": null, "zone": "traffic", "source": "https://www.openstreetmap.org/node/13452167101", "packet": null}}, {"type": "Feature", "id": "cam:osm:n13452167401", "geometry": {"type": "Point", "coordinates": [-95.8826729, 35.948926]}, "properties": {"name": "Flock Safety", "vendor": "Flock Safety", "city": null, "operator": null, "direction": "243", "mount": null, "zone": "traffic", "source": "https://www.openstreetmap.org/node/13452167401", "packet": null}}, {"type": "Feature", "id": "cam:osm:n13452174001", "geometry": {"type": "Point", "coordinates": [-95.8878545, 36.0024678]}, "properties": {"name": "Flock Safety", "vendor": "Flock Safety", "city": null, "operator": null, "direction": "163", "mount": null, "zone": "traffic", "source": "https://www.openstreetmap.org/node/13452174001", "packet": null}}, {"type": "Feature", "id": "cam:osm:n13452176001", "geometry": {"type": "Point", "coordinates": [-95.7752344, 36.0608981]}, "properties": {"name": "Motorola Solutions", "vendor": "Motorola Solutions", "city": null, "operator": null, "direction": "35", "mount": null, "zone": "traffic", "source": "https://www.openstreetmap.org/node/13452176001", "packet": null}}, {"type": "Feature", "id": "cam:osm:n13456408401", "geometry": {"type": "Point", "coordinates": [-95.4936803, 36.0741984]}, "properties": {"name": "Flock Safety", "vendor": "Flock Safety", "city": null, "operator": null, "direction": "160", "mount": null, "zone": "traffic", "source": "https://www.openstreetmap.org/node/13456408401", "packet": null}}, {"type": "Feature", "id": "cam:osm:n13456559201", "geometry": {"type": "Point", "coordinates": [-95.9117132, 36.1749278]}, "properties": {"name": "Motorola Solutions", "vendor": "Motorola Solutions", "city": null, "operator": null, "direction": "177", "mount": null, "zone": "traffic", "source": "https://www.openstreetmap.org/node/13456559201", "packet": null}}, {"type": "Feature", "id": "cam:osm:n13460449259", "geometry": {"type": "Point", "coordinates": [-97.1432547, 34.1926737]}, "properties": {"name": "Flock Safety", "vendor": "Flock Safety", "city": null, "operator": null, "direction": "155", "mount": null, "zone": null, "source": "https://www.openstreetmap.org/node/13460449259", "packet": null}}, {"type": "Feature", "id": "cam:osm:n13460585901", "geometry": {"type": "Point", "coordinates": [-95.8303028, 36.2896388]}, "properties": {"name": "The Home Depot", "vendor": "Flock Safety", "city": null, "operator": "The Home Depot", "direction": "134;29", "mount": "pole", "zone": "traffic", "source": "https://www.openstreetmap.org/node/13460585901", "packet": null}}, {"type": "Feature", "id": "cam:osm:n13461158753", "geometry": {"type": "Point", "coordinates": [-97.1082801, 34.1774056]}, "properties": {"name": "OSM node 13461158753", "vendor": "Flock Safety", "city": null, "operator": null, "direction": null, "mount": null, "zone": null, "source": "https://www.openstreetmap.org/node/13461158753", "packet": null}}, {"type": "Feature", "id": "cam:osm:n13461186771", "geometry": {"type": "Point", "coordinates": [-97.1083532, 34.1742403]}, "properties": {"name": "Flock Safety", "vendor": "Flock Safety", "city": null, "operator": null, "direction": "240", "mount": null, "zone": null, "source": "https://www.openstreetmap.org/node/13461186771", "packet": null}}, {"type": "Feature", "id": "cam:osm:n13461196032", "geometry": {"type": "Point", "coordinates": [-97.1186111, 34.1585298]}, "properties": {"name": "Flock Safety", "vendor": "Flock Safety", "city": null, "operator": null, "direction": "255", "mount": null, "zone": null, "source": "https://www.openstreetmap.org/node/13461196032", "packet": null}}, {"type": "Feature", "id": "cam:osm:n13461262601", "geometry": {"type": "Point", "coordinates": [-97.1349219, 34.158376]}, "properties": {"name": "Flock Safety", "vendor": "Flock Safety", "city": null, "operator": null, "direction": "60", "mount": "pole", "zone": "traffic", "source": "https://www.openstreetmap.org/node/13461262601", "packet": null}}, {"type": "Feature", "id": "cam:osm:n13461264101", "geometry": {"type": "Point", "coordinates": [-97.12146, 34.1627892]}, "properties": {"name": "Flock Safety", "vendor": "Flock Safety", "city": null, "operator": null, "direction": "341", "mount": null, "zone": "traffic", "source": "https://www.openstreetmap.org/node/13461264101", "packet": null}}, {"type": "Feature", "id": "cam:osm:n13461267001", "geometry": {"type": "Point", "coordinates": [-97.13497, 34.1583723]}, "properties": {"name": "OSM node 13461267001", "vendor": "Flock Safety", "city": null, "operator": null, "direction": null, "mount": null, "zone": null, "source": "https://www.openstreetmap.org/node/13461267001", "packet": null}}, {"type": "Feature", "id": "cam:osm:n13461426465", "geometry": {"type": "Point", "coordinates": [-97.4831182, 35.2094131]}, "properties": {"name": "The Home Depot", "vendor": "Flock Safety", "city": null, "operator": "The Home Depot", "direction": null, "mount": null, "zone": null, "source": "https://www.openstreetmap.org/node/13461426465", "packet": null}}, {"type": "Feature", "id": "cam:osm:n13461426466", "geometry": {"type": "Point", "coordinates": [-97.4838976, 35.2094331]}, "properties": {"name": "The Home Depot", "vendor": "Flock Safety", "city": null, "operator": "The Home Depot", "direction": null, "mount": null, "zone": null, "source": "https://www.openstreetmap.org/node/13461426466", "packet": null}}, {"type": "Feature", "id": "cam:osm:n13461439702", "geometry": {"type": "Point", "coordinates": [-97.5851394, 35.7223282]}, "properties": {"name": "Flock Safety", "vendor": "Flock Safety", "city": null, "operator": null, "direction": "270", "mount": null, "zone": "traffic", "source": "https://www.openstreetmap.org/node/13461439702", "packet": null}}, {"type": "Feature", "id": "cam:osm:n13461473901", "geometry": {"type": "Point", "coordinates": [-97.1216731, 34.1584222]}, "properties": {"name": "OSM node 13461473901", "vendor": "Flock Safety", "city": null, "operator": null, "direction": null, "mount": null, "zone": null, "source": "https://www.openstreetmap.org/node/13461473901", "packet": null}}, {"type": "Feature", "id": "cam:osm:n13461552701", "geometry": {"type": "Point", "coordinates": [-95.8329022, 36.2916757]}, "properties": {"name": "The Home Depot", "vendor": "Flock Safety", "city": null, "operator": "The Home Depot", "direction": "171", "mount": "pole", "zone": "traffic", "source": "https://www.openstreetmap.org/node/13461552701", "packet": null}}, {"type": "Feature", "id": "cam:osm:n13462632301", "geometry": {"type": "Point", "coordinates": [-97.1239777, 34.1845924]}, "properties": {"name": "Flock Safety", "vendor": "Flock Safety", "city": null, "operator": null, "direction": "146", "mount": null, "zone": "traffic", "source": "https://www.openstreetmap.org/node/13462632301", "packet": null}}, {"type": "Feature", "id": "cam:osm:n13462662301", "geometry": {"type": "Point", "coordinates": [-97.1081181, 34.175143]}, "properties": {"name": "Flock Safety", "vendor": "Flock Safety", "city": null, "operator": null, "direction": "326", "mount": null, "zone": "traffic", "source": "https://www.openstreetmap.org/node/13462662301", "packet": null}}, {"type": "Feature", "id": "cam:osm:n13462662302", "geometry": {"type": "Point", "coordinates": [-97.1083739, 34.1850895]}, "properties": {"name": "OSM node 13462662302", "vendor": "Flock Safety", "city": null, "operator": null, "direction": null, "mount": null, "zone": null, "source": "https://www.openstreetmap.org/node/13462662302", "packet": null}}, {"type": "Feature", "id": "cam:osm:n13462666401", "geometry": {"type": "Point", "coordinates": [-97.1082927, 34.1797247]}, "properties": {"name": "OSM node 13462666401", "vendor": "Flock Safety", "city": null, "operator": null, "direction": null, "mount": null, "zone": null, "source": "https://www.openstreetmap.org/node/13462666401", "packet": null}}, {"type": "Feature", "id": "cam:osm:n13462667501", "geometry": {"type": "Point", "coordinates": [-97.1081245, 34.1825347]}, "properties": {"name": "OSM node 13462667501", "vendor": "Flock Safety", "city": null, "operator": null, "direction": null, "mount": null, "zone": null, "source": "https://www.openstreetmap.org/node/13462667501", "packet": null}}, {"type": "Feature", "id": "cam:osm:n13462688101", "geometry": {"type": "Point", "coordinates": [-97.1215606, 34.1584484]}, "properties": {"name": "OSM node 13462688101", "vendor": "Flock Safety", "city": null, "operator": null, "direction": null, "mount": null, "zone": null, "source": "https://www.openstreetmap.org/node/13462688101", "packet": null}}, {"type": "Feature", "id": "cam:osm:n13462701201", "geometry": {"type": "Point", "coordinates": [-97.1214909, 34.163245]}, "properties": {"name": "OSM node 13462701201", "vendor": "Flock Safety", "city": null, "operator": null, "direction": null, "mount": null, "zone": null, "source": "https://www.openstreetmap.org/node/13462701201", "packet": null}}, {"type": "Feature", "id": "cam:osm:n13462712801", "geometry": {"type": "Point", "coordinates": [-97.123994, 34.1626561]}, "properties": {"name": "OSM node 13462712801", "vendor": "Flock Safety", "city": null, "operator": null, "direction": null, "mount": null, "zone": null, "source": "https://www.openstreetmap.org/node/13462712801", "packet": null}}, {"type": "Feature", "id": "cam:osm:n13462714601", "geometry": {"type": "Point", "coordinates": [-97.1275323, 34.1626617]}, "properties": {"name": "Flock Safety", "vendor": "Flock Safety", "city": null, "operator": null, "direction": "56", "mount": null, "zone": "traffic", "source": "https://www.openstreetmap.org/node/13462714601", "packet": null}}, {"type": "Feature", "id": "cam:osm:n13462718401", "geometry": {"type": "Point", "coordinates": [-97.1284855, 34.1724952]}, "properties": {"name": "Flock Safety", "vendor": "Flock Safety", "city": null, "operator": null, "direction": "180", "mount": null, "zone": "traffic", "source": "https://www.openstreetmap.org/node/13462718401", "packet": null}}, {"type": "Feature", "id": "cam:osm:n13462719101", "geometry": {"type": "Point", "coordinates": [-97.1283122, 34.1726145]}, "properties": {"name": "Flock Safety", "vendor": "Flock Safety", "city": null, "operator": null, "direction": "0", "mount": null, "zone": "traffic", "source": "https://www.openstreetmap.org/node/13462719101", "packet": null}}, {"type": "Feature", "id": "cam:osm:n13462727803", "geometry": {"type": "Point", "coordinates": [-97.1605996, 34.1886761]}, "properties": {"name": "Flock Safety", "vendor": "Flock Safety", "city": null, "operator": null, "direction": "314", "mount": null, "zone": "traffic", "source": "https://www.openstreetmap.org/node/13462727803", "packet": null}}, {"type": "Feature", "id": "cam:osm:n13462734202", "geometry": {"type": "Point", "coordinates": [-97.1428008, 34.1743619]}, "properties": {"name": "Flock Safety", "vendor": "Flock Safety", "city": null, "operator": null, "direction": "64", "mount": null, "zone": "traffic", "source": "https://www.openstreetmap.org/node/13462734202", "packet": null}}, {"type": "Feature", "id": "cam:osm:n13464420901", "geometry": {"type": "Point", "coordinates": [-97.5470132, 35.5265708]}, "properties": {"name": "Flock Safety", "vendor": "Flock Safety", "city": null, "operator": null, "direction": "100", "mount": null, "zone": "traffic", "source": "https://www.openstreetmap.org/node/13464420901", "packet": null}}, {"type": "Feature", "id": "cam:osm:n13464610951", "geometry": {"type": "Point", "coordinates": [-97.4019782, 35.4495707]}, "properties": {"name": "Flock Safety", "vendor": "Flock Safety", "city": null, "operator": null, "direction": "65", "mount": null, "zone": "traffic", "source": "https://www.openstreetmap.org/node/13464610951", "packet": null}}, {"type": "Feature", "id": "cam:osm:n13465339001", "geometry": {"type": "Point", "coordinates": [-95.7975631, 36.0705892]}, "properties": {"name": "Leonardo", "vendor": "Leonardo", "city": null, "operator": null, "direction": "167", "mount": null, "zone": "traffic", "source": "https://www.openstreetmap.org/node/13465339001", "packet": null}}, {"type": "Feature", "id": "cam:osm:n13465376702", "geometry": {"type": "Point", "coordinates": [-95.7973742, 36.0694562]}, "properties": {"name": "Leonardo", "vendor": "Leonardo", "city": null, "operator": null, "direction": "343", "mount": "traffic_signals", "zone": "traffic", "source": "https://www.openstreetmap.org/node/13465376702", "packet": null}}, {"type": "Feature", "id": "cam:osm:n13471122401", "geometry": {"type": "Point", "coordinates": [-95.9044202, 36.1052784]}, "properties": {"name": "The Home Depot", "vendor": "Flock Safety", "city": null, "operator": "The Home Depot", "direction": "69", "mount": "pole", "zone": "traffic", "source": "https://www.openstreetmap.org/node/13471122401", "packet": null}}, {"type": "Feature", "id": "cam:osm:n13471126301", "geometry": {"type": "Point", "coordinates": [-95.9027357, 36.1044932]}, "properties": {"name": "The Home Depot", "vendor": "Flock Safety", "city": null, "operator": "The Home Depot", "direction": "343;284", "mount": "pole", "zone": "traffic", "source": "https://www.openstreetmap.org/node/13471126301", "packet": null}}, {"type": "Feature", "id": "cam:osm:n13472391743", "geometry": {"type": "Point", "coordinates": [-95.8866034, 36.0743061]}, "properties": {"name": "Tulsa Police Department", "vendor": "Flock Safety", "city": "Tulsa", "operator": "Tulsa Police Department", "direction": "180", "mount": null, "zone": "traffic", "source": "https://www.openstreetmap.org/node/13472391743", "packet": {"city": "Tulsa", "amount_usd": null, "retention": null, "status": "flocked", "has_contract_pdf": false}}}, {"type": "Feature", "id": "cam:osm:n13472396701", "geometry": {"type": "Point", "coordinates": [-97.0234031, 35.9276295]}, "properties": {"name": "Flock Safety", "vendor": "Flock Safety", "city": null, "operator": null, "direction": "234", "mount": null, "zone": "traffic", "source": "https://www.openstreetmap.org/node/13472396701", "packet": null}}, {"type": "Feature", "id": "cam:osm:n13472398501", "geometry": {"type": "Point", "coordinates": [-97.0164012, 35.9153829]}, "properties": {"name": "Flock Safety", "vendor": "Flock Safety", "city": null, "operator": null, "direction": "49", "mount": null, "zone": "traffic", "source": "https://www.openstreetmap.org/node/13472398501", "packet": null}}, {"type": "Feature", "id": "cam:osm:n13472404101", "geometry": {"type": "Point", "coordinates": [-97.0163267, 35.9151727]}, "properties": {"name": "Flock Safety", "vendor": "Flock Safety", "city": null, "operator": null, "direction": "126", "mount": null, "zone": "traffic", "source": "https://www.openstreetmap.org/node/13472404101", "packet": null}}, {"type": "Feature", "id": "cam:osm:n13474580090", "geometry": {"type": "Point", "coordinates": [-95.5095005, 36.151254]}, "properties": {"name": "Flock Safety", "vendor": "Flock Safety", "city": null, "operator": null, "direction": null, "mount": null, "zone": null, "source": "https://www.openstreetmap.org/node/13474580090", "packet": null}}, {"type": "Feature", "id": "cam:osm:n13475502302", "geometry": {"type": "Point", "coordinates": [-95.9203631, 36.1389196]}, "properties": {"name": "Flock Safety", "vendor": "Flock Safety", "city": null, "operator": null, "direction": "185", "mount": "pole", "zone": "traffic", "source": "https://www.openstreetmap.org/node/13475502302", "packet": null}}, {"type": "Feature", "id": "cam:osm:n13477294901", "geometry": {"type": "Point", "coordinates": [-95.7975115, 36.0598638]}, "properties": {"name": "Leonardo", "vendor": "Leonardo", "city": null, "operator": null, "direction": "164", "mount": null, "zone": "traffic", "source": "https://www.openstreetmap.org/node/13477294901", "packet": null}}, {"type": "Feature", "id": "cam:osm:n13477298001", "geometry": {"type": "Point", "coordinates": [-97.5121718, 35.2233901]}, "properties": {"name": "Flock Safety", "vendor": "Flock Safety", "city": null, "operator": null, "direction": "238", "mount": null, "zone": "traffic", "source": "https://www.openstreetmap.org/node/13477298001", "packet": null}}, {"type": "Feature", "id": "cam:osm:n13477324806", "geometry": {"type": "Point", "coordinates": [-97.5121657, 35.2197795]}, "properties": {"name": "Flock Safety", "vendor": "Flock Safety", "city": null, "operator": null, "direction": "238", "mount": null, "zone": "traffic", "source": "https://www.openstreetmap.org/node/13477324806", "packet": null}}, {"type": "Feature", "id": "cam:osm:n13481061272", "geometry": {"type": "Point", "coordinates": [-95.9980178, 35.90109]}, "properties": {"name": "Flock Safety", "vendor": "Flock Safety", "city": null, "operator": null, "direction": "90", "mount": "pole", "zone": "traffic", "source": "https://www.openstreetmap.org/node/13481061272", "packet": null}}, {"type": "Feature", "id": "cam:osm:n13481187620", "geometry": {"type": "Point", "coordinates": [-97.1433911, 33.7363865]}, "properties": {"name": "Flock Safety", "vendor": "Flock Safety", "city": null, "operator": null, "direction": "300", "mount": null, "zone": "traffic", "source": "https://www.openstreetmap.org/node/13481187620", "packet": null}}, {"type": "Feature", "id": "cam:osm:n13481660783", "geometry": {"type": "Point", "coordinates": [-97.2649395, 35.4356167]}, "properties": {"name": "Flock Safety", "vendor": "Flock Safety", "city": null, "operator": null, "direction": "335", "mount": null, "zone": null, "source": "https://www.openstreetmap.org/node/13481660783", "packet": null}}, {"type": "Feature", "id": "cam:osm:n13484129801", "geometry": {"type": "Point", "coordinates": [-95.7434298, 34.9166198]}, "properties": {"name": "Flock Safety", "vendor": "Flock Safety", "city": null, "operator": null, "direction": "139-184", "mount": null, "zone": "traffic", "source": "https://www.openstreetmap.org/node/13484129801", "packet": null}}, {"type": "Feature", "id": "cam:osm:n13484130901", "geometry": {"type": "Point", "coordinates": [-95.7434607, 34.9150457]}, "properties": {"name": "Flock Safety", "vendor": "Flock Safety", "city": null, "operator": null, "direction": "350-35", "mount": null, "zone": "traffic", "source": "https://www.openstreetmap.org/node/13484130901", "packet": null}}, {"type": "Feature", "id": "cam:osm:n13484131701", "geometry": {"type": "Point", "coordinates": [-95.7440356, 34.9166402]}, "properties": {"name": "Flock Safety", "vendor": "Flock Safety", "city": null, "operator": null, "direction": "175-219", "mount": null, "zone": "traffic", "source": "https://www.openstreetmap.org/node/13484131701", "packet": null}}, {"type": "Feature", "id": "cam:osm:n13484913802", "geometry": {"type": "Point", "coordinates": [-95.9213359, 36.0513199]}, "properties": {"name": "Flock Safety", "vendor": "Flock Safety", "city": null, "operator": null, "direction": "145", "mount": "pole", "zone": "traffic", "source": "https://www.openstreetmap.org/node/13484913802", "packet": null}}, {"type": "Feature", "id": "cam:osm:n13484914901", "geometry": {"type": "Point", "coordinates": [-95.921851, 36.0501182]}, "properties": {"name": "Flock Safety", "vendor": "Flock Safety", "city": null, "operator": null, "direction": "82", "mount": "pole", "zone": "traffic", "source": "https://www.openstreetmap.org/node/13484914901", "packet": null}}, {"type": "Feature", "id": "cam:osm:n13484921501", "geometry": {"type": "Point", "coordinates": [-95.9319257, 36.0750936]}, "properties": {"name": "Flock Safety", "vendor": "Flock Safety", "city": null, "operator": null, "direction": "196", "mount": "pole", "zone": "traffic", "source": "https://www.openstreetmap.org/node/13484921501", "packet": null}}, {"type": "Feature", "id": "cam:osm:n13485181501", "geometry": {"type": "Point", "coordinates": [-97.6491948, 35.5612402]}, "properties": {"name": "The Home Depot", "vendor": "Flock Safety", "city": null, "operator": "The Home Depot", "direction": "159;265", "mount": "pole", "zone": "traffic", "source": "https://www.openstreetmap.org/node/13485181501", "packet": null}}, {"type": "Feature", "id": "cam:osm:n13485183301", "geometry": {"type": "Point", "coordinates": [-97.6492556, 35.5611649]}, "properties": {"name": "The Home Depot", "vendor": "Flock Safety", "city": null, "operator": "The Home Depot", "direction": "0", "mount": "pole", "zone": "traffic", "source": "https://www.openstreetmap.org/node/13485183301", "packet": null}}, {"type": "Feature", "id": "cam:osm:n13500723601", "geometry": {"type": "Point", "coordinates": [-97.3363639, 35.1313662]}, "properties": {"name": "Flock Safety", "vendor": "Flock Safety", "city": null, "operator": null, "direction": "244", "mount": null, "zone": "traffic", "source": "https://www.openstreetmap.org/node/13500723601", "packet": null}}, {"type": "Feature", "id": "cam:osm:n13514915501", "geometry": {"type": "Point", "coordinates": [-97.1083458, 34.1850895]}, "properties": {"name": "Flock Safety", "vendor": "Flock Safety", "city": null, "operator": null, "direction": "119", "mount": null, "zone": "traffic", "source": "https://www.openstreetmap.org/node/13514915501", "packet": null}}, {"type": "Feature", "id": "cam:osm:n13515521401", "geometry": {"type": "Point", "coordinates": [-95.855737, 36.104277]}, "properties": {"name": "Flock Safety", "vendor": "Flock Safety", "city": null, "operator": null, "direction": "69", "mount": null, "zone": "traffic", "source": "https://www.openstreetmap.org/node/13515521401", "packet": null}}, {"type": "Feature", "id": "cam:osm:n13515522301", "geometry": {"type": "Point", "coordinates": [-95.8640126, 36.1038535]}, "properties": {"name": "Flock Safety", "vendor": "Flock Safety", "city": null, "operator": null, "direction": "178", "mount": "pole", "zone": "traffic", "source": "https://www.openstreetmap.org/node/13515522301", "packet": null}}, {"type": "Feature", "id": "cam:osm:n13517499801", "geometry": {"type": "Point", "coordinates": [-96.101515, 36.1385453]}, "properties": {"name": "Flock Safety", "vendor": "Flock Safety", "city": null, "operator": null, "direction": "251", "mount": "pole", "zone": "traffic", "source": "https://www.openstreetmap.org/node/13517499801", "packet": null}}, {"type": "Feature", "id": "cam:osm:n13520561501", "geometry": {"type": "Point", "coordinates": [-95.993217, 36.1942023]}, "properties": {"name": "Flock Safety", "vendor": "Flock Safety", "city": null, "operator": null, "direction": "82", "mount": null, "zone": "traffic", "source": "https://www.openstreetmap.org/node/13520561501", "packet": null}}, {"type": "Feature", "id": "cam:osm:n13520562501", "geometry": {"type": "Point", "coordinates": [-95.9828517, 36.1914721]}, "properties": {"name": "Flock Safety", "vendor": "Flock Safety", "city": null, "operator": null, "direction": "87", "mount": null, "zone": "traffic", "source": "https://www.openstreetmap.org/node/13520562501", "packet": null}}, {"type": "Feature", "id": "cam:osm:n13524887201", "geometry": {"type": "Point", "coordinates": [-97.5878542, 35.3490489]}, "properties": {"name": "Flock Safety", "vendor": "Flock Safety", "city": null, "operator": null, "direction": "194", "mount": null, "zone": "traffic", "source": "https://www.openstreetmap.org/node/13524887201", "packet": null}}, {"type": "Feature", "id": "cam:osm:n13527234301", "geometry": {"type": "Point", "coordinates": [-95.9518915, 36.0334493]}, "properties": {"name": "The Home Depot", "vendor": "Flock Safety", "city": null, "operator": "The Home Depot", "direction": "43", "mount": null, "zone": "traffic", "source": "https://www.openstreetmap.org/node/13527234301", "packet": null}}, {"type": "Feature", "id": "cam:osm:n13527285401", "geometry": {"type": "Point", "coordinates": [-97.7209451, 35.49348]}, "properties": {"name": "Flock Safety", "vendor": "Flock Safety", "city": null, "operator": null, "direction": "261", "mount": null, "zone": "traffic", "source": "https://www.openstreetmap.org/node/13527285401", "packet": null}}, {"type": "Feature", "id": "cam:osm:n13529338401", "geometry": {"type": "Point", "coordinates": [-97.6310015, 35.4630295]}, "properties": {"name": "Flock Safety", "vendor": "Flock Safety", "city": null, "operator": null, "direction": "249-294", "mount": null, "zone": "traffic", "source": "https://www.openstreetmap.org/node/13529338401", "packet": null}}, {"type": "Feature", "id": "cam:osm:n13529338601", "geometry": {"type": "Point", "coordinates": [-97.6310015, 35.4630295]}, "properties": {"name": "Flock Safety", "vendor": "Flock Safety", "city": null, "operator": null, "direction": "187-232", "mount": null, "zone": "traffic", "source": "https://www.openstreetmap.org/node/13529338601", "packet": null}}, {"type": "Feature", "id": "cam:osm:n13529340101", "geometry": {"type": "Point", "coordinates": [-97.6310211, 35.462276]}, "properties": {"name": "Flock Safety", "vendor": "Flock Safety", "city": null, "operator": null, "direction": "231-276", "mount": null, "zone": "traffic", "source": "https://www.openstreetmap.org/node/13529340101", "packet": null}}, {"type": "Feature", "id": "cam:osm:n13529342001", "geometry": {"type": "Point", "coordinates": [-97.6318612, 35.4622674]}, "properties": {"name": "Flock Safety", "vendor": "Flock Safety", "city": null, "operator": null, "direction": "96-141", "mount": null, "zone": "traffic", "source": "https://www.openstreetmap.org/node/13529342001", "packet": null}}, {"type": "Feature", "id": "cam:osm:n13529342501", "geometry": {"type": "Point", "coordinates": [-97.6318612, 35.4622674]}, "properties": {"name": "Flock Safety", "vendor": "Flock Safety", "city": null, "operator": null, "direction": "218-263", "mount": null, "zone": "traffic", "source": "https://www.openstreetmap.org/node/13529342501", "packet": null}}, {"type": "Feature", "id": "cam:osm:n13529343201", "geometry": {"type": "Point", "coordinates": [-97.632301, 35.4622694]}, "properties": {"name": "Flock Safety", "vendor": "Flock Safety", "city": null, "operator": null, "direction": "319-4", "mount": null, "zone": "traffic", "source": "https://www.openstreetmap.org/node/13529343201", "packet": null}}, {"type": "Feature", "id": "cam:osm:n13529343301", "geometry": {"type": "Point", "coordinates": [-97.632301, 35.4622694]}, "properties": {"name": "Flock Safety", "vendor": "Flock Safety", "city": null, "operator": null, "direction": "95-140", "mount": null, "zone": "traffic", "source": "https://www.openstreetmap.org/node/13529343301", "packet": null}}, {"type": "Feature", "id": "cam:osm:n13529347001", "geometry": {"type": "Point", "coordinates": [-97.6331324, 35.4619859]}, "properties": {"name": "Flock Safety", "vendor": "Flock Safety", "city": null, "operator": null, "direction": "1-46", "mount": null, "zone": "traffic", "source": "https://www.openstreetmap.org/node/13529347001", "packet": null}}, {"type": "Feature", "id": "cam:osm:n13530343701", "geometry": {"type": "Point", "coordinates": [-97.4219515, 35.4477722]}, "properties": {"name": "The Home Depot", "vendor": "Flock Safety", "city": null, "operator": "The Home Depot", "direction": "0", "mount": "pole", "zone": "traffic", "source": "https://www.openstreetmap.org/node/13530343701", "packet": null}}, {"type": "Feature", "id": "cam:osm:n13530628601", "geometry": {"type": "Point", "coordinates": [-95.9500573, 36.0334111]}, "properties": {"name": "The Home Depot", "vendor": "Flock Safety", "city": null, "operator": "The Home Depot", "direction": "80", "mount": null, "zone": "traffic", "source": "https://www.openstreetmap.org/node/13530628601", "packet": null}}, {"type": "Feature", "id": "cam:osm:n13532402701", "geometry": {"type": "Point", "coordinates": [-97.4827119, 35.2087123]}, "properties": {"name": "The Home Depot", "vendor": "Flock Safety", "city": null, "operator": "The Home Depot", "direction": "202", "mount": "pole", "zone": "traffic", "source": "https://www.openstreetmap.org/node/13532402701", "packet": null}}, {"type": "Feature", "id": "cam:osm:n13532411801", "geometry": {"type": "Point", "coordinates": [-97.4828893, 35.2076904]}, "properties": {"name": "Flock Safety", "vendor": "Flock Safety", "city": null, "operator": null, "direction": "231;332", "mount": null, "zone": "traffic", "source": "https://www.openstreetmap.org/node/13532411801", "packet": null}}, {"type": "Feature", "id": "cam:osm:n13537787101", "geometry": {"type": "Point", "coordinates": [-97.5522722, 35.5656991]}, "properties": {"name": "Flock Safety", "vendor": "Flock Safety", "city": null, "operator": null, "direction": "242", "mount": "pole", "zone": "traffic", "source": "https://www.openstreetmap.org/node/13537787101", "packet": null}}, {"type": "Feature", "id": "cam:osm:n13541697201", "geometry": {"type": "Point", "coordinates": [-97.5126806, 35.3897453]}, "properties": {"name": "Flock Safety", "vendor": "Flock Safety", "city": null, "operator": null, "direction": "223", "mount": null, "zone": "traffic", "source": "https://www.openstreetmap.org/node/13541697201", "packet": null}}, {"type": "Feature", "id": "cam:osm:n13541698401", "geometry": {"type": "Point", "coordinates": [-97.5128362, 35.3907496]}, "properties": {"name": "Flock Safety", "vendor": "Flock Safety", "city": null, "operator": null, "direction": "185", "mount": null, "zone": "traffic", "source": "https://www.openstreetmap.org/node/13541698401", "packet": null}}, {"type": "Feature", "id": "cam:osm:n13541699602", "geometry": {"type": "Point", "coordinates": [-97.5125924, 35.391493]}, "properties": {"name": "Flock Safety", "vendor": "Flock Safety", "city": null, "operator": null, "direction": "142", "mount": null, "zone": "traffic", "source": "https://www.openstreetmap.org/node/13541699602", "packet": null}}, {"type": "Feature", "id": "cam:osm:n13541701501", "geometry": {"type": "Point", "coordinates": [-97.5130428, 35.390758]}, "properties": {"name": "Flock Safety", "vendor": "Flock Safety", "city": null, "operator": null, "direction": "238", "mount": null, "zone": "traffic", "source": "https://www.openstreetmap.org/node/13541701501", "packet": null}}, {"type": "Feature", "id": "cam:osm:n13541701901", "geometry": {"type": "Point", "coordinates": [-97.5140378, 35.3907554]}, "properties": {"name": "Flock Safety", "vendor": "Flock Safety", "city": null, "operator": null, "direction": "147", "mount": null, "zone": "traffic", "source": "https://www.openstreetmap.org/node/13541701901", "packet": null}}, {"type": "Feature", "id": "cam:osm:n13542054301", "geometry": {"type": "Point", "coordinates": [-95.8721563, 35.9658677]}, "properties": {"name": "Flock Safety", "vendor": "Flock Safety", "city": null, "operator": null, "direction": "235", "mount": "pole", "zone": "traffic", "source": "https://www.openstreetmap.org/node/13542054301", "packet": null}}, {"type": "Feature", "id": "cam:osm:n13542055001", "geometry": {"type": "Point", "coordinates": [-95.8723361, 35.9657477]}, "properties": {"name": "Flock Safety", "vendor": "Flock Safety", "city": null, "operator": null, "direction": "68", "mount": "pole", "zone": "traffic", "source": "https://www.openstreetmap.org/node/13542055001", "packet": null}}, {"type": "Feature", "id": "cam:osm:n13542065401", "geometry": {"type": "Point", "coordinates": [-97.5479581, 35.5655671]}, "properties": {"name": "Flock Safety", "vendor": "Flock Safety", "city": null, "operator": null, "direction": "72", "mount": "pole", "zone": "traffic", "source": "https://www.openstreetmap.org/node/13542065401", "packet": null}}, {"type": "Feature", "id": "cam:osm:n13544732901", "geometry": {"type": "Point", "coordinates": [-95.3151832, 36.2484847]}, "properties": {"name": "Flock Safety", "vendor": "Flock Safety", "city": null, "operator": null, "direction": "143-188", "mount": null, "zone": "traffic", "source": "https://www.openstreetmap.org/node/13544732901", "packet": null}}, {"type": "Feature", "id": "cam:osm:n13544733701", "geometry": {"type": "Point", "coordinates": [-95.3097581, 36.2485682]}, "properties": {"name": "Flock Safety", "vendor": "Flock Safety", "city": null, "operator": null, "direction": "172-216", "mount": null, "zone": "traffic", "source": "https://www.openstreetmap.org/node/13544733701", "packet": null}}, {"type": "Feature", "id": "cam:osm:n13556305401", "geometry": {"type": "Point", "coordinates": [-95.9583229, 36.196042]}, "properties": {"name": "Flock Safety", "vendor": "Flock Safety", "city": null, "operator": null, "direction": "178", "mount": null, "zone": "traffic", "source": "https://www.openstreetmap.org/node/13556305401", "packet": null}}, {"type": "Feature", "id": "cam:osm:n13556315401", "geometry": {"type": "Point", "coordinates": [-95.9585766, 36.2488758]}, "properties": {"name": "Flock Safety", "vendor": "Flock Safety", "city": null, "operator": null, "direction": "171", "mount": null, "zone": "traffic", "source": "https://www.openstreetmap.org/node/13556315401", "packet": null}}, {"type": "Feature", "id": "cam:osm:n13556315402", "geometry": {"type": "Point", "coordinates": [-95.9932662, 36.2494912]}, "properties": {"name": "Flock Safety", "vendor": "Flock Safety", "city": null, "operator": null, "direction": "88", "mount": null, "zone": "traffic", "source": "https://www.openstreetmap.org/node/13556315402", "packet": null}}, {"type": "Feature", "id": "cam:osm:n13564481301", "geometry": {"type": "Point", "coordinates": [-97.4228286, 35.4478925]}, "properties": {"name": "Flock Safety", "vendor": "Flock Safety", "city": null, "operator": null, "direction": "306;106", "mount": null, "zone": "traffic", "source": "https://www.openstreetmap.org/node/13564481301", "packet": null}}, {"type": "Feature", "id": "cam:osm:n13564482601", "geometry": {"type": "Point", "coordinates": [-97.4043982, 35.4367621]}, "properties": {"name": "Lowe's", "vendor": "Flock Safety", "city": null, "operator": "Lowe's", "direction": "57", "mount": "pole", "zone": "traffic", "source": "https://www.openstreetmap.org/node/13564482601", "packet": null}}, {"type": "Feature", "id": "cam:osm:n13564482901", "geometry": {"type": "Point", "coordinates": [-97.4018952, 35.4368784]}, "properties": {"name": "Lowe's", "vendor": "Flock Safety", "city": null, "operator": "Lowe's", "direction": "253", "mount": "pole", "zone": "traffic", "source": "https://www.openstreetmap.org/node/13564482901", "packet": null}}, {"type": "Feature", "id": "cam:osm:n13564530901", "geometry": {"type": "Point", "coordinates": [-95.8825941, 35.9666554]}, "properties": {"name": "Flock Safety", "vendor": "Flock Safety", "city": null, "operator": null, "direction": "104", "mount": "pole", "zone": "traffic", "source": "https://www.openstreetmap.org/node/13564530901", "packet": null}}, {"type": "Feature", "id": "cam:osm:n13564530902", "geometry": {"type": "Point", "coordinates": [-95.8738523, 35.9665826]}, "properties": {"name": "Flock Safety", "vendor": "Flock Safety", "city": null, "operator": null, "direction": "32", "mount": "pole", "zone": "traffic", "source": "https://www.openstreetmap.org/node/13564530902", "packet": null}}, {"type": "Feature", "id": "cam:osm:n13564531101", "geometry": {"type": "Point", "coordinates": [-95.8812, 35.966185]}, "properties": {"name": "Flock Safety", "vendor": "Flock Safety", "city": null, "operator": null, "direction": "242", "mount": "pole", "zone": "traffic", "source": "https://www.openstreetmap.org/node/13564531101", "packet": null}}, {"type": "Feature", "id": "cam:osm:n13564532001", "geometry": {"type": "Point", "coordinates": [-95.873859, 35.9668265]}, "properties": {"name": "Flock Safety", "vendor": "Flock Safety", "city": null, "operator": null, "direction": "149", "mount": "pole", "zone": "traffic", "source": "https://www.openstreetmap.org/node/13564532001", "packet": null}}, {"type": "Feature", "id": "cam:osm:n13564692301", "geometry": {"type": "Point", "coordinates": [-95.290945, 36.2929424]}, "properties": {"name": "Flock Safety", "vendor": "Flock Safety", "city": null, "operator": null, "direction": "247", "mount": "electric pole", "zone": "traffic", "source": "https://www.openstreetmap.org/node/13564692301", "packet": null}}, {"type": "Feature", "id": "cam:osm:n13564696801", "geometry": {"type": "Point", "coordinates": [-95.2899542, 36.2929431]}, "properties": {"name": "Flock Safety", "vendor": "Flock Safety", "city": null, "operator": null, "direction": "244", "mount": "pole", "zone": "traffic", "source": "https://www.openstreetmap.org/node/13564696801", "packet": null}}, {"type": "Feature", "id": "cam:osm:n13564794701", "geometry": {"type": "Point", "coordinates": [-96.4079626, 34.0031097]}, "properties": {"name": "Flock Safety", "vendor": "Flock Safety", "city": null, "operator": null, "direction": "290", "mount": null, "zone": "traffic", "source": "https://www.openstreetmap.org/node/13564794701", "packet": null}}, {"type": "Feature", "id": "cam:osm:n13564795001", "geometry": {"type": "Point", "coordinates": [-96.4079916, 34.0024789]}, "properties": {"name": "Flock Safety", "vendor": "Flock Safety", "city": null, "operator": null, "direction": "257", "mount": null, "zone": "traffic", "source": "https://www.openstreetmap.org/node/13564795001", "packet": null}}, {"type": "Feature", "id": "cam:osm:n13564795002", "geometry": {"type": "Point", "coordinates": [-96.41007, 34.002469]}, "properties": {"name": "Flock Safety", "vendor": "Flock Safety", "city": null, "operator": null, "direction": "77", "mount": null, "zone": "traffic", "source": "https://www.openstreetmap.org/node/13564795002", "packet": null}}, {"type": "Feature", "id": "cam:osm:n13564798201", "geometry": {"type": "Point", "coordinates": [-96.4100366, 34.0030504]}, "properties": {"name": "Flock Safety", "vendor": "Flock Safety", "city": null, "operator": null, "direction": "68", "mount": null, "zone": "traffic", "source": "https://www.openstreetmap.org/node/13564798201", "packet": null}}, {"type": "Feature", "id": "cam:osm:n13565068801", "geometry": {"type": "Point", "coordinates": [-97.5688729, 35.5305129]}, "properties": {"name": "Flock Safety", "vendor": "Flock Safety", "city": null, "operator": null, "direction": "340", "mount": null, "zone": "traffic", "source": "https://www.openstreetmap.org/node/13565068801", "packet": null}}, {"type": "Feature", "id": "cam:osm:n13565069101", "geometry": {"type": "Point", "coordinates": [-97.5689092, 35.5319158]}, "properties": {"name": "Flock Safety", "vendor": "Flock Safety", "city": null, "operator": null, "direction": "157", "mount": null, "zone": "traffic", "source": "https://www.openstreetmap.org/node/13565069101", "packet": null}}, {"type": "Feature", "id": "cam:osm:n13565479501", "geometry": {"type": "Point", "coordinates": [-95.9879244, 36.2543612]}, "properties": {"name": "Flock Safety", "vendor": "Flock Safety", "city": null, "operator": null, "direction": "0", "mount": null, "zone": "traffic", "source": "https://www.openstreetmap.org/node/13565479501", "packet": null}}, {"type": "Feature", "id": "cam:osm:n13565794401", "geometry": {"type": "Point", "coordinates": [-97.1317363, 33.7516301]}, "properties": {"name": "Flock Safety", "vendor": "Flock Safety", "city": null, "operator": null, "direction": "208", "mount": null, "zone": "traffic", "source": "https://www.openstreetmap.org/node/13565794401", "packet": null}}, {"type": "Feature", "id": "cam:osm:n13565837601", "geometry": {"type": "Point", "coordinates": [-97.2824508, 35.4929664]}, "properties": {"name": "Flock Safety", "vendor": "Flock Safety", "city": null, "operator": null, "direction": "43", "mount": null, "zone": "traffic", "source": "https://www.openstreetmap.org/node/13565837601", "packet": null}}, {"type": "Feature", "id": "cam:osm:n13568681034", "geometry": {"type": "Point", "coordinates": [-95.9223599, 36.0228281]}, "properties": {"name": "Flock Safety", "vendor": "Flock Safety", "city": null, "operator": null, "direction": "245", "mount": null, "zone": null, "source": "https://www.openstreetmap.org/node/13568681034", "packet": null}}, {"type": "Feature", "id": "cam:osm:n13568681056", "geometry": {"type": "Point", "coordinates": [-95.9286088, 36.0212966]}, "properties": {"name": "Flock Safety", "vendor": "Flock Safety", "city": null, "operator": null, "direction": "340", "mount": null, "zone": null, "source": "https://www.openstreetmap.org/node/13568681056", "packet": null}}, {"type": "Feature", "id": "cam:osm:n13570251701", "geometry": {"type": "Point", "coordinates": [-97.6331601, 35.4640955]}, "properties": {"name": "The Home Depot", "vendor": "Flock Safety", "city": null, "operator": "The Home Depot", "direction": "126-171", "mount": null, "zone": "traffic", "source": "https://www.openstreetmap.org/node/13570251701", "packet": null}}, {"type": "Feature", "id": "cam:osm:n13571365901", "geometry": {"type": "Point", "coordinates": [-97.5835949, 35.6963445]}, "properties": {"name": "Flock Safety", "vendor": "Flock Safety", "city": null, "operator": null, "direction": "52-97", "mount": null, "zone": "traffic", "source": "https://www.openstreetmap.org/node/13571365901", "packet": null}}, {"type": "Feature", "id": "cam:osm:n13574420201", "geometry": {"type": "Point", "coordinates": [-97.7095351, 35.6403077]}, "properties": {"name": "Flock Safety", "vendor": "Flock Safety", "city": null, "operator": null, "direction": "328", "mount": "pole", "zone": "traffic", "source": "https://www.openstreetmap.org/node/13574420201", "packet": null}}, {"type": "Feature", "id": "cam:osm:n13578266301", "geometry": {"type": "Point", "coordinates": [-97.2650589, 35.3625954]}, "properties": {"name": "Flock Safety", "vendor": "Flock Safety", "city": null, "operator": null, "direction": "163", "mount": null, "zone": "traffic", "source": "https://www.openstreetmap.org/node/13578266301", "packet": null}}, {"type": "Feature", "id": "cam:osm:n13583631701", "geometry": {"type": "Point", "coordinates": [-97.9368888, 35.0524012]}, "properties": {"name": "Axis Communications", "vendor": "Axis Communications", "city": null, "operator": null, "direction": "176", "mount": null, "zone": "traffic", "source": "https://www.openstreetmap.org/node/13583631701", "packet": null}}, {"type": "Feature", "id": "cam:osm:n13585374101", "geometry": {"type": "Point", "coordinates": [-97.5658166, 35.4787795]}, "properties": {"name": "Rekor", "vendor": "Rekor", "city": null, "operator": null, "direction": "239", "mount": null, "zone": "traffic", "source": "https://www.openstreetmap.org/node/13585374101", "packet": null}}, {"type": "Feature", "id": "cam:osm:n13585761501", "geometry": {"type": "Point", "coordinates": [-97.5302501, 35.4351974]}, "properties": {"name": "Flock Safety", "vendor": "Flock Safety", "city": null, "operator": null, "direction": "149", "mount": "traffic_signals", "zone": "traffic", "source": "https://www.openstreetmap.org/node/13585761501", "packet": null}}, {"type": "Feature", "id": "cam:osm:n13587382801", "geometry": {"type": "Point", "coordinates": [-95.9509782, 36.1187336]}, "properties": {"name": "Flock Safety", "vendor": "Flock Safety", "city": null, "operator": null, "direction": "180", "mount": "pole", "zone": "traffic", "source": "https://www.openstreetmap.org/node/13587382801", "packet": null}}, {"type": "Feature", "id": "cam:osm:n13587845417", "geometry": {"type": "Point", "coordinates": [-94.6235173, 36.8250848]}, "properties": {"name": "Flock Safety", "vendor": "Flock Safety", "city": null, "operator": null, "direction": "120", "mount": null, "zone": "traffic", "source": "https://www.openstreetmap.org/node/13587845417", "packet": null}}, {"type": "Feature", "id": "cam:osm:n13587910115", "geometry": {"type": "Point", "coordinates": [-94.626198, 36.8229732]}, "properties": {"name": "Flock Safety", "vendor": "Flock Safety", "city": null, "operator": null, "direction": "175", "mount": null, "zone": "traffic", "source": "https://www.openstreetmap.org/node/13587910115", "packet": null}}, {"type": "Feature", "id": "cam:osm:n13587928132", "geometry": {"type": "Point", "coordinates": [-94.6259713, 36.8234907]}, "properties": {"name": "Flock Safety", "vendor": "Flock Safety", "city": null, "operator": null, "direction": "0", "mount": null, "zone": "traffic", "source": "https://www.openstreetmap.org/node/13587928132", "packet": null}}, {"type": "Feature", "id": "cam:osm:n13588454201", "geometry": {"type": "Point", "coordinates": [-95.8150555, 36.1770152]}, "properties": {"name": "Flock Safety", "vendor": "Flock Safety", "city": null, "operator": null, "direction": "78", "mount": null, "zone": "traffic", "source": "https://www.openstreetmap.org/node/13588454201", "packet": null}}, {"type": "Feature", "id": "cam:osm:n13591400901", "geometry": {"type": "Point", "coordinates": [-97.3407825, 35.2182119]}, "properties": {"name": "Flock Safety", "vendor": "Flock Safety", "city": null, "operator": null, "direction": "70", "mount": null, "zone": "traffic", "source": "https://www.openstreetmap.org/node/13591400901", "packet": null}}, {"type": "Feature", "id": "cam:osm:n13594119601", "geometry": {"type": "Point", "coordinates": [-95.3296885, 35.8278406]}, "properties": {"name": "Flock Safety", "vendor": "Flock Safety", "city": null, "operator": null, "direction": "247", "mount": null, "zone": "traffic", "source": "https://www.openstreetmap.org/node/13594119601", "packet": null}}, {"type": "Feature", "id": "cam:osm:n13598578003", "geometry": {"type": "Point", "coordinates": [-97.4826106, 35.224373]}, "properties": {"name": "Flock Safety", "vendor": "Flock Safety", "city": null, "operator": null, "direction": "55", "mount": null, "zone": "traffic", "source": "https://www.openstreetmap.org/node/13598578003", "packet": null}}, {"type": "Feature", "id": "cam:osm:n13598598101", "geometry": {"type": "Point", "coordinates": [-97.48037, 35.2233396]}, "properties": {"name": "Flock Safety", "vendor": "Flock Safety", "city": null, "operator": null, "direction": "311", "mount": null, "zone": "parking_entrance", "source": "https://www.openstreetmap.org/node/13598598101", "packet": null}}, {"type": "Feature", "id": "cam:osm:n13599126201", "geometry": {"type": "Point", "coordinates": [-95.3415134, 35.958974]}, "properties": {"name": "Flock Safety", "vendor": "Flock Safety", "city": null, "operator": null, "direction": "87", "mount": null, "zone": "traffic", "source": "https://www.openstreetmap.org/node/13599126201", "packet": null}}, {"type": "Feature", "id": "cam:osm:n13606100401", "geometry": {"type": "Point", "coordinates": [-97.5616875, 35.3483456]}, "properties": {"name": "Flock Safety", "vendor": "Flock Safety", "city": null, "operator": null, "direction": "320", "mount": null, "zone": "traffic", "source": "https://www.openstreetmap.org/node/13606100401", "packet": null}}, {"type": "Feature", "id": "cam:osm:n13606101601", "geometry": {"type": "Point", "coordinates": [-97.5618829, 35.3483558]}, "properties": {"name": "Flock Safety", "vendor": "Flock Safety", "city": null, "operator": null, "direction": "127", "mount": null, "zone": "traffic", "source": "https://www.openstreetmap.org/node/13606101601", "packet": null}}, {"type": "Feature", "id": "cam:osm:n13606140701", "geometry": {"type": "Point", "coordinates": [-97.4983651, 35.3188729]}, "properties": {"name": "Flock Safety", "vendor": "Flock Safety", "city": null, "operator": null, "direction": "55", "mount": null, "zone": "traffic", "source": "https://www.openstreetmap.org/node/13606140701", "packet": null}}, {"type": "Feature", "id": "cam:osm:n13606144401", "geometry": {"type": "Point", "coordinates": [-97.4987273, 35.3180861]}, "properties": {"name": "Flock Safety", "vendor": "Flock Safety", "city": null, "operator": null, "direction": "43-113", "mount": null, "zone": "traffic", "source": "https://www.openstreetmap.org/node/13606144401", "packet": null}}, {"type": "Feature", "id": "cam:osm:n13606145601", "geometry": {"type": "Point", "coordinates": [-97.4965738, 35.3188732]}, "properties": {"name": "Flock Safety", "vendor": "Flock Safety", "city": null, "operator": null, "direction": "307", "mount": null, "zone": "traffic", "source": "https://www.openstreetmap.org/node/13606145601", "packet": null}}, {"type": "Feature", "id": "cam:osm:n13606146701", "geometry": {"type": "Point", "coordinates": [-97.4964296, 35.3182598]}, "properties": {"name": "Flock Safety", "vendor": "Flock Safety", "city": null, "operator": null, "direction": "248", "mount": null, "zone": "traffic", "source": "https://www.openstreetmap.org/node/13606146701", "packet": null}}, {"type": "Feature", "id": "cam:osm:n13608088301", "geometry": {"type": "Point", "coordinates": [-97.568039, 35.5311342]}, "properties": {"name": "Flock Safety", "vendor": "Flock Safety", "city": null, "operator": null, "direction": "21;206", "mount": null, "zone": "traffic", "source": "https://www.openstreetmap.org/node/13608088301", "packet": null}}, {"type": "Feature", "id": "cam:osm:n13608088801", "geometry": {"type": "Point", "coordinates": [-97.5680271, 35.5318722]}, "properties": {"name": "Flock Safety", "vendor": "Flock Safety", "city": null, "operator": null, "direction": "174", "mount": null, "zone": "traffic", "source": "https://www.openstreetmap.org/node/13608088801", "packet": null}}, {"type": "Feature", "id": "cam:osm:n13608329502", "geometry": {"type": "Point", "coordinates": [-97.647755, 35.5618552]}, "properties": {"name": "The Home Depot", "vendor": "Flock Safety", "city": null, "operator": "The Home Depot", "direction": "193", "mount": "pole", "zone": "traffic", "source": "https://www.openstreetmap.org/node/13608329502", "packet": null}}, {"type": "Feature", "id": "cam:osm:n13608333101", "geometry": {"type": "Point", "coordinates": [-97.6486283, 35.5621565]}, "properties": {"name": "The Home Depot", "vendor": "Flock Safety", "city": null, "operator": "The Home Depot", "direction": "225", "mount": "pole", "zone": "traffic", "source": "https://www.openstreetmap.org/node/13608333101", "packet": null}}, {"type": "Feature", "id": "cam:osm:n13608342601", "geometry": {"type": "Point", "coordinates": [-95.9827553, 36.1486656]}, "properties": {"name": "Flock Safety", "vendor": "Flock Safety", "city": null, "operator": null, "direction": "0;84", "mount": null, "zone": "traffic", "source": "https://www.openstreetmap.org/node/13608342601", "packet": null}}, {"type": "Feature", "id": "cam:osm:n13608343801", "geometry": {"type": "Point", "coordinates": [-95.9811765, 36.1484227]}, "properties": {"name": "Flock Safety", "vendor": "Flock Safety", "city": null, "operator": null, "direction": "334-44", "mount": null, "zone": "traffic", "source": "https://www.openstreetmap.org/node/13608343801", "packet": null}}, {"type": "Feature", "id": "cam:osm:n13608368301", "geometry": {"type": "Point", "coordinates": [-95.9832235, 36.1493735]}, "properties": {"name": "Flock Safety", "vendor": "Flock Safety", "city": null, "operator": null, "direction": "29-99;79-149", "mount": null, "zone": "traffic", "source": "https://www.openstreetmap.org/node/13608368301", "packet": null}}, {"type": "Feature", "id": "cam:osm:n13608638401", "geometry": {"type": "Point", "coordinates": [-97.5702532, 35.5304988]}, "properties": {"name": "The Home Depot", "vendor": "Flock Safety", "city": null, "operator": "The Home Depot", "direction": "50-95", "mount": null, "zone": "traffic", "source": "https://www.openstreetmap.org/node/13608638401", "packet": null}}, {"type": "Feature", "id": "cam:osm:n13610771901", "geometry": {"type": "Point", "coordinates": [-97.7599151, 35.4825823]}, "properties": {"name": "Lowe's", "vendor": "Flock Safety", "city": null, "operator": "Lowe's", "direction": "47-92", "mount": null, "zone": "traffic", "source": "https://www.openstreetmap.org/node/13610771901", "packet": null}}, {"type": "Feature", "id": "cam:osm:n13612096101", "geometry": {"type": "Point", "coordinates": [-98.4430866, 34.6225613]}, "properties": {"name": "Flock Safety", "vendor": "Flock Safety", "city": null, "operator": null, "direction": "157", "mount": null, "zone": "traffic", "source": "https://www.openstreetmap.org/node/13612096101", "packet": null}}, {"type": "Feature", "id": "cam:osm:n13614026001", "geometry": {"type": "Point", "coordinates": [-95.7790552, 36.0944039]}, "properties": {"name": "Flock Safety", "vendor": "Flock Safety", "city": null, "operator": null, "direction": "268", "mount": null, "zone": "traffic", "source": "https://www.openstreetmap.org/node/13614026001", "packet": null}}, {"type": "Feature", "id": "cam:osm:n13614026401", "geometry": {"type": "Point", "coordinates": [-95.7793944, 36.0943976]}, "properties": {"name": "Flock Safety", "vendor": "Flock Safety", "city": null, "operator": null, "direction": "89", "mount": null, "zone": "traffic", "source": "https://www.openstreetmap.org/node/13614026401", "packet": null}}, {"type": "Feature", "id": "cam:osm:n13621460319", "geometry": {"type": "Point", "coordinates": [-97.5494319, 35.5799731]}, "properties": {"name": "Flock Safety", "vendor": "Flock Safety", "city": null, "operator": null, "direction": "80;170", "mount": null, "zone": "traffic", "source": "https://www.openstreetmap.org/node/13621460319", "packet": null}}, {"type": "Feature", "id": "cam:osm:n13621529302", "geometry": {"type": "Point", "coordinates": [-97.4769819, 35.3512697]}, "properties": {"name": "Flock Safety", "vendor": "Flock Safety", "city": null, "operator": null, "direction": "152", "mount": "pole", "zone": "traffic", "source": "https://www.openstreetmap.org/node/13621529302", "packet": null}}, {"type": "Feature", "id": "cam:osm:n13621542301", "geometry": {"type": "Point", "coordinates": [-97.5166539, 35.5081716]}, "properties": {"name": "Flock Safety", "vendor": "Flock Safety", "city": null, "operator": null, "direction": "216", "mount": "pole", "zone": "traffic", "source": "https://www.openstreetmap.org/node/13621542301", "packet": null}}, {"type": "Feature", "id": "cam:osm:n13623542601", "geometry": {"type": "Point", "coordinates": [-95.8086869, 36.2644625]}, "properties": {"name": "Flock Safety", "vendor": "Flock Safety", "city": null, "operator": null, "direction": "178", "mount": null, "zone": "traffic", "source": "https://www.openstreetmap.org/node/13623542601", "packet": null}}, {"type": "Feature", "id": "cam:osm:n13623543201", "geometry": {"type": "Point", "coordinates": [-95.8084851, 36.2642051]}, "properties": {"name": "Flock Safety", "vendor": "Flock Safety", "city": null, "operator": null, "direction": "347", "mount": null, "zone": "traffic", "source": "https://www.openstreetmap.org/node/13623543201", "packet": null}}, {"type": "Feature", "id": "cam:osm:n13637298472", "geometry": {"type": "Point", "coordinates": [-95.9502522, 36.1346251]}, "properties": {"name": "OSM node 13637298472", "vendor": null, "city": null, "operator": null, "direction": "115", "mount": null, "zone": "traffic", "source": "https://www.openstreetmap.org/node/13637298472", "packet": null}}, {"type": "Feature", "id": "cam:osm:n13646554701", "geometry": {"type": "Point", "coordinates": [-95.9272024, 36.0899469]}, "properties": {"name": "Flock Safety", "vendor": "Flock Safety", "city": null, "operator": null, "direction": "0", "mount": "pole", "zone": "traffic", "source": "https://www.openstreetmap.org/node/13646554701", "packet": null}}, {"type": "Feature", "id": "cam:osm:n13646554801", "geometry": {"type": "Point", "coordinates": [-95.9278486, 36.0899408]}, "properties": {"name": "Flock Safety", "vendor": "Flock Safety", "city": null, "operator": null, "direction": "0", "mount": "pole", "zone": "traffic", "source": "https://www.openstreetmap.org/node/13646554801", "packet": null}}, {"type": "Feature", "id": "cam:osm:n13646618591", "geometry": {"type": "Point", "coordinates": [-95.8686384, 36.0171531]}, "properties": {"name": "Flock Safety", "vendor": "Flock Safety", "city": null, "operator": null, "direction": "150", "mount": null, "zone": "traffic", "source": "https://www.openstreetmap.org/node/13646618591", "packet": null}}, {"type": "Feature", "id": "cam:osm:n13650499801", "geometry": {"type": "Point", "coordinates": [-97.4234401, 35.4486224]}, "properties": {"name": "The Home Depot", "vendor": "Flock Safety", "city": null, "operator": "The Home Depot", "direction": "110", "mount": "pole", "zone": "traffic", "source": "https://www.openstreetmap.org/node/13650499801", "packet": null}}, {"type": "Feature", "id": "cam:osm:n13650501301", "geometry": {"type": "Point", "coordinates": [-97.4228086, 35.4495167]}, "properties": {"name": "The Home Depot", "vendor": "Flock Safety", "city": null, "operator": "The Home Depot", "direction": "135", "mount": "pole", "zone": "traffic", "source": "https://www.openstreetmap.org/node/13650501301", "packet": null}}, {"type": "Feature", "id": "cam:osm:n13651150001", "geometry": {"type": "Point", "coordinates": [-96.7493401, 35.9653174]}, "properties": {"name": "Flock Safety", "vendor": "Flock Safety", "city": null, "operator": null, "direction": "324", "mount": "street_lamp", "zone": "traffic", "source": "https://www.openstreetmap.org/node/13651150001", "packet": null}}, {"type": "Feature", "id": "cam:osm:n13654690602", "geometry": {"type": "Point", "coordinates": [-96.7499171, 35.9911022]}, "properties": {"name": "Flock Safety", "vendor": "Flock Safety", "city": null, "operator": null, "direction": "152", "mount": null, "zone": "traffic", "source": "https://www.openstreetmap.org/node/13654690602", "packet": null}}, {"type": "Feature", "id": "cam:osm:n13663140401", "geometry": {"type": "Point", "coordinates": [-95.9921982, 36.1454183]}, "properties": {"name": "Flock Safety", "vendor": "Flock Safety", "city": null, "operator": null, "direction": "335", "mount": "pole", "zone": "traffic", "source": "https://www.openstreetmap.org/node/13663140401", "packet": null}}, {"type": "Feature", "id": "cam:osm:n13663809101", "geometry": {"type": "Point", "coordinates": [-95.3317765, 36.2639508]}, "properties": {"name": "Flock Safety", "vendor": "Flock Safety", "city": null, "operator": null, "direction": "223-268", "mount": null, "zone": "traffic", "source": "https://www.openstreetmap.org/node/13663809101", "packet": null}}, {"type": "Feature", "id": "cam:osm:n13666266202", "geometry": {"type": "Point", "coordinates": [-97.5201136, 35.3922267]}, "properties": {"name": "Flock Safety", "vendor": "Flock Safety", "city": null, "operator": null, "direction": "0", "mount": null, "zone": "traffic", "source": "https://www.openstreetmap.org/node/13666266202", "packet": null}}, {"type": "Feature", "id": "cam:osm:n13666271501", "geometry": {"type": "Point", "coordinates": [-97.5198319, 35.3923559]}, "properties": {"name": "Flock Safety", "vendor": "Flock Safety", "city": null, "operator": null, "direction": "0", "mount": null, "zone": "traffic", "source": "https://www.openstreetmap.org/node/13666271501", "packet": null}}, {"type": "Feature", "id": "cam:osm:n13666273402", "geometry": {"type": "Point", "coordinates": [-97.5214793, 35.3922705]}, "properties": {"name": "Flock Safety", "vendor": "Flock Safety", "city": null, "operator": null, "direction": "0", "mount": null, "zone": "traffic", "source": "https://www.openstreetmap.org/node/13666273402", "packet": null}}, {"type": "Feature", "id": "cam:osm:n13674595701", "geometry": {"type": "Point", "coordinates": [-95.6367063, 36.0606412]}, "properties": {"name": "Flock Safety", "vendor": "Flock Safety", "city": null, "operator": null, "direction": "155", "mount": null, "zone": "traffic", "source": "https://www.openstreetmap.org/node/13674595701", "packet": null}}, {"type": "Feature", "id": "cam:osm:n13675096901", "geometry": {"type": "Point", "coordinates": [-94.881895, 36.8709205]}, "properties": {"name": "Flock Safety", "vendor": "Flock Safety", "city": null, "operator": null, "direction": "226;117", "mount": "pole", "zone": "traffic", "source": "https://www.openstreetmap.org/node/13675096901", "packet": null}}, {"type": "Feature", "id": "cam:osm:n13675201601", "geometry": {"type": "Point", "coordinates": [-97.1751838, 35.08732]}, "properties": {"name": "Flock Safety", "vendor": "Flock Safety", "city": null, "operator": null, "direction": "238", "mount": null, "zone": "traffic", "source": "https://www.openstreetmap.org/node/13675201601", "packet": null}}, {"type": "Feature", "id": "cam:osm:n13679290101", "geometry": {"type": "Point", "coordinates": [-95.9495387, 36.0291562]}, "properties": {"name": "Flock Safety", "vendor": "Flock Safety", "city": null, "operator": null, "direction": "279", "mount": null, "zone": "traffic", "source": "https://www.openstreetmap.org/node/13679290101", "packet": null}}, {"type": "Feature", "id": "cam:osm:n13679293701", "geometry": {"type": "Point", "coordinates": [-95.9494468, 36.0354726]}, "properties": {"name": "Flock Safety", "vendor": "Flock Safety", "city": null, "operator": null, "direction": "253", "mount": null, "zone": "traffic", "source": "https://www.openstreetmap.org/node/13679293701", "packet": null}}, {"type": "Feature", "id": "cam:osm:n13680732402", "geometry": {"type": "Point", "coordinates": [-97.5984332, 34.8368646]}, "properties": {"name": "Flock Safety", "vendor": "Flock Safety", "city": null, "operator": null, "direction": "184", "mount": null, "zone": "traffic", "source": "https://www.openstreetmap.org/node/13680732402", "packet": null}}, {"type": "Feature", "id": "cam:osm:n13680871101", "geometry": {"type": "Point", "coordinates": [-95.8684982, 36.0464549]}, "properties": {"name": "Flock Safety", "vendor": "Flock Safety", "city": null, "operator": null, "direction": "0", "mount": null, "zone": "traffic", "source": "https://www.openstreetmap.org/node/13680871101", "packet": null}}, {"type": "Feature", "id": "cam:osm:n13681931901", "geometry": {"type": "Point", "coordinates": [-97.1596518, 35.2980876]}, "properties": {"name": "Flock Safety", "vendor": "Flock Safety", "city": null, "operator": null, "direction": "148", "mount": null, "zone": "traffic", "source": "https://www.openstreetmap.org/node/13681931901", "packet": null}}, {"type": "Feature", "id": "cam:osm:n13681932601", "geometry": {"type": "Point", "coordinates": [-97.1595044, 35.2977857]}, "properties": {"name": "Flock Safety", "vendor": "Flock Safety", "city": null, "operator": null, "direction": "331", "mount": null, "zone": "traffic", "source": "https://www.openstreetmap.org/node/13681932601", "packet": null}}, {"type": "Feature", "id": "cam:osm:n13684773305", "geometry": {"type": "Point", "coordinates": [-97.4273243, 35.3199136]}, "properties": {"name": "Flock Safety", "vendor": "Flock Safety", "city": null, "operator": null, "direction": "319", "mount": null, "zone": "traffic", "source": "https://www.openstreetmap.org/node/13684773305", "packet": null}}, {"type": "Feature", "id": "cam:osm:n13685676901", "geometry": {"type": "Point", "coordinates": [-95.9549896, 36.1116562]}, "properties": {"name": "Flock Safety", "vendor": "Flock Safety", "city": null, "operator": null, "direction": "6", "mount": "pole", "zone": "traffic", "source": "https://www.openstreetmap.org/node/13685676901", "packet": null}}, {"type": "Feature", "id": "cam:osm:n13685678601", "geometry": {"type": "Point", "coordinates": [-95.9577941, 36.114165]}, "properties": {"name": "Flock Safety", "vendor": "Flock Safety", "city": null, "operator": null, "direction": "76", "mount": "pole", "zone": "traffic", "source": "https://www.openstreetmap.org/node/13685678601", "packet": null}}, {"type": "Feature", "id": "cam:osm:n13686502801", "geometry": {"type": "Point", "coordinates": [-98.3816465, 34.5945966]}, "properties": {"name": "Flock Safety", "vendor": "Flock Safety", "city": null, "operator": null, "direction": "242", "mount": null, "zone": "traffic", "source": "https://www.openstreetmap.org/node/13686502801", "packet": null}}, {"type": "Feature", "id": "cam:osm:n13686519101", "geometry": {"type": "Point", "coordinates": [-98.4045147, 34.5815528]}, "properties": {"name": "Flock Safety", "vendor": "Flock Safety", "city": null, "operator": null, "direction": "329", "mount": null, "zone": "traffic", "source": "https://www.openstreetmap.org/node/13686519101", "packet": null}}, {"type": "Feature", "id": "cam:osm:n13689055401", "geometry": {"type": "Point", "coordinates": [-95.8791482, 36.017203]}, "properties": {"name": "Flock Safety", "vendor": "Flock Safety", "city": null, "operator": null, "direction": "193", "mount": null, "zone": "traffic", "source": "https://www.openstreetmap.org/node/13689055401", "packet": null}}, {"type": "Feature", "id": "cam:osm:n13695633503", "geometry": {"type": "Point", "coordinates": [-97.6487599, 35.5605045]}, "properties": {"name": "Flock Safety", "vendor": "Flock Safety", "city": null, "operator": null, "direction": "59", "mount": null, "zone": "traffic", "source": "https://www.openstreetmap.org/node/13695633503", "packet": null}}, {"type": "Feature", "id": "cam:osm:n13700007201", "geometry": {"type": "Point", "coordinates": [-97.1348324, 33.751342]}, "properties": {"name": "Flock Safety", "vendor": "Flock Safety", "city": null, "operator": null, "direction": "0", "mount": null, "zone": "traffic", "source": "https://www.openstreetmap.org/node/13700007201", "packet": null}}, {"type": "Feature", "id": "cam:osm:n13700007202", "geometry": {"type": "Point", "coordinates": [-97.1351709, 33.751116]}, "properties": {"name": "Flock Safety", "vendor": "Flock Safety", "city": null, "operator": null, "direction": "171", "mount": null, "zone": "traffic", "source": "https://www.openstreetmap.org/node/13700007202", "packet": null}}, {"type": "Feature", "id": "cam:osm:n13706325701", "geometry": {"type": "Point", "coordinates": [-97.5680306, 35.5817117]}, "properties": {"name": "Flock Safety", "vendor": "Flock Safety", "city": null, "operator": null, "direction": "248", "mount": null, "zone": "traffic", "source": "https://www.openstreetmap.org/node/13706325701", "packet": null}}, {"type": "Feature", "id": "cam:osm:n13708782202", "geometry": {"type": "Point", "coordinates": [-95.8963194, 36.0320024]}, "properties": {"name": "Flock Safety", "vendor": "Flock Safety", "city": null, "operator": null, "direction": "36", "mount": null, "zone": "traffic", "source": "https://www.openstreetmap.org/node/13708782202", "packet": null}}, {"type": "Feature", "id": "cam:osm:n13710036401", "geometry": {"type": "Point", "coordinates": [-94.6014805, 36.0955834]}, "properties": {"name": "Flock Safety", "vendor": "Flock Safety", "city": null, "operator": null, "direction": "10", "mount": null, "zone": "traffic", "source": "https://www.openstreetmap.org/node/13710036401", "packet": null}}, {"type": "Feature", "id": "cam:osm:n13712627736", "geometry": {"type": "Point", "coordinates": [-97.353314, 35.4494778]}, "properties": {"name": "Flock Safety", "vendor": "Flock Safety", "city": null, "operator": null, "direction": "50", "mount": null, "zone": "traffic", "source": "https://www.openstreetmap.org/node/13712627736", "packet": null}}, {"type": "Feature", "id": "cam:osm:n13712627737", "geometry": {"type": "Point", "coordinates": [-97.3530434, 35.4497609]}, "properties": {"name": "Flock Safety", "vendor": "Flock Safety", "city": null, "operator": null, "direction": "220", "mount": null, "zone": "traffic", "source": "https://www.openstreetmap.org/node/13712627737", "packet": null}}, {"type": "Feature", "id": "cam:osm:n13714399601", "geometry": {"type": "Point", "coordinates": [-95.8510278, 36.1101338]}, "properties": {"name": "Flock Safety", "vendor": "Flock Safety", "city": null, "operator": null, "direction": "325", "mount": null, "zone": "traffic", "source": "https://www.openstreetmap.org/node/13714399601", "packet": null}}, {"type": "Feature", "id": "cam:osm:n13716118001", "geometry": {"type": "Point", "coordinates": [-97.4044699, 35.4361817]}, "properties": {"name": "Flock Safety", "vendor": "Flock Safety", "city": null, "operator": null, "direction": "90", "mount": null, "zone": "traffic", "source": "https://www.openstreetmap.org/node/13716118001", "packet": null}}, {"type": "Feature", "id": "cam:osm:n13718325501", "geometry": {"type": "Point", "coordinates": [-97.5495381, 35.7130578]}, "properties": {"name": "Flock Safety", "vendor": "Flock Safety", "city": null, "operator": null, "direction": "354", "mount": null, "zone": "traffic", "source": "https://www.openstreetmap.org/node/13718325501", "packet": null}}, {"type": "Feature", "id": "cam:osm:n13718325502", "geometry": {"type": "Point", "coordinates": [-97.54951, 35.7146862]}, "properties": {"name": "Flock Safety", "vendor": "Flock Safety", "city": null, "operator": null, "direction": "198", "mount": null, "zone": "traffic", "source": "https://www.openstreetmap.org/node/13718325502", "packet": null}}, {"type": "Feature", "id": "cam:osm:n13719981548", "geometry": {"type": "Point", "coordinates": [-95.672854, 35.9882738]}, "properties": {"name": "Flock Safety", "vendor": "Flock Safety", "city": null, "operator": null, "direction": "200", "mount": null, "zone": "traffic", "source": "https://www.openstreetmap.org/node/13719981548", "packet": null}}, {"type": "Feature", "id": "cam:osm:n13720110681", "geometry": {"type": "Point", "coordinates": [-97.4840411, 35.6355226]}, "properties": {"name": "The Home Depot", "vendor": "Flock Safety", "city": null, "operator": "The Home Depot", "direction": "250", "mount": null, "zone": "traffic", "source": "https://www.openstreetmap.org/node/13720110681", "packet": null}}, {"type": "Feature", "id": "cam:osm:n13720113851", "geometry": {"type": "Point", "coordinates": [-97.4851199, 35.633522]}, "properties": {"name": "The Home Depot", "vendor": "Flock Safety", "city": null, "operator": "The Home Depot", "direction": "40", "mount": null, "zone": "traffic", "source": "https://www.openstreetmap.org/node/13720113851", "packet": null}}, {"type": "Feature", "id": "cam:osm:n13722063001", "geometry": {"type": "Point", "coordinates": [-95.9046881, 36.1874112]}, "properties": {"name": "Flock Safety", "vendor": "Flock Safety", "city": null, "operator": null, "direction": "168", "mount": null, "zone": "traffic", "source": "https://www.openstreetmap.org/node/13722063001", "packet": null}}, {"type": "Feature", "id": "cam:osm:n13724097702", "geometry": {"type": "Point", "coordinates": [-95.9208623, 36.1400515]}, "properties": {"name": "Lowe's", "vendor": "Flock Safety", "city": null, "operator": "Lowe's", "direction": "181", "mount": "pole", "zone": "traffic", "source": "https://www.openstreetmap.org/node/13724097702", "packet": null}}, {"type": "Feature", "id": "cam:osm:n13724554660", "geometry": {"type": "Point", "coordinates": [-97.4841012, 35.6349431]}, "properties": {"name": "The Home Depot", "vendor": "Flock Safety", "city": null, "operator": "The Home Depot", "direction": "221", "mount": null, "zone": "traffic", "source": "https://www.openstreetmap.org/node/13724554660", "packet": null}}, {"type": "Feature", "id": "cam:osm:n13732801631", "geometry": {"type": "Point", "coordinates": [-97.6329787, 35.5370351]}, "properties": {"name": "Flock Safety", "vendor": "Flock Safety", "city": null, "operator": null, "direction": "250", "mount": "pole", "zone": "traffic", "source": "https://www.openstreetmap.org/node/13732801631", "packet": null}}, {"type": "Feature", "id": "cam:osm:n13738464801", "geometry": {"type": "Point", "coordinates": [-98.3171786, 35.6369444]}, "properties": {"name": "Flock Safety", "vendor": "Flock Safety", "city": null, "operator": null, "direction": "336", "mount": null, "zone": "traffic", "source": "https://www.openstreetmap.org/node/13738464801", "packet": null}}, {"type": "Feature", "id": "cam:osm:n13738843001", "geometry": {"type": "Point", "coordinates": [-97.7247954, 35.3991014]}, "properties": {"name": "Flock Safety", "vendor": "Flock Safety", "city": null, "operator": null, "direction": "89", "mount": null, "zone": "traffic", "source": "https://www.openstreetmap.org/node/13738843001", "packet": null}}, {"type": "Feature", "id": "cam:osm:n13738843601", "geometry": {"type": "Point", "coordinates": [-97.7247963, 35.3991022]}, "properties": {"name": "Flock Safety", "vendor": "Flock Safety", "city": null, "operator": null, "direction": "249", "mount": null, "zone": "traffic", "source": "https://www.openstreetmap.org/node/13738843601", "packet": null}}, {"type": "Feature", "id": "cam:osm:n13741615803", "geometry": {"type": "Point", "coordinates": [-95.8150503, 36.0780177]}, "properties": {"name": "Leonardo", "vendor": "Leonardo", "city": null, "operator": null, "direction": "337", "mount": null, "zone": "traffic", "source": "https://www.openstreetmap.org/node/13741615803", "packet": null}}, {"type": "Feature", "id": "cam:osm:n13741674701", "geometry": {"type": "Point", "coordinates": [-95.7865019, 34.8863408]}, "properties": {"name": "Flock Safety", "vendor": "Flock Safety", "city": null, "operator": null, "direction": "20", "mount": null, "zone": "traffic", "source": "https://www.openstreetmap.org/node/13741674701", "packet": null}}, {"type": "Feature", "id": "cam:osm:n13752745301", "geometry": {"type": "Point", "coordinates": [-94.8775722, 36.8702464]}, "properties": {"name": "Flock Safety", "vendor": "Flock Safety", "city": null, "operator": null, "direction": "27;133", "mount": null, "zone": "traffic", "source": "https://www.openstreetmap.org/node/13752745301", "packet": null}}, {"type": "Feature", "id": "cam:osm:n13752872301", "geometry": {"type": "Point", "coordinates": [-97.4158933, 35.4405244]}, "properties": {"name": "Flock Safety", "vendor": "Flock Safety", "city": null, "operator": null, "direction": "264-309;232-277;142-187;2-47", "mount": "traffic_signals", "zone": "traffic", "source": "https://www.openstreetmap.org/node/13752872301", "packet": null}}, {"type": "Feature", "id": "cam:osm:n13752994901", "geometry": {"type": "Point", "coordinates": [-97.4157502, 35.4424911]}, "properties": {"name": "Flock Safety", "vendor": "Flock Safety", "city": null, "operator": null, "direction": "306-351;34-79;175-220", "mount": "street_lamp", "zone": "traffic", "source": "https://www.openstreetmap.org/node/13752994901", "packet": null}}, {"type": "Feature", "id": "cam:osm:n13754114905", "geometry": {"type": "Point", "coordinates": [-97.5505226, 35.6135697]}, "properties": {"name": "Flock Safety", "vendor": "Flock Safety", "city": null, "operator": null, "direction": "234", "mount": null, "zone": "traffic", "source": "https://www.openstreetmap.org/node/13754114905", "packet": null}}, {"type": "Feature", "id": "cam:osm:n13754636501", "geometry": {"type": "Point", "coordinates": [-97.8410754, 36.38565]}, "properties": {"name": "Flock Safety", "vendor": "Flock Safety", "city": null, "operator": null, "direction": "144", "mount": null, "zone": "traffic", "source": "https://www.openstreetmap.org/node/13754636501", "packet": null}}, {"type": "Feature", "id": "cam:osm:n13757396201", "geometry": {"type": "Point", "coordinates": [-97.0886549, 35.4650149]}, "properties": {"name": "Flock Safety", "vendor": "Flock Safety", "city": null, "operator": null, "direction": "0", "mount": null, "zone": "traffic", "source": "https://www.openstreetmap.org/node/13757396201", "packet": null}}, {"type": "Feature", "id": "cam:osm:n13757776403", "geometry": {"type": "Point", "coordinates": [-97.3265756, 35.0149146]}, "properties": {"name": "Flock Safety", "vendor": "Flock Safety", "city": null, "operator": null, "direction": "88", "mount": null, "zone": "traffic", "source": "https://www.openstreetmap.org/node/13757776403", "packet": null}}, {"type": "Feature", "id": "cam:osm:n13759634002", "geometry": {"type": "Point", "coordinates": [-98.4221258, 34.6362426]}, "properties": {"name": "Flock Safety", "vendor": "Flock Safety", "city": null, "operator": null, "direction": "343", "mount": null, "zone": "traffic", "source": "https://www.openstreetmap.org/node/13759634002", "packet": null}}, {"type": "Feature", "id": "cam:osm:n13759936901", "geometry": {"type": "Point", "coordinates": [-98.6482468, 36.8043413]}, "properties": {"name": "Flock Safety", "vendor": "Flock Safety", "city": null, "operator": null, "direction": "131", "mount": null, "zone": "traffic", "source": "https://www.openstreetmap.org/node/13759936901", "packet": null}}, {"type": "Feature", "id": "cam:osm:n13760721301", "geometry": {"type": "Point", "coordinates": [-98.4578089, 34.6095684]}, "properties": {"name": "Flock Safety", "vendor": "Flock Safety", "city": null, "operator": null, "direction": "0", "mount": null, "zone": "traffic", "source": "https://www.openstreetmap.org/node/13760721301", "packet": null}}, {"type": "Feature", "id": "cam:osm:n13762339901", "geometry": {"type": "Point", "coordinates": [-97.4941957, 35.3199841]}, "properties": {"name": "Flock Safety", "vendor": "Flock Safety", "city": null, "operator": null, "direction": "205", "mount": null, "zone": "traffic", "source": "https://www.openstreetmap.org/node/13762339901", "packet": null}}, {"type": "Feature", "id": "cam:osm:n13762339902", "geometry": {"type": "Point", "coordinates": [-97.4944973, 35.3195724]}, "properties": {"name": "Flock Safety", "vendor": "Flock Safety", "city": null, "operator": null, "direction": "140", "mount": null, "zone": "traffic", "source": "https://www.openstreetmap.org/node/13762339902", "packet": null}}, {"type": "Feature", "id": "cam:osm:n13762339903", "geometry": {"type": "Point", "coordinates": [-97.5298487, 35.3489569]}, "properties": {"name": "Flock Safety", "vendor": "Flock Safety", "city": null, "operator": null, "direction": "205", "mount": null, "zone": "traffic", "source": "https://www.openstreetmap.org/node/13762339903", "packet": null}}, {"type": "Feature", "id": "cam:osm:n13762460301", "geometry": {"type": "Point", "coordinates": [-94.6924299, 36.7700337]}, "properties": {"name": "Flock Safety", "vendor": "Flock Safety", "city": null, "operator": null, "direction": "294-339", "mount": null, "zone": "traffic", "source": "https://www.openstreetmap.org/node/13762460301", "packet": null}}, {"type": "Feature", "id": "cam:osm:n13767710786", "geometry": {"type": "Point", "coordinates": [-97.2302565, 35.4934538]}, "properties": {"name": "Choctaw OK PD", "vendor": "Flock Safety", "city": null, "operator": "Choctaw OK PD", "direction": "235", "mount": "pole", "zone": "street", "source": "https://www.openstreetmap.org/node/13767710786", "packet": null}}, {"type": "Feature", "id": "cam:osm:n13776279701", "geometry": {"type": "Point", "coordinates": [-95.3049938, 35.8581374]}, "properties": {"name": "Flock Safety", "vendor": "Flock Safety", "city": null, "operator": null, "direction": "333", "mount": null, "zone": "traffic", "source": "https://www.openstreetmap.org/node/13776279701", "packet": null}}, {"type": "Feature", "id": "cam:osm:n13782107901", "geometry": {"type": "Point", "coordinates": [-95.9520592, 36.029851]}, "properties": {"name": "Flock Safety", "vendor": "Flock Safety", "city": null, "operator": null, "direction": "46", "mount": "pole", "zone": "traffic", "source": "https://www.openstreetmap.org/node/13782107901", "packet": null}}, {"type": "Feature", "id": "cam:osm:n13782790102", "geometry": {"type": "Point", "coordinates": [-94.6979362, 36.8197953]}, "properties": {"name": "Flock Safety", "vendor": "Flock Safety", "city": null, "operator": null, "direction": "316", "mount": null, "zone": "traffic", "source": "https://www.openstreetmap.org/node/13782790102", "packet": null}}, {"type": "Feature", "id": "cam:osm:n13782812901", "geometry": {"type": "Point", "coordinates": [-94.6981825, 36.8197442]}, "properties": {"name": "Flock Safety", "vendor": "Flock Safety", "city": null, "operator": null, "direction": "142", "mount": null, "zone": "traffic", "source": "https://www.openstreetmap.org/node/13782812901", "packet": null}}, {"type": "Feature", "id": "cam:osm:n13783221509", "geometry": {"type": "Point", "coordinates": [-97.8474063, 35.406288]}, "properties": {"name": "Flock Safety", "vendor": "Flock Safety", "city": null, "operator": null, "direction": "240", "mount": null, "zone": "traffic", "source": "https://www.openstreetmap.org/node/13783221509", "packet": null}}, {"type": "Feature", "id": "cam:osm:n13783262501", "geometry": {"type": "Point", "coordinates": [-97.9410246, 36.3893868]}, "properties": {"name": "Flock Safety", "vendor": "Flock Safety", "city": null, "operator": null, "direction": "253", "mount": null, "zone": "traffic", "source": "https://www.openstreetmap.org/node/13783262501", "packet": null}}, {"type": "Feature", "id": "cam:osm:n13783304102", "geometry": {"type": "Point", "coordinates": [-97.9434709, 36.3894305]}, "properties": {"name": "Flock Safety", "vendor": "Flock Safety", "city": null, "operator": null, "direction": "124", "mount": null, "zone": "traffic", "source": "https://www.openstreetmap.org/node/13783304102", "packet": null}}, {"type": "Feature", "id": "cam:osm:n13783488701", "geometry": {"type": "Point", "coordinates": [-97.9429238, 36.3898594]}, "properties": {"name": "Flock Safety", "vendor": "Flock Safety", "city": null, "operator": null, "direction": "349", "mount": null, "zone": "traffic", "source": "https://www.openstreetmap.org/node/13783488701", "packet": null}}, {"type": "Feature", "id": "cam:osm:n13784774503", "geometry": {"type": "Point", "coordinates": [-97.1769771, 35.231976]}, "properties": {"name": "Flock Safety", "vendor": "Flock Safety", "city": null, "operator": null, "direction": "226", "mount": null, "zone": "traffic", "source": "https://www.openstreetmap.org/node/13784774503", "packet": null}}, {"type": "Feature", "id": "cam:osm:n13784906902", "geometry": {"type": "Point", "coordinates": [-97.7774605, 35.49841]}, "properties": {"name": "Flock Safety", "vendor": "Flock Safety", "city": null, "operator": null, "direction": "339", "mount": "post", "zone": "traffic", "source": "https://www.openstreetmap.org/node/13784906902", "packet": null}}, {"type": "Feature", "id": "cam:osm:n13787344887", "geometry": {"type": "Point", "coordinates": [-95.9918685, 36.2349097]}, "properties": {"name": "Flock Safety", "vendor": "Flock Safety", "city": null, "operator": "Flock Safety", "direction": "45", "mount": "pole", "zone": "traffic", "source": "https://www.openstreetmap.org/node/13787344887", "packet": null}}, {"type": "Feature", "id": "cam:osm:n13788223901", "geometry": {"type": "Point", "coordinates": [-95.9142481, 36.0174158]}, "properties": {"name": "Flock Safety", "vendor": "Flock Safety", "city": null, "operator": null, "direction": "26", "mount": null, "zone": "traffic", "source": "https://www.openstreetmap.org/node/13788223901", "packet": null}}, {"type": "Feature", "id": "cam:osm:n13797401101", "geometry": {"type": "Point", "coordinates": [-97.9690444, 34.4933258]}, "properties": {"name": "Flock Safety", "vendor": "Flock Safety", "city": null, "operator": null, "direction": "337", "mount": null, "zone": "traffic", "source": "https://www.openstreetmap.org/node/13797401101", "packet": null}}, {"type": "Feature", "id": "cam:osm:n13800149733", "geometry": {"type": "Point", "coordinates": [-97.5312574, 35.579435]}, "properties": {"name": "Flock Safety", "vendor": "Flock Safety", "city": null, "operator": null, "direction": "345", "mount": "pole", "zone": "traffic", "source": "https://www.openstreetmap.org/node/13800149733", "packet": null}}, {"type": "Feature", "id": "cam:osm:n13800154852", "geometry": {"type": "Point", "coordinates": [-97.540647, 35.5802021]}, "properties": {"name": "Flock Safety", "vendor": "Flock Safety", "city": null, "operator": null, "direction": "250;260", "mount": null, "zone": "traffic", "source": "https://www.openstreetmap.org/node/13800154852", "packet": null}}, {"type": "Feature", "id": "cam:osm:n13800169723", "geometry": {"type": "Point", "coordinates": [-97.5315791, 35.594402]}, "properties": {"name": "Flock Safety", "vendor": "Flock Safety", "city": null, "operator": null, "direction": "180", "mount": "pole", "zone": "traffic", "source": "https://www.openstreetmap.org/node/13800169723", "packet": null}}, {"type": "Feature", "id": "cam:osm:n13800323202", "geometry": {"type": "Point", "coordinates": [-97.4414223, 35.4195304]}, "properties": {"name": "Flock Safety", "vendor": "Flock Safety", "city": null, "operator": null, "direction": "165", "mount": "pole", "zone": "traffic", "source": "https://www.openstreetmap.org/node/13800323202", "packet": null}}, {"type": "Feature", "id": "cam:osm:n13801876648", "geometry": {"type": "Point", "coordinates": [-97.5492608, 35.597454]}, "properties": {"name": "Flock Safety", "vendor": "Flock Safety", "city": null, "operator": null, "direction": "335", "mount": "pole", "zone": "traffic", "source": "https://www.openstreetmap.org/node/13801876648", "packet": null}}, {"type": "Feature", "id": "cam:osm:n13807157002", "geometry": {"type": "Point", "coordinates": [-94.7926516, 33.8955202]}, "properties": {"name": "Flock Safety", "vendor": "Flock Safety", "city": null, "operator": null, "direction": "253", "mount": "pole", "zone": "traffic", "source": "https://www.openstreetmap.org/node/13807157002", "packet": null}}, {"type": "Feature", "id": "cam:osm:n13811842001", "geometry": {"type": "Point", "coordinates": [-95.9934663, 36.2353157]}, "properties": {"name": "Flock Safety", "vendor": "Flock Safety", "city": null, "operator": null, "direction": "0", "mount": "pole", "zone": "traffic", "source": "https://www.openstreetmap.org/node/13811842001", "packet": null}}, {"type": "Feature", "id": "cam:osm:n13819349801", "geometry": {"type": "Point", "coordinates": [-97.6009485, 35.4558495]}, "properties": {"name": "Flock Safety", "vendor": "Flock Safety", "city": null, "operator": null, "direction": "55", "mount": null, "zone": "traffic", "source": "https://www.openstreetmap.org/node/13819349801", "packet": null}}, {"type": "Feature", "id": "cam:osm:n13819349901", "geometry": {"type": "Point", "coordinates": [-97.6004401, 35.4568506]}, "properties": {"name": "Flock Safety", "vendor": "Flock Safety", "city": null, "operator": null, "direction": "160", "mount": null, "zone": "traffic", "source": "https://www.openstreetmap.org/node/13819349901", "packet": null}}, {"type": "Feature", "id": "cam:osm:n13819352301", "geometry": {"type": "Point", "coordinates": [-97.5996228, 35.4568674]}, "properties": {"name": "Flock Safety", "vendor": "Flock Safety", "city": null, "operator": null, "direction": "190", "mount": null, "zone": "traffic", "source": "https://www.openstreetmap.org/node/13819352301", "packet": null}}, {"type": "Feature", "id": "cam:osm:n13819352302", "geometry": {"type": "Point", "coordinates": [-97.6010041, 35.4565538]}, "properties": {"name": "Flock Safety", "vendor": "Flock Safety", "city": null, "operator": null, "direction": "109", "mount": null, "zone": "traffic", "source": "https://www.openstreetmap.org/node/13819352302", "packet": null}}, {"type": "Feature", "id": "cam:osm:n13822213801", "geometry": {"type": "Point", "coordinates": [-97.4769495, 35.3017389]}, "properties": {"name": "Flock Safety", "vendor": "Flock Safety", "city": null, "operator": null, "direction": "249", "mount": "pole", "zone": "traffic", "source": "https://www.openstreetmap.org/node/13822213801", "packet": null}}, {"type": "Feature", "id": "cam:osm:n13822490128", "geometry": {"type": "Point", "coordinates": [-97.1298681, 33.765226]}, "properties": {"name": "OSM node 13822490128", "vendor": null, "city": null, "operator": null, "direction": "0", "mount": null, "zone": "entrance", "source": "https://www.openstreetmap.org/node/13822490128", "packet": null}}, {"type": "Feature", "id": "cam:osm:n13832440601", "geometry": {"type": "Point", "coordinates": [-97.7231112, 35.2357538]}, "properties": {"name": "Flock Safety", "vendor": "Flock Safety", "city": null, "operator": null, "direction": "226", "mount": null, "zone": "traffic", "source": "https://www.openstreetmap.org/node/13832440601", "packet": null}}, {"type": "Feature", "id": "cam:osm:n13836372601", "geometry": {"type": "Point", "coordinates": [-97.4483951, 35.6094721]}, "properties": {"name": "Flock Safety", "vendor": "Flock Safety", "city": null, "operator": null, "direction": "16", "mount": null, "zone": "traffic", "source": "https://www.openstreetmap.org/node/13836372601", "packet": null}}, {"type": "Feature", "id": "cam:osm:n13838029335", "geometry": {"type": "Point", "coordinates": [-96.0628575, 36.1037369]}, "properties": {"name": "Flock Safety", "vendor": "Flock Safety", "city": null, "operator": "Flock Safety", "direction": "0", "mount": "pole", "zone": "traffic", "source": "https://www.openstreetmap.org/node/13838029335", "packet": null}}, {"type": "Feature", "id": "cam:osm:n13841690001", "geometry": {"type": "Point", "coordinates": [-97.4238176, 35.4643117]}, "properties": {"name": "Flock Safety", "vendor": "Flock Safety", "city": null, "operator": null, "direction": "135;225;315", "mount": "traffic_signals", "zone": "traffic", "source": "https://www.openstreetmap.org/node/13841690001", "packet": null}}, {"type": "Feature", "id": "cam:osm:n13841992401", "geometry": {"type": "Point", "coordinates": [-95.3098066, 36.2855861]}, "properties": {"name": "Flock Safety", "vendor": "Flock Safety", "city": null, "operator": null, "direction": "339", "mount": "traffic_signals", "zone": "traffic", "source": "https://www.openstreetmap.org/node/13841992401", "packet": null}}, {"type": "Feature", "id": "cam:osm:n13844548801", "geometry": {"type": "Point", "coordinates": [-97.3978078, 35.1508778]}, "properties": {"name": "Flock Safety", "vendor": "Flock Safety", "city": null, "operator": null, "direction": "118", "mount": null, "zone": "traffic", "source": "https://www.openstreetmap.org/node/13844548801", "packet": null}}, {"type": "Feature", "id": "cam:osm:n13845532501", "geometry": {"type": "Point", "coordinates": [-96.4254292, 33.9542086]}, "properties": {"name": "Flock Safety", "vendor": "Flock Safety", "city": null, "operator": null, "direction": "159", "mount": null, "zone": "traffic", "source": "https://www.openstreetmap.org/node/13845532501", "packet": null}}, {"type": "Feature", "id": "cam:osm:n13845565501", "geometry": {"type": "Point", "coordinates": [-96.3907992, 33.9253488]}, "properties": {"name": "Flock Safety", "vendor": "Flock Safety", "city": null, "operator": null, "direction": "244", "mount": null, "zone": "traffic", "source": "https://www.openstreetmap.org/node/13845565501", "packet": null}}, {"type": "Feature", "id": "cam:osm:n13845565502", "geometry": {"type": "Point", "coordinates": [-96.4288486, 33.9346671]}, "properties": {"name": "Flock Safety", "vendor": "Flock Safety", "city": null, "operator": null, "direction": "22", "mount": null, "zone": "traffic", "source": "https://www.openstreetmap.org/node/13845565502", "packet": null}}, {"type": "Feature", "id": "cam:osm:n13845706501", "geometry": {"type": "Point", "coordinates": [-95.8567063, 36.0750615]}, "properties": {"name": "Flock Safety", "vendor": "Flock Safety", "city": null, "operator": null, "direction": "352", "mount": "pole", "zone": "traffic", "source": "https://www.openstreetmap.org/node/13845706501", "packet": null}}, {"type": "Feature", "id": "cam:osm:n13846502901", "geometry": {"type": "Point", "coordinates": [-97.5300664, 35.4061798]}, "properties": {"name": "Axon Enterprise", "vendor": "Axon Enterprise", "city": null, "operator": null, "direction": "64", "mount": null, "zone": "traffic", "source": "https://www.openstreetmap.org/node/13846502901", "packet": null}}, {"type": "Feature", "id": "cam:osm:n13849581101", "geometry": {"type": "Point", "coordinates": [-96.4503633, 33.9398746]}, "properties": {"name": "Flock Safety", "vendor": "Flock Safety", "city": null, "operator": null, "direction": "66", "mount": null, "zone": "traffic", "source": "https://www.openstreetmap.org/node/13849581101", "packet": null}}, {"type": "Feature", "id": "cam:osm:n13849991321", "geometry": {"type": "Point", "coordinates": [-96.0029853, 36.0360509]}, "properties": {"name": "OSM node 13849991321", "vendor": "Flock Safety", "city": null, "operator": null, "direction": "240", "mount": "post", "zone": "traffic", "source": "https://www.openstreetmap.org/node/13849991321", "packet": null}}, {"type": "Feature", "id": "cam:osm:n13849991322", "geometry": {"type": "Point", "coordinates": [-96.0029811, 36.0388955]}, "properties": {"name": "OSM node 13849991322", "vendor": "Flock Safety", "city": null, "operator": null, "direction": "240", "mount": "post", "zone": "traffic", "source": "https://www.openstreetmap.org/node/13849991322", "packet": null}}, {"type": "Feature", "id": "cam:osm:n13850638901", "geometry": {"type": "Point", "coordinates": [-97.9531106, 34.5143609]}, "properties": {"name": "Flock Safety", "vendor": "Flock Safety", "city": null, "operator": null, "direction": "95;249", "mount": null, "zone": "traffic", "source": "https://www.openstreetmap.org/node/13850638901", "packet": null}}, {"type": "Feature", "id": "cam:osm:n13850814201", "geometry": {"type": "Point", "coordinates": [-95.8728895, 36.0031279]}, "properties": {"name": "Flock Safety", "vendor": "Flock Safety", "city": null, "operator": null, "direction": "0", "mount": null, "zone": "traffic", "source": "https://www.openstreetmap.org/node/13850814201", "packet": null}}, {"type": "Feature", "id": "cam:osm:n13850848201", "geometry": {"type": "Point", "coordinates": [-94.8819064, 36.870939]}, "properties": {"name": "Flock Safety", "vendor": "Flock Safety", "city": null, "operator": null, "direction": "127;228", "mount": null, "zone": "traffic", "source": "https://www.openstreetmap.org/node/13850848201", "packet": null}}, {"type": "Feature", "id": "cam:osm:n13851112301", "geometry": {"type": "Point", "coordinates": [-97.8489879, 35.5017292]}, "properties": {"name": "Flock Safety", "vendor": "Flock Safety", "city": null, "operator": null, "direction": "135", "mount": null, "zone": "traffic", "source": "https://www.openstreetmap.org/node/13851112301", "packet": null}}, {"type": "Feature", "id": "cam:osm:n13854604852", "geometry": {"type": "Point", "coordinates": [-97.3533995, 35.4352997]}, "properties": {"name": "Flock Safety", "vendor": "Flock Safety", "city": null, "operator": null, "direction": "45;140;235", "mount": null, "zone": "traffic", "source": "https://www.openstreetmap.org/node/13854604852", "packet": null}}, {"type": "Feature", "id": "cam:osm:n13854604853", "geometry": {"type": "Point", "coordinates": [-97.3355556, 35.4500969]}, "properties": {"name": "Flock Safety", "vendor": "Flock Safety", "city": null, "operator": null, "direction": "130;220;330", "mount": null, "zone": "traffic", "source": "https://www.openstreetmap.org/node/13854604853", "packet": null}}, {"type": "Feature", "id": "cam:osm:n13857677801", "geometry": {"type": "Point", "coordinates": [-95.9046206, 36.1578988]}, "properties": {"name": "Flock Safety", "vendor": "Flock Safety", "city": null, "operator": null, "direction": "154", "mount": null, "zone": "traffic", "source": "https://www.openstreetmap.org/node/13857677801", "packet": null}}, {"type": "Feature", "id": "cam:osm:n13858685601", "geometry": {"type": "Point", "coordinates": [-94.8525307, 36.8712439]}, "properties": {"name": "Flock Safety", "vendor": "Flock Safety", "city": null, "operator": null, "direction": "142;228", "mount": "pole", "zone": "traffic", "source": "https://www.openstreetmap.org/node/13858685601", "packet": null}}, {"type": "Feature", "id": "cam:osm:n13858700901", "geometry": {"type": "Point", "coordinates": [-95.8328951, 35.9033681]}, "properties": {"name": "Flock Safety", "vendor": "Flock Safety", "city": null, "operator": null, "direction": "0", "mount": null, "zone": "traffic", "source": "https://www.openstreetmap.org/node/13858700901", "packet": null}}, {"type": "Feature", "id": "cam:osm:n13858710601", "geometry": {"type": "Point", "coordinates": [-94.8775643, 36.9199347]}, "properties": {"name": "Flock Safety", "vendor": "Flock Safety", "city": null, "operator": null, "direction": "148", "mount": "power pole", "zone": "traffic", "source": "https://www.openstreetmap.org/node/13858710601", "packet": null}}, {"type": "Feature", "id": "cam:osm:n13859168674", "geometry": {"type": "Point", "coordinates": [-97.3709722, 35.4495039]}, "properties": {"name": "Flock Safety", "vendor": "Flock Safety", "city": null, "operator": null, "direction": "30;150", "mount": null, "zone": "traffic", "source": "https://www.openstreetmap.org/node/13859168674", "packet": null}}, {"type": "Feature", "id": "cam:osm:n13859168675", "geometry": {"type": "Point", "coordinates": [-97.3533451, 35.4641773]}, "properties": {"name": "Flock Safety", "vendor": "Flock Safety", "city": null, "operator": null, "direction": "35;120;240", "mount": null, "zone": "traffic", "source": "https://www.openstreetmap.org/node/13859168675", "packet": null}}, {"type": "Feature", "id": "cam:osm:n13859168676", "geometry": {"type": "Point", "coordinates": [-97.3706678, 35.4461399]}, "properties": {"name": "Flock Safety", "vendor": "Flock Safety", "city": null, "operator": null, "direction": "226;311;137", "mount": null, "zone": "traffic", "source": "https://www.openstreetmap.org/node/13859168676", "packet": null}}, {"type": "Feature", "id": "cam:osm:n13859268901", "geometry": {"type": "Point", "coordinates": [-95.8726914, 36.3365765]}, "properties": {"name": "Flock Safety", "vendor": "Flock Safety", "city": null, "operator": null, "direction": "88", "mount": null, "zone": "traffic", "source": "https://www.openstreetmap.org/node/13859268901", "packet": null}}, {"type": "Feature", "id": "cam:osm:n13859694001", "geometry": {"type": "Point", "coordinates": [-98.6479437, 36.7992075]}, "properties": {"name": "Flock Safety", "vendor": "Flock Safety", "city": null, "operator": null, "direction": "319", "mount": null, "zone": "traffic", "source": "https://www.openstreetmap.org/node/13859694001", "packet": null}}, {"type": "Feature", "id": "cam:osm:n13860559201", "geometry": {"type": "Point", "coordinates": [-97.6287755, 35.4934122]}, "properties": {"name": "Flock Safety", "vendor": "Flock Safety", "city": null, "operator": null, "direction": "230", "mount": null, "zone": "traffic", "source": "https://www.openstreetmap.org/node/13860559201", "packet": null}}, {"type": "Feature", "id": "cam:osm:n13861052801", "geometry": {"type": "Point", "coordinates": [-97.6385983, 35.5945073]}, "properties": {"name": "Flock Safety", "vendor": "Flock Safety", "city": null, "operator": null, "direction": "154", "mount": null, "zone": "traffic", "source": "https://www.openstreetmap.org/node/13861052801", "packet": null}}, {"type": "Feature", "id": "cam:osm:n13862567802", "geometry": {"type": "Point", "coordinates": [-96.6715395, 34.789389]}, "properties": {"name": "The Home Depot", "vendor": "Flock Safety", "city": null, "operator": "The Home Depot", "direction": "207", "mount": null, "zone": "traffic", "source": "https://www.openstreetmap.org/node/13862567802", "packet": null}}, {"type": "Feature", "id": "cam:osm:n13862702701", "geometry": {"type": "Point", "coordinates": [-96.6702302, 34.7882577]}, "properties": {"name": "The Home Depot", "vendor": "Flock Safety", "city": null, "operator": "The Home Depot", "direction": "298", "mount": null, "zone": "traffic", "source": "https://www.openstreetmap.org/node/13862702701", "packet": null}}, {"type": "Feature", "id": "cam:osm:n13862795803", "geometry": {"type": "Point", "coordinates": [-96.6724617, 34.789359]}, "properties": {"name": "The Home Depot", "vendor": "Flock Safety", "city": null, "operator": "The Home Depot", "direction": "111", "mount": null, "zone": "traffic", "source": "https://www.openstreetmap.org/node/13862795803", "packet": null}}, {"type": "Feature", "id": "cam:osm:n13862831501", "geometry": {"type": "Point", "coordinates": [-96.6724948, 34.7893419]}, "properties": {"name": "The Home Depot", "vendor": "Flock Safety", "city": null, "operator": "The Home Depot", "direction": "165", "mount": null, "zone": "traffic", "source": "https://www.openstreetmap.org/node/13862831501", "packet": null}}, {"type": "Feature", "id": "cam:osm:n13864522147", "geometry": {"type": "Point", "coordinates": [-97.5774457, 35.5223616]}, "properties": {"name": "Axon Enterprise", "vendor": "Axon Enterprise", "city": null, "operator": null, "direction": "245", "mount": null, "zone": "traffic", "source": "https://www.openstreetmap.org/node/13864522147", "packet": null}}, {"type": "Feature", "id": "cam:osm:n13864685996", "geometry": {"type": "Point", "coordinates": [-97.5906675, 35.5369187]}, "properties": {"name": "Flock Safety", "vendor": "Flock Safety", "city": null, "operator": null, "direction": "245", "mount": "pole", "zone": "traffic", "source": "https://www.openstreetmap.org/node/13864685996", "packet": null}}, {"type": "Feature", "id": "cam:osm:n13869843101", "geometry": {"type": "Point", "coordinates": [-97.9473573, 34.4926963]}, "properties": {"name": "The Home Depot", "vendor": "Flock Safety", "city": null, "operator": "The Home Depot", "direction": "196", "mount": null, "zone": "traffic", "source": "https://www.openstreetmap.org/node/13869843101", "packet": null}}, {"type": "Feature", "id": "cam:osm:n13873488001", "geometry": {"type": "Point", "coordinates": [-95.902812, 36.1044992]}, "properties": {"name": "The Home Depot", "vendor": "Flock Safety", "city": null, "operator": "The Home Depot", "direction": "136", "mount": "pole", "zone": "traffic", "source": "https://www.openstreetmap.org/node/13873488001", "packet": null}}, {"type": "Feature", "id": "cam:osm:n13873489801", "geometry": {"type": "Point", "coordinates": [-97.5981845, 35.6234545]}, "properties": {"name": "Flock Safety", "vendor": "Flock Safety", "city": null, "operator": null, "direction": "171", "mount": null, "zone": "traffic", "source": "https://www.openstreetmap.org/node/13873489801", "packet": null}}, {"type": "Feature", "id": "cam:osm:n13873503201", "geometry": {"type": "Point", "coordinates": [-95.8673022, 36.0608063]}, "properties": {"name": "The Home Depot", "vendor": "Flock Safety", "city": null, "operator": "The Home Depot", "direction": "12", "mount": "pole", "zone": "traffic", "source": "https://www.openstreetmap.org/node/13873503201", "packet": null}}, {"type": "Feature", "id": "cam:osm:n13873521901", "geometry": {"type": "Point", "coordinates": [-95.8666112, 36.0608016]}, "properties": {"name": "The Home Depot", "vendor": "Flock Safety", "city": null, "operator": "The Home Depot", "direction": "144", "mount": "pole", "zone": "traffic", "source": "https://www.openstreetmap.org/node/13873521901", "packet": null}}, {"type": "Feature", "id": "cam:osm:n13873599601", "geometry": {"type": "Point", "coordinates": [-95.8651959, 36.0607342]}, "properties": {"name": "The Home Depot", "vendor": "Flock Safety", "city": null, "operator": "The Home Depot", "direction": "141", "mount": "pole", "zone": "traffic", "source": "https://www.openstreetmap.org/node/13873599601", "packet": null}}, {"type": "Feature", "id": "cam:osm:n13873905201", "geometry": {"type": "Point", "coordinates": [-94.8297552, 36.9869739]}, "properties": {"name": "Flock Safety", "vendor": "Flock Safety", "city": null, "operator": null, "direction": "51", "mount": "pole", "zone": "traffic", "source": "https://www.openstreetmap.org/node/13873905201", "packet": null}}, {"type": "Feature", "id": "cam:osm:n13873905202", "geometry": {"type": "Point", "coordinates": [-94.8313426, 36.9871531]}, "properties": {"name": "Flock Safety", "vendor": "Flock Safety", "city": null, "operator": null, "direction": "248", "mount": "pole", "zone": "traffic", "source": "https://www.openstreetmap.org/node/13873905202", "packet": null}}, {"type": "Feature", "id": "cam:osm:n13874015401", "geometry": {"type": "Point", "coordinates": [-94.8666637, 36.9519503]}, "properties": {"name": "Flock Safety", "vendor": "Flock Safety", "city": null, "operator": null, "direction": "342", "mount": "pole", "zone": "traffic", "source": "https://www.openstreetmap.org/node/13874015401", "packet": null}}, {"type": "Feature", "id": "cam:osm:n13874016901", "geometry": {"type": "Point", "coordinates": [-94.8668247, 36.953282]}, "properties": {"name": "Flock Safety", "vendor": "Flock Safety", "city": null, "operator": null, "direction": "161", "mount": "pole", "zone": "traffic", "source": "https://www.openstreetmap.org/node/13874016901", "packet": null}}, {"type": "Feature", "id": "cam:osm:n13874031701", "geometry": {"type": "Point", "coordinates": [-94.8775926, 36.8998104]}, "properties": {"name": "Flock Safety", "vendor": "Flock Safety", "city": null, "operator": null, "direction": "131;41", "mount": "pole", "zone": "traffic", "source": "https://www.openstreetmap.org/node/13874031701", "packet": null}}, {"type": "Feature", "id": "cam:osm:n13874172902", "geometry": {"type": "Point", "coordinates": [-94.8597625, 36.8711853]}, "properties": {"name": "Flock Safety", "vendor": "Flock Safety", "city": null, "operator": null, "direction": "322;231", "mount": "stop light", "zone": "traffic", "source": "https://www.openstreetmap.org/node/13874172902", "packet": null}}, {"type": "Feature", "id": "cam:osm:n13879965701", "geometry": {"type": "Point", "coordinates": [-97.1397929, 34.1612911]}, "properties": {"name": "Lowe's", "vendor": "Flock Safety", "city": null, "operator": "Lowe's", "direction": "359;359;359", "mount": null, "zone": "traffic", "source": "https://www.openstreetmap.org/node/13879965701", "packet": null}}, {"type": "Feature", "id": "cam:osm:n13883040101", "geometry": {"type": "Point", "coordinates": [-98.4398945, 34.6158351]}, "properties": {"name": "Flock Safety", "vendor": "Flock Safety", "city": null, "operator": null, "direction": "163", "mount": null, "zone": "traffic", "source": "https://www.openstreetmap.org/node/13883040101", "packet": null}}, {"type": "Feature", "id": "cam:osm:n13883228206", "geometry": {"type": "Point", "coordinates": [-97.1594243, 35.4233149]}, "properties": {"name": "Flock Safety", "vendor": "Flock Safety", "city": null, "operator": null, "direction": "340", "mount": null, "zone": "traffic", "source": "https://www.openstreetmap.org/node/13883228206", "packet": null}}, {"type": "Feature", "id": "cam:osm:n13885981001", "geometry": {"type": "Point", "coordinates": [-97.5303657, 35.4209596]}, "properties": {"name": "Rekor", "vendor": "Rekor", "city": null, "operator": null, "direction": "158", "mount": null, "zone": "traffic", "source": "https://www.openstreetmap.org/node/13885981001", "packet": null}}, {"type": "Feature", "id": "cam:osm:n13885982301", "geometry": {"type": "Point", "coordinates": [-97.5302577, 35.4048863]}, "properties": {"name": "Flock Safety", "vendor": "Flock Safety", "city": null, "operator": null, "direction": "155", "mount": null, "zone": "traffic", "source": "https://www.openstreetmap.org/node/13885982301", "packet": null}}, {"type": "Feature", "id": "cam:osm:n13886550401", "geometry": {"type": "Point", "coordinates": [-95.367474, 36.0172527]}, "properties": {"name": "Flock Safety", "vendor": "Flock Safety", "city": null, "operator": null, "direction": "107;247", "mount": null, "zone": "traffic", "source": "https://www.openstreetmap.org/node/13886550401", "packet": null}}, {"type": "Feature", "id": "cam:osm:n13888173601", "geometry": {"type": "Point", "coordinates": [-96.0554894, 36.1065871]}, "properties": {"name": "Flock Safety", "vendor": "Flock Safety", "city": null, "operator": null, "direction": "333", "mount": "Pole", "zone": "traffic", "source": "https://www.openstreetmap.org/node/13888173601", "packet": null}}, {"type": "Feature", "id": "cam:osm:n13889740201", "geometry": {"type": "Point", "coordinates": [-97.4814021, 35.2525964]}, "properties": {"name": "Motorola Solutions", "vendor": "Motorola Solutions", "city": null, "operator": null, "direction": "339", "mount": "doorbell", "zone": "traffic", "source": "https://www.openstreetmap.org/node/13889740201", "packet": null}}, {"type": "Feature", "id": "cam:osm:n13889746401", "geometry": {"type": "Point", "coordinates": [-97.4810095, 35.2526489]}, "properties": {"name": "Motorola Solutions", "vendor": "Motorola Solutions", "city": null, "operator": null, "direction": "0", "mount": null, "zone": "traffic", "source": "https://www.openstreetmap.org/node/13889746401", "packet": null}}, {"type": "Feature", "id": "cam:osm:n13889748501", "geometry": {"type": "Point", "coordinates": [-97.4805323, 35.2521365]}, "properties": {"name": "Motorola Solutions", "vendor": "Motorola Solutions", "city": null, "operator": null, "direction": "82", "mount": null, "zone": "traffic", "source": "https://www.openstreetmap.org/node/13889748501", "packet": null}}, {"type": "Feature", "id": "cam:osm:n13889749701", "geometry": {"type": "Point", "coordinates": [-97.4801148, 35.2515407]}, "properties": {"name": "Motorola Solutions", "vendor": "Motorola Solutions", "city": null, "operator": null, "direction": "139", "mount": null, "zone": "traffic", "source": "https://www.openstreetmap.org/node/13889749701", "packet": null}}, {"type": "Feature", "id": "cam:osm:n13889765801", "geometry": {"type": "Point", "coordinates": [-97.4803043, 35.2512797]}, "properties": {"name": "Motorola Solutions", "vendor": "Motorola Solutions", "city": null, "operator": null, "direction": "163", "mount": null, "zone": "traffic", "source": "https://www.openstreetmap.org/node/13889765801", "packet": null}}, {"type": "Feature", "id": "cam:osm:n13889908938", "geometry": {"type": "Point", "coordinates": [-97.370717, 35.449839]}, "properties": {"name": "Flock Safety", "vendor": "Flock Safety", "city": null, "operator": null, "direction": "240", "mount": null, "zone": "traffic", "source": "https://www.openstreetmap.org/node/13889908938", "packet": null}}, {"type": "Feature", "id": "cam:osm:n13890170401", "geometry": {"type": "Point", "coordinates": [-95.4055441, 35.8713209]}, "properties": {"name": "Flock Safety", "vendor": "Flock Safety", "city": null, "operator": null, "direction": "262", "mount": null, "zone": "traffic", "source": "https://www.openstreetmap.org/node/13890170401", "packet": null}}, {"type": "Feature", "id": "cam:osm:n13891830601", "geometry": {"type": "Point", "coordinates": [-97.620427, 35.6287758]}, "properties": {"name": "Flock Safety", "vendor": "Flock Safety", "city": null, "operator": null, "direction": "66", "mount": "Pole", "zone": "traffic", "source": "https://www.openstreetmap.org/node/13891830601", "packet": null}}, {"type": "Feature", "id": "cam:osm:n13892429301", "geometry": {"type": "Point", "coordinates": [-97.3885111, 35.4640078]}, "properties": {"name": "Flock Safety", "vendor": "Flock Safety", "city": null, "operator": null, "direction": "45;315;225", "mount": "traffic_signals", "zone": "traffic", "source": "https://www.openstreetmap.org/node/13892429301", "packet": null}}, {"type": "Feature", "id": "cam:osm:n13892435801", "geometry": {"type": "Point", "coordinates": [-97.3978278, 35.4639948]}, "properties": {"name": "Flock Safety", "vendor": "Flock Safety", "city": null, "operator": null, "direction": "30;315;241", "mount": "traffic_signals", "zone": "traffic", "source": "https://www.openstreetmap.org/node/13892435801", "packet": null}}, {"type": "Feature", "id": "cam:osm:n13892441901", "geometry": {"type": "Point", "coordinates": [-97.3709138, 35.4532772]}, "properties": {"name": "Flock Safety", "vendor": "Flock Safety", "city": null, "operator": null, "direction": "270;0;90", "mount": "traffic_signals", "zone": "traffic", "source": "https://www.openstreetmap.org/node/13892441901", "packet": null}}, {"type": "Feature", "id": "cam:osm:n13892484301", "geometry": {"type": "Point", "coordinates": [-97.4064438, 35.4639123]}, "properties": {"name": "Flock Safety", "vendor": "Flock Safety", "city": null, "operator": null, "direction": "45;315;135", "mount": "traffic_signals", "zone": "traffic", "source": "https://www.openstreetmap.org/node/13892484301", "packet": null}}, {"type": "Feature", "id": "cam:osm:n13892895701", "geometry": {"type": "Point", "coordinates": [-97.6539691, 35.4645372]}, "properties": {"name": "Axon Enterprise", "vendor": "Axon Enterprise", "city": null, "operator": null, "direction": "340", "mount": null, "zone": "traffic", "source": "https://www.openstreetmap.org/node/13892895701", "packet": null}}, {"type": "Feature", "id": "cam:osm:n13892895702", "geometry": {"type": "Point", "coordinates": [-97.6010742, 35.4606476]}, "properties": {"name": "Flock Safety", "vendor": "Flock Safety", "city": null, "operator": null, "direction": "19", "mount": null, "zone": "traffic", "source": "https://www.openstreetmap.org/node/13892895702", "packet": null}}, {"type": "Feature", "id": "cam:osm:n13893708601", "geometry": {"type": "Point", "coordinates": [-97.3972436, 35.435203]}, "properties": {"name": "Flock Safety", "vendor": "Flock Safety", "city": null, "operator": null, "direction": "16;194;315", "mount": null, "zone": "traffic", "source": "https://www.openstreetmap.org/node/13893708601", "packet": null}}, {"type": "Feature", "id": "cam:osm:n13893709301", "geometry": {"type": "Point", "coordinates": [-97.4021511, 35.4497637]}, "properties": {"name": "Flock Safety", "vendor": "Flock Safety", "city": null, "operator": null, "direction": "345;158;255", "mount": null, "zone": "traffic", "source": "https://www.openstreetmap.org/node/13893709301", "packet": null}}, {"type": "Feature", "id": "cam:osm:n13893711201", "geometry": {"type": "Point", "coordinates": [-97.40614, 35.4498376]}, "properties": {"name": "Flock Safety", "vendor": "Flock Safety", "city": null, "operator": null, "direction": "153", "mount": null, "zone": "traffic", "source": "https://www.openstreetmap.org/node/13893711201", "packet": null}}, {"type": "Feature", "id": "cam:osm:n13893712001", "geometry": {"type": "Point", "coordinates": [-97.406005, 35.4497038]}, "properties": {"name": "Flock Safety", "vendor": "Flock Safety", "city": null, "operator": null, "direction": "336", "mount": null, "zone": "traffic", "source": "https://www.openstreetmap.org/node/13893712001", "packet": null}}, {"type": "Feature", "id": "cam:osm:n13894304901", "geometry": {"type": "Point", "coordinates": [-97.9856985, 34.5069727]}, "properties": {"name": "Flock Safety", "vendor": "Flock Safety", "city": null, "operator": null, "direction": "62", "mount": null, "zone": "traffic", "source": "https://www.openstreetmap.org/node/13894304901", "packet": null}}, {"type": "Feature", "id": "cam:osm:n13894714501", "geometry": {"type": "Point", "coordinates": [-95.9016362, 36.1046774]}, "properties": {"name": "Flock Safety", "vendor": "Flock Safety", "city": null, "operator": null, "direction": "238;32", "mount": null, "zone": "traffic", "source": "https://www.openstreetmap.org/node/13894714501", "packet": null}}, {"type": "Feature", "id": "cam:osm:n13896361002", "geometry": {"type": "Point", "coordinates": [-97.932016, 34.5362123]}, "properties": {"name": "Flock Safety", "vendor": "Flock Safety", "city": null, "operator": null, "direction": "246", "mount": null, "zone": "traffic", "source": "https://www.openstreetmap.org/node/13896361002", "packet": null}}, {"type": "Feature", "id": "cam:osm:n13896362801", "geometry": {"type": "Point", "coordinates": [-97.9320181, 34.5362249]}, "properties": {"name": "Flock Safety", "vendor": "Flock Safety", "city": null, "operator": null, "direction": "121", "mount": null, "zone": "traffic", "source": "https://www.openstreetmap.org/node/13896362801", "packet": null}}, {"type": "Feature", "id": "cam:osm:n13897916201", "geometry": {"type": "Point", "coordinates": [-97.5407808, 35.3514394]}, "properties": {"name": "Flock Safety", "vendor": "Flock Safety", "city": null, "operator": null, "direction": "20", "mount": null, "zone": "traffic", "source": "https://www.openstreetmap.org/node/13897916201", "packet": null}}, {"type": "Feature", "id": "cam:osm:n13900261264", "geometry": {"type": "Point", "coordinates": [-97.3370161, 36.8111518]}, "properties": {"name": "Flock Safety", "vendor": "Flock Safety", "city": null, "operator": null, "direction": "60", "mount": null, "zone": "traffic", "source": "https://www.openstreetmap.org/node/13900261264", "packet": null}}, {"type": "Feature", "id": "cam:osm:n13900261265", "geometry": {"type": "Point", "coordinates": [-97.3373996, 36.8114858]}, "properties": {"name": "Flock Safety", "vendor": "Flock Safety", "city": null, "operator": null, "direction": "255", "mount": null, "zone": "traffic", "source": "https://www.openstreetmap.org/node/13900261265", "packet": null}}, {"type": "Feature", "id": "cam:osm:n13902051301", "geometry": {"type": "Point", "coordinates": [-97.6747023, 35.6531143]}, "properties": {"name": "Flock Safety", "vendor": "Flock Safety", "city": null, "operator": null, "direction": "247", "mount": "pole", "zone": "traffic", "source": "https://www.openstreetmap.org/node/13902051301", "packet": null}}, {"type": "Feature", "id": "cam:osm:n13903019001", "geometry": {"type": "Point", "coordinates": [-95.3911202, 35.7486233]}, "properties": {"name": "Flock Safety", "vendor": "Flock Safety", "city": null, "operator": null, "direction": "55", "mount": null, "zone": "traffic", "source": "https://www.openstreetmap.org/node/13903019001", "packet": null}}, {"type": "Feature", "id": "cam:osm:n13905917301", "geometry": {"type": "Point", "coordinates": [-97.5548873, 35.3626384]}, "properties": {"name": "Flock Safety", "vendor": "Flock Safety", "city": null, "operator": null, "direction": "6", "mount": null, "zone": "traffic", "source": "https://www.openstreetmap.org/node/13905917301", "packet": null}}, {"type": "Feature", "id": "cam:osm:n13905917501", "geometry": {"type": "Point", "coordinates": [-97.555013, 35.3626584]}, "properties": {"name": "Flock Safety", "vendor": "Flock Safety", "city": null, "operator": null, "direction": "214", "mount": null, "zone": "traffic", "source": "https://www.openstreetmap.org/node/13905917501", "packet": null}}, {"type": "Feature", "id": "cam:osm:n13905996951", "geometry": {"type": "Point", "coordinates": [-97.5493202, 35.6099309]}, "properties": {"name": "Flock Safety", "vendor": "Flock Safety", "city": null, "operator": null, "direction": "350", "mount": "pole", "zone": null, "source": "https://www.openstreetmap.org/node/13905996951", "packet": null}}, {"type": "Feature", "id": "cam:osm:n13907845301", "geometry": {"type": "Point", "coordinates": [-97.1360053, 34.1747931]}, "properties": {"name": "Flock Safety", "vendor": "Flock Safety", "city": null, "operator": null, "direction": "84", "mount": null, "zone": "traffic", "source": "https://www.openstreetmap.org/node/13907845301", "packet": null}}, {"type": "Feature", "id": "cam:osm:n13908296401", "geometry": {"type": "Point", "coordinates": [-98.4746372, 34.6099579]}, "properties": {"name": "Flock Safety", "vendor": "Flock Safety", "city": null, "operator": null, "direction": "0", "mount": null, "zone": "traffic", "source": "https://www.openstreetmap.org/node/13908296401", "packet": null}}, {"type": "Feature", "id": "cam:osm:n13908489501", "geometry": {"type": "Point", "coordinates": [-94.8773672, 36.9003402]}, "properties": {"name": "Flock Safety", "vendor": "Flock Safety", "city": null, "operator": null, "direction": "187;325", "mount": "pole", "zone": "traffic", "source": "https://www.openstreetmap.org/node/13908489501", "packet": null}}, {"type": "Feature", "id": "cam:osm:n13910794201", "geometry": {"type": "Point", "coordinates": [-97.3710155, 35.4928045]}, "properties": {"name": "Flock Safety", "vendor": "Flock Safety", "city": null, "operator": null, "direction": "161", "mount": "post", "zone": "traffic", "source": "https://www.openstreetmap.org/node/13910794201", "packet": null}}, {"type": "Feature", "id": "cam:osm:n13910795301", "geometry": {"type": "Point", "coordinates": [-97.3706381, 35.4783621]}, "properties": {"name": "Flock Safety", "vendor": "Flock Safety", "city": null, "operator": null, "direction": "180;35;324", "mount": "traffic_signals", "zone": "traffic", "source": "https://www.openstreetmap.org/node/13910795301", "packet": null}}, {"type": "Feature", "id": "cam:osm:n13910800201", "geometry": {"type": "Point", "coordinates": [-97.4065301, 35.4933626]}, "properties": {"name": "Flock Safety", "vendor": "Flock Safety", "city": null, "operator": null, "direction": "35;220", "mount": "traffic_signals", "zone": "traffic", "source": "https://www.openstreetmap.org/node/13910800201", "packet": null}}, {"type": "Feature", "id": "cam:osm:n13913452701", "geometry": {"type": "Point", "coordinates": [-97.126379, 34.1619667]}, "properties": {"name": "Flock Safety", "vendor": "Flock Safety", "city": null, "operator": null, "direction": "188", "mount": null, "zone": "traffic", "source": "https://www.openstreetmap.org/node/13913452701", "packet": null}}, {"type": "Feature", "id": "cam:osm:n13913615702", "geometry": {"type": "Point", "coordinates": [-94.9378578, 33.9540705]}, "properties": {"name": "Flock Safety", "vendor": "Flock Safety", "city": null, "operator": null, "direction": "255", "mount": null, "zone": "traffic", "source": "https://www.openstreetmap.org/node/13913615702", "packet": null}}, {"type": "Feature", "id": "cam:osm:n13913616101", "geometry": {"type": "Point", "coordinates": [-94.8428817, 33.9169696]}, "properties": {"name": "Flock Safety", "vendor": "Flock Safety", "city": null, "operator": null, "direction": "115", "mount": null, "zone": "traffic", "source": "https://www.openstreetmap.org/node/13913616101", "packet": null}}, {"type": "Feature", "id": "cam:osm:n13913873101", "geometry": {"type": "Point", "coordinates": [-94.8311507, 36.9985657]}, "properties": {"name": "Flock Safety", "vendor": "Flock Safety", "city": null, "operator": null, "direction": "136", "mount": null, "zone": "traffic", "source": "https://www.openstreetmap.org/node/13913873101", "packet": null}}, {"type": "Feature", "id": "cam:osm:n13913877201", "geometry": {"type": "Point", "coordinates": [-94.8421262, 36.9204023]}, "properties": {"name": "Flock Safety", "vendor": "Flock Safety", "city": null, "operator": null, "direction": "158", "mount": null, "zone": "traffic", "source": "https://www.openstreetmap.org/node/13913877201", "packet": null}}, {"type": "Feature", "id": "cam:osm:n13914871501", "geometry": {"type": "Point", "coordinates": [-97.9671326, 34.5479188]}, "properties": {"name": "Flock Safety", "vendor": "Flock Safety", "city": null, "operator": null, "direction": "146", "mount": null, "zone": "traffic", "source": "https://www.openstreetmap.org/node/13914871501", "packet": null}}, {"type": "Feature", "id": "cam:osm:n13915423902", "geometry": {"type": "Point", "coordinates": [-97.388298, 35.435145]}, "properties": {"name": "Flock Safety", "vendor": "Flock Safety", "city": null, "operator": null, "direction": "317;33;108", "mount": null, "zone": "traffic", "source": "https://www.openstreetmap.org/node/13915423902", "packet": null}}, {"type": "Feature", "id": "cam:osm:n13917917201", "geometry": {"type": "Point", "coordinates": [-94.8771953, 36.9195174]}, "properties": {"name": "Flock Safety", "vendor": "Flock Safety", "city": null, "operator": null, "direction": "355", "mount": "power pole", "zone": "traffic", "source": "https://www.openstreetmap.org/node/13917917201", "packet": null}}, {"type": "Feature", "id": "cam:osm:n13918047301", "geometry": {"type": "Point", "coordinates": [-95.8651899, 36.0590998]}, "properties": {"name": "Flock Safety", "vendor": "Flock Safety", "city": null, "operator": null, "direction": "38", "mount": null, "zone": "traffic", "source": "https://www.openstreetmap.org/node/13918047301", "packet": null}}, {"type": "Feature", "id": "cam:osm:n13920558302", "geometry": {"type": "Point", "coordinates": [-97.4750908, 35.5307952]}, "properties": {"name": "Motorola Solutions", "vendor": "Motorola Solutions", "city": null, "operator": null, "direction": "300;66", "mount": null, "zone": "traffic", "source": "https://www.openstreetmap.org/node/13920558302", "packet": null}}, {"type": "Feature", "id": "cam:osm:n13920859001", "geometry": {"type": "Point", "coordinates": [-97.1418387, 35.4350239]}, "properties": {"name": "Flock Safety", "vendor": "Flock Safety", "city": null, "operator": null, "direction": "252", "mount": null, "zone": "traffic", "source": "https://www.openstreetmap.org/node/13920859001", "packet": null}}, {"type": "Feature", "id": "cam:osm:n13921059001", "geometry": {"type": "Point", "coordinates": [-97.6009357, 35.4353874]}, "properties": {"name": "Axon Enterprise", "vendor": "Axon Enterprise", "city": null, "operator": null, "direction": "343", "mount": null, "zone": "traffic", "source": "https://www.openstreetmap.org/node/13921059001", "packet": null}}, {"type": "Feature", "id": "cam:osm:n13921063101", "geometry": {"type": "Point", "coordinates": [-97.5832005, 35.4482596]}, "properties": {"name": "Flock Safety", "vendor": "Flock Safety", "city": null, "operator": null, "direction": "335", "mount": null, "zone": "traffic", "source": "https://www.openstreetmap.org/node/13921063101", "packet": null}}, {"type": "Feature", "id": "cam:osm:n13921066601", "geometry": {"type": "Point", "coordinates": [-97.5716211, 35.4498644]}, "properties": {"name": "Flock Safety", "vendor": "Flock Safety", "city": null, "operator": null, "direction": "250", "mount": null, "zone": "traffic", "source": "https://www.openstreetmap.org/node/13921066601", "packet": null}}, {"type": "Feature", "id": "cam:osm:n13921363001", "geometry": {"type": "Point", "coordinates": [-95.9489967, 36.0446468]}, "properties": {"name": "Flock Safety", "vendor": "Flock Safety", "city": null, "operator": null, "direction": "90", "mount": "pole", "zone": "traffic", "source": "https://www.openstreetmap.org/node/13921363001", "packet": null}}, {"type": "Feature", "id": "cam:osm:n13923291101", "geometry": {"type": "Point", "coordinates": [-98.4221345, 34.623417]}, "properties": {"name": "Flock Safety", "vendor": "Flock Safety", "city": null, "operator": null, "direction": "326", "mount": "traffic_signals", "zone": "traffic", "source": "https://www.openstreetmap.org/node/13923291101", "packet": null}}, {"type": "Feature", "id": "cam:osm:n13923905631", "geometry": {"type": "Point", "coordinates": [-97.5999086, 35.4060134]}, "properties": {"name": "Axon Enterprise", "vendor": "Axon Enterprise", "city": null, "operator": null, "direction": "120", "mount": "pole", "zone": "traffic", "source": "https://www.openstreetmap.org/node/13923905631", "packet": null}}, {"type": "Feature", "id": "cam:osm:n13927842101", "geometry": {"type": "Point", "coordinates": [-97.283105, 36.8114472]}, "properties": {"name": "Flock Safety", "vendor": "Flock Safety", "city": null, "operator": null, "direction": "144", "mount": null, "zone": "traffic", "source": "https://www.openstreetmap.org/node/13927842101", "packet": null}}, {"type": "Feature", "id": "cam:osm:n13927844101", "geometry": {"type": "Point", "coordinates": [-97.2830963, 36.8116285]}, "properties": {"name": "Flock Safety", "vendor": "Flock Safety", "city": null, "operator": null, "direction": "250", "mount": null, "zone": "traffic", "source": "https://www.openstreetmap.org/node/13927844101", "packet": null}}, {"type": "Feature", "id": "cam:osm:n13931059201", "geometry": {"type": "Point", "coordinates": [-97.4234298, 35.435446]}, "properties": {"name": "Flock Safety", "vendor": "Flock Safety", "city": null, "operator": null, "direction": "133;227;317", "mount": "traffic_signals", "zone": "traffic", "source": "https://www.openstreetmap.org/node/13931059201", "packet": null}}, {"type": "Feature", "id": "cam:osm:n13931758601", "geometry": {"type": "Point", "coordinates": [-97.1595221, 35.2978964]}, "properties": {"name": "Flock Safety", "vendor": "Flock Safety", "city": null, "operator": null, "direction": "0", "mount": null, "zone": "traffic", "source": "https://www.openstreetmap.org/node/13931758601", "packet": null}}, {"type": "Feature", "id": "cam:osm:n13931776801", "geometry": {"type": "Point", "coordinates": [-97.5655557, 35.3770956]}, "properties": {"name": "Flock Safety", "vendor": "Flock Safety", "city": null, "operator": null, "direction": "94", "mount": "traffic_signals", "zone": "traffic", "source": "https://www.openstreetmap.org/node/13931776801", "packet": null}}, {"type": "Feature", "id": "cam:osm:n13931777201", "geometry": {"type": "Point", "coordinates": [-97.5688225, 35.3770739]}, "properties": {"name": "Flock Safety", "vendor": "Flock Safety", "city": null, "operator": null, "direction": "180", "mount": "pole", "zone": "traffic", "source": "https://www.openstreetmap.org/node/13931777201", "packet": null}}, {"type": "Feature", "id": "cam:osm:n13931778901", "geometry": {"type": "Point", "coordinates": [-97.5654967, 35.4206256]}, "properties": {"name": "Flock Safety", "vendor": "Flock Safety", "city": null, "operator": null, "direction": "69", "mount": "traffic_signals", "zone": "traffic", "source": "https://www.openstreetmap.org/node/13931778901", "packet": null}}, {"type": "Feature", "id": "cam:osm:n13931820701", "geometry": {"type": "Point", "coordinates": [-97.5315311, 35.4933691]}, "properties": {"name": "Axon Enterprise", "vendor": "Axon Enterprise", "city": null, "operator": null, "direction": "316", "mount": "traffic_signals", "zone": "traffic", "source": "https://www.openstreetmap.org/node/13931820701", "packet": null}}, {"type": "Feature", "id": "cam:osm:n13931962934", "geometry": {"type": "Point", "coordinates": [-95.9179087, 36.1606871]}, "properties": {"name": "OSM node 13931962934", "vendor": null, "city": null, "operator": null, "direction": "-60", "mount": null, "zone": "street", "source": "https://www.openstreetmap.org/node/13931962934", "packet": null}}, {"type": "Feature", "id": "cam:osm:n13935485201", "geometry": {"type": "Point", "coordinates": [-97.1633089, 34.1896153]}, "properties": {"name": "Lowe's", "vendor": "Flock Safety", "city": null, "operator": "Lowe's", "direction": "79", "mount": null, "zone": "traffic", "source": "https://www.openstreetmap.org/node/13935485201", "packet": null}}, {"type": "Feature", "id": "cam:osm:n13937150401", "geometry": {"type": "Point", "coordinates": [-97.5760588, 35.6081907]}, "properties": {"name": "Flock Safety", "vendor": "Flock Safety", "city": null, "operator": null, "direction": "213", "mount": null, "zone": "traffic", "source": "https://www.openstreetmap.org/node/13937150401", "packet": null}}, {"type": "Feature", "id": "cam:osm:n13937151501", "geometry": {"type": "Point", "coordinates": [-97.5669801, 35.6086752]}, "properties": {"name": "Flock Safety", "vendor": "Flock Safety", "city": null, "operator": null, "direction": "116", "mount": null, "zone": "traffic", "source": "https://www.openstreetmap.org/node/13937151501", "packet": null}}, {"type": "Feature", "id": "cam:osm:n13937151502", "geometry": {"type": "Point", "coordinates": [-97.5673014, 35.6047755]}, "properties": {"name": "Flock Safety", "vendor": "Flock Safety", "city": null, "operator": null, "direction": "236", "mount": null, "zone": "traffic", "source": "https://www.openstreetmap.org/node/13937151502", "packet": null}}, {"type": "Feature", "id": "cam:osm:n13937151503", "geometry": {"type": "Point", "coordinates": [-97.5673008, 35.5979962]}, "properties": {"name": "Flock Safety", "vendor": "Flock Safety", "city": null, "operator": null, "direction": "237", "mount": null, "zone": "traffic", "source": "https://www.openstreetmap.org/node/13937151503", "packet": null}}, {"type": "Feature", "id": "cam:osm:n13937152001", "geometry": {"type": "Point", "coordinates": [-97.5672487, 35.5991292]}, "properties": {"name": "Flock Safety", "vendor": "Flock Safety", "city": null, "operator": null, "direction": "233", "mount": null, "zone": "traffic", "source": "https://www.openstreetmap.org/node/13937152001", "packet": null}}, {"type": "Feature", "id": "cam:osm:n13937454701", "geometry": {"type": "Point", "coordinates": [-97.4191843, 35.4498528]}, "properties": {"name": "Flock Safety", "vendor": "Flock Safety", "city": null, "operator": null, "direction": "115;236;269", "mount": "traffic_signals", "zone": "traffic", "source": "https://www.openstreetmap.org/node/13937454701", "packet": null}}, {"type": "Feature", "id": "cam:osm:n13937812801", "geometry": {"type": "Point", "coordinates": [-94.8774581, 36.8709071]}, "properties": {"name": "Lowe's", "vendor": "Flock Safety", "city": null, "operator": "Lowe's", "direction": "191;359", "mount": null, "zone": "traffic", "source": "https://www.openstreetmap.org/node/13937812801", "packet": null}}, {"type": "Feature", "id": "cam:osm:n13937841201", "geometry": {"type": "Point", "coordinates": [-94.840084, 36.8914954]}, "properties": {"name": "Flock Safety", "vendor": "Flock Safety", "city": null, "operator": null, "direction": "133;317", "mount": "pole", "zone": "traffic", "source": "https://www.openstreetmap.org/node/13937841201", "packet": null}}, {"type": "Feature", "id": "cam:osm:n13937844401", "geometry": {"type": "Point", "coordinates": [-94.8415557, 36.8914882]}, "properties": {"name": "Flock Safety", "vendor": "Flock Safety", "city": null, "operator": null, "direction": "312;131", "mount": "pole", "zone": "traffic", "source": "https://www.openstreetmap.org/node/13937844401", "packet": null}}, {"type": "Feature", "id": "cam:osm:n13938424802", "geometry": {"type": "Point", "coordinates": [-96.1288139, 36.1552126]}, "properties": {"name": "Flock Safety", "vendor": "Flock Safety", "city": null, "operator": null, "direction": "218", "mount": null, "zone": "traffic", "source": "https://www.openstreetmap.org/node/13938424802", "packet": null}}, {"type": "Feature", "id": "cam:osm:n13938426201", "geometry": {"type": "Point", "coordinates": [-96.1347057, 36.1410564]}, "properties": {"name": "Flock Safety", "vendor": "Flock Safety", "city": null, "operator": null, "direction": "67", "mount": null, "zone": "traffic", "source": "https://www.openstreetmap.org/node/13938426201", "packet": null}}, {"type": "Feature", "id": "cam:osm:n13939208901", "geometry": {"type": "Point", "coordinates": [-97.4063162, 35.4547295]}, "properties": {"name": "Flock Safety", "vendor": "Flock Safety", "city": null, "operator": null, "direction": "42;133;213", "mount": "traffic_signals", "zone": "traffic", "source": "https://www.openstreetmap.org/node/13939208901", "packet": null}}, {"type": "Feature", "id": "cam:osm:n13939531201", "geometry": {"type": "Point", "coordinates": [-97.5184473, 35.348755]}, "properties": {"name": "Flock Safety", "vendor": "Flock Safety", "city": null, "operator": null, "direction": "55", "mount": "pole", "zone": "traffic", "source": "https://www.openstreetmap.org/node/13939531201", "packet": null}}, {"type": "Feature", "id": "cam:osm:n13939543502", "geometry": {"type": "Point", "coordinates": [-97.511719, 35.3633222]}, "properties": {"name": "Flock Safety", "vendor": "Flock Safety", "city": null, "operator": null, "direction": "51", "mount": "pole", "zone": "traffic", "source": "https://www.openstreetmap.org/node/13939543502", "packet": null}}, {"type": "Feature", "id": "cam:osm:n13939570901", "geometry": {"type": "Point", "coordinates": [-96.828982, 33.9401749]}, "properties": {"name": "Flock Safety", "vendor": "Flock Safety", "city": null, "operator": null, "direction": "81", "mount": null, "zone": "traffic", "source": "https://www.openstreetmap.org/node/13939570901", "packet": null}}, {"type": "Feature", "id": "cam:osm:n13939653201", "geometry": {"type": "Point", "coordinates": [-97.1247519, 35.4349405]}, "properties": {"name": "Flock Safety", "vendor": "Flock Safety", "city": null, "operator": null, "direction": "251", "mount": null, "zone": "traffic", "source": "https://www.openstreetmap.org/node/13939653201", "packet": null}}, {"type": "Feature", "id": "cam:osm:n13944146501", "geometry": {"type": "Point", "coordinates": [-97.9669482, 34.5026565]}, "properties": {"name": "Flock Safety", "vendor": "Flock Safety", "city": null, "operator": null, "direction": "82", "mount": null, "zone": "traffic", "source": "https://www.openstreetmap.org/node/13944146501", "packet": null}}, {"type": "Feature", "id": "cam:osm:n13946069901", "geometry": {"type": "Point", "coordinates": [-97.9423777, 35.5080547]}, "properties": {"name": "Flock Safety", "vendor": "Flock Safety", "city": null, "operator": null, "direction": "239", "mount": null, "zone": "traffic", "source": "https://www.openstreetmap.org/node/13946069901", "packet": null}}, {"type": "Feature", "id": "cam:osm:n13948582901", "geometry": {"type": "Point", "coordinates": [-97.9692443, 34.5071483]}, "properties": {"name": "Flock Safety", "vendor": "Flock Safety", "city": null, "operator": null, "direction": "265", "mount": null, "zone": "traffic", "source": "https://www.openstreetmap.org/node/13948582901", "packet": null}}, {"type": "Feature", "id": "cam:osm:n13948684401", "geometry": {"type": "Point", "coordinates": [-97.5494963, 35.5946967]}, "properties": {"name": "Flock Safety", "vendor": "Flock Safety", "city": null, "operator": null, "direction": "254", "mount": "pole", "zone": "traffic", "source": "https://www.openstreetmap.org/node/13948684401", "packet": null}}, {"type": "Feature", "id": "cam:osm:n13948707901", "geometry": {"type": "Point", "coordinates": [-97.4061693, 35.4421665]}, "properties": {"name": "Flock Safety", "vendor": "Flock Safety", "city": null, "operator": null, "direction": "0;91;161", "mount": null, "zone": "traffic", "source": "https://www.openstreetmap.org/node/13948707901", "packet": null}}, {"type": "Feature", "id": "cam:osm:n13948707902", "geometry": {"type": "Point", "coordinates": [-97.4018987, 35.4362191]}, "properties": {"name": "Lowe's", "vendor": "Flock Safety", "city": null, "operator": "Lowe's", "direction": "233", "mount": "pole", "zone": "traffic", "source": "https://www.openstreetmap.org/node/13948707902", "packet": null}}, {"type": "Feature", "id": "cam:osm:n13948708401", "geometry": {"type": "Point", "coordinates": [-97.4030784, 35.435596]}, "properties": {"name": "Lowe's", "vendor": "Flock Safety", "city": null, "operator": "Lowe's", "direction": "8", "mount": "pole", "zone": "traffic", "source": "https://www.openstreetmap.org/node/13948708401", "packet": null}}, {"type": "Feature", "id": "cam:osm:n13948749401", "geometry": {"type": "Point", "coordinates": [-97.5672623, 35.6064643]}, "properties": {"name": "Flock Safety", "vendor": "Flock Safety", "city": null, "operator": null, "direction": "236", "mount": null, "zone": "traffic", "source": "https://www.openstreetmap.org/node/13948749401", "packet": null}}, {"type": "Feature", "id": "cam:osm:n13948749601", "geometry": {"type": "Point", "coordinates": [-97.5670129, 35.6086666]}, "properties": {"name": "Axis Communications", "vendor": "Axis Communications", "city": null, "operator": null, "direction": "115", "mount": null, "zone": "traffic", "source": "https://www.openstreetmap.org/node/13948749601", "packet": null}}, {"type": "Feature", "id": "cam:osm:n13948796401", "geometry": {"type": "Point", "coordinates": [-97.5722564, 35.6072438]}, "properties": {"name": "Flock Safety", "vendor": "Flock Safety", "city": null, "operator": null, "direction": "155", "mount": null, "zone": "traffic", "source": "https://www.openstreetmap.org/node/13948796401", "packet": null}}, {"type": "Feature", "id": "cam:osm:n13950481602", "geometry": {"type": "Point", "coordinates": [-97.5655091, 35.4062155]}, "properties": {"name": "Flock Safety", "vendor": "Flock Safety", "city": null, "operator": null, "direction": "344", "mount": "traffic_signals", "zone": "traffic", "source": "https://www.openstreetmap.org/node/13950481602", "packet": null}}, {"type": "Feature", "id": "cam:osm:n13950502102", "geometry": {"type": "Point", "coordinates": [-97.5655887, 35.4061317]}, "properties": {"name": "Flock Safety", "vendor": "Flock Safety", "city": null, "operator": null, "direction": "167", "mount": "traffic_signals", "zone": "traffic", "source": "https://www.openstreetmap.org/node/13950502102", "packet": null}}, {"type": "Feature", "id": "cam:osm:n13951149001", "geometry": {"type": "Point", "coordinates": [-97.4057589, 35.4350672]}, "properties": {"name": "Flock Safety", "vendor": "Flock Safety", "city": null, "operator": null, "direction": "59;229;302", "mount": null, "zone": "traffic", "source": "https://www.openstreetmap.org/node/13951149001", "packet": null}}, {"type": "Feature", "id": "cam:osm:n13952000101", "geometry": {"type": "Point", "coordinates": [-97.6364261, 35.4621835]}, "properties": {"name": "Flock Safety", "vendor": "Flock Safety", "city": null, "operator": null, "direction": "347", "mount": "traffic_signals", "zone": "traffic", "source": "https://www.openstreetmap.org/node/13952000101", "packet": null}}, {"type": "Feature", "id": "cam:osm:n13952462302", "geometry": {"type": "Point", "coordinates": [-97.521225, 35.3917652]}, "properties": {"name": "Flock Safety", "vendor": "Flock Safety", "city": null, "operator": null, "direction": "338", "mount": "traffic_signals", "zone": "traffic", "source": "https://www.openstreetmap.org/node/13952462302", "packet": null}}, {"type": "Feature", "id": "cam:osm:n13952677501", "geometry": {"type": "Point", "coordinates": [-97.1845037, 35.4929729]}, "properties": {"name": "Flock Safety", "vendor": "Flock Safety", "city": null, "operator": null, "direction": "84", "mount": null, "zone": "traffic", "source": "https://www.openstreetmap.org/node/13952677501", "packet": null}}, {"type": "Feature", "id": "cam:osm:n13953164601", "geometry": {"type": "Point", "coordinates": [-95.8773118, 36.0029745]}, "properties": {"name": "Flock Safety", "vendor": "Flock Safety", "city": null, "operator": null, "direction": "328", "mount": null, "zone": "traffic", "source": "https://www.openstreetmap.org/node/13953164601", "packet": null}}, {"type": "Feature", "id": "cam:osm:n13953797101", "geometry": {"type": "Point", "coordinates": [-97.2309551, 35.49351]}, "properties": {"name": "Flock Safety", "vendor": "Flock Safety", "city": null, "operator": null, "direction": "242", "mount": "pole", "zone": "traffic", "source": "https://www.openstreetmap.org/node/13953797101", "packet": null}}, {"type": "Feature", "id": "cam:osm:n13953867201", "geometry": {"type": "Point", "coordinates": [-97.5091955, 35.5668017]}, "properties": {"name": "Flock Safety", "vendor": "Flock Safety", "city": null, "operator": null, "direction": "352", "mount": "pole", "zone": "traffic", "source": "https://www.openstreetmap.org/node/13953867201", "packet": null}}, {"type": "Feature", "id": "cam:osm:n13954742601", "geometry": {"type": "Point", "coordinates": [-96.3873179, 35.8217035]}, "properties": {"name": "Flock Safety", "vendor": "Flock Safety", "city": null, "operator": null, "direction": "142", "mount": null, "zone": "traffic", "source": "https://www.openstreetmap.org/node/13954742601", "packet": null}}, {"type": "Feature", "id": "cam:osm:n13956071501", "geometry": {"type": "Point", "coordinates": [-97.9597497, 34.5020895]}, "properties": {"name": "Flock Safety", "vendor": "Flock Safety", "city": null, "operator": null, "direction": "233", "mount": null, "zone": "traffic", "source": "https://www.openstreetmap.org/node/13956071501", "packet": null}}, {"type": "Feature", "id": "cam:osm:n13956565401", "geometry": {"type": "Point", "coordinates": [-96.2226601, 36.1335862]}, "properties": {"name": "Flock Safety", "vendor": "Flock Safety", "city": null, "operator": null, "direction": "0", "mount": null, "zone": "traffic", "source": "https://www.openstreetmap.org/node/13956565401", "packet": null}}, {"type": "Feature", "id": "cam:osm:n13956893401", "geometry": {"type": "Point", "coordinates": [-97.6955215, 35.4239685]}, "properties": {"name": "Flock Safety", "vendor": "Flock Safety", "city": null, "operator": null, "direction": "359", "mount": null, "zone": "traffic", "source": "https://www.openstreetmap.org/node/13956893401", "packet": null}}, {"type": "Feature", "id": "cam:osm:n13958269901", "geometry": {"type": "Point", "coordinates": [-97.1297979, 33.7656055]}, "properties": {"name": "Flock Safety", "vendor": "Flock Safety", "city": null, "operator": null, "direction": "334", "mount": null, "zone": "traffic", "source": "https://www.openstreetmap.org/node/13958269901", "packet": null}}, {"type": "Feature", "id": "cam:osm:n13958285102", "geometry": {"type": "Point", "coordinates": [-97.4234292, 35.416049]}, "properties": {"name": "Flock Safety", "vendor": "Flock Safety", "city": null, "operator": null, "direction": "338", "mount": "traffic_signals", "zone": "traffic", "source": "https://www.openstreetmap.org/node/13958285102", "packet": null}}, {"type": "Feature", "id": "cam:osm:n13958478601", "geometry": {"type": "Point", "coordinates": [-97.3886811, 35.4784956]}, "properties": {"name": "Flock Safety", "vendor": "Flock Safety", "city": null, "operator": null, "direction": "0;157;322", "mount": "traffic_signals", "zone": "traffic", "source": "https://www.openstreetmap.org/node/13958478601", "packet": null}}, {"type": "Feature", "id": "cam:osm:n13958480801", "geometry": {"type": "Point", "coordinates": [-97.4061623, 35.4784549]}, "properties": {"name": "Flock Safety", "vendor": "Flock Safety", "city": null, "operator": null, "direction": "0;268", "mount": "traffic_signals", "zone": "traffic", "source": "https://www.openstreetmap.org/node/13958480801", "packet": null}}, {"type": "Feature", "id": "cam:osm:n13958837325", "geometry": {"type": "Point", "coordinates": [-97.5314975, 35.6091765]}, "properties": {"name": "Flock Safety", "vendor": "Flock Safety", "city": null, "operator": null, "direction": "350", "mount": "pole", "zone": "traffic", "source": "https://www.openstreetmap.org/node/13958837325", "packet": null}}, {"type": "Feature", "id": "cam:osm:n13959226901", "geometry": {"type": "Point", "coordinates": [-97.9413424, 36.3903619]}, "properties": {"name": "Flock Safety", "vendor": "Flock Safety", "city": null, "operator": null, "direction": "138", "mount": null, "zone": "traffic", "source": "https://www.openstreetmap.org/node/13959226901", "packet": null}}, {"type": "Feature", "id": "cam:osm:n13959231401", "geometry": {"type": "Point", "coordinates": [-97.5301749, 35.4788209]}, "properties": {"name": "Axon Enterprise", "vendor": "Axon Enterprise", "city": null, "operator": null, "direction": "238", "mount": null, "zone": "traffic", "source": "https://www.openstreetmap.org/node/13959231401", "packet": null}}, {"type": "Feature", "id": "cam:osm:n13960859966", "geometry": {"type": "Point", "coordinates": [-97.4790099, 35.3029174]}, "properties": {"name": "Flock Safety", "vendor": "Flock Safety", "city": null, "operator": null, "direction": "205", "mount": "pole", "zone": "street", "source": "https://www.openstreetmap.org/node/13960859966", "packet": null}}, {"type": "Feature", "id": "cam:osm:n13960983201", "geometry": {"type": "Point", "coordinates": [-95.8855645, 36.1320926]}, "properties": {"name": "Flock Safety", "vendor": "Flock Safety", "city": null, "operator": null, "direction": "0", "mount": null, "zone": "traffic", "source": "https://www.openstreetmap.org/node/13960983201", "packet": null}}, {"type": "Feature", "id": "cam:osm:n13962393504", "geometry": {"type": "Point", "coordinates": [-97.5404523, 35.5582447]}, "properties": {"name": "Flock Safety", "vendor": "Flock Safety", "city": null, "operator": null, "direction": "162", "mount": null, "zone": "traffic", "source": "https://www.openstreetmap.org/node/13962393504", "packet": null}}, {"type": "Feature", "id": "cam:osm:n13963878111", "geometry": {"type": "Point", "coordinates": [-95.5177353, 36.4376074]}, "properties": {"name": "Flock Safety", "vendor": "Flock Safety", "city": null, "operator": null, "direction": "0", "mount": "DROVE BY, NEEDS MORE VERIFICATION", "zone": "traffic", "source": "https://www.openstreetmap.org/node/13963878111", "packet": null}}, {"type": "Feature", "id": "cam:osm:n13966745127", "geometry": {"type": "Point", "coordinates": [-95.9640924, 36.0437022]}, "properties": {"name": "Leonardo Elsag Street Sentry", "vendor": "Leonardo", "city": null, "operator": "Casino Security", "direction": "35", "mount": null, "zone": "entrance", "source": "https://www.openstreetmap.org/node/13966745127", "packet": null}}, {"type": "Feature", "id": "cam:osm:n13966764962", "geometry": {"type": "Point", "coordinates": [-95.9639469, 36.0439299]}, "properties": {"name": "Rekor Edge70A AI Bullet Camera", "vendor": "Rekor", "city": null, "operator": "Casino Security", "direction": "235", "mount": null, "zone": "entrance", "source": "https://www.openstreetmap.org/node/13966764962", "packet": null}}, {"type": "Feature", "id": "cam:osm:n13968938601", "geometry": {"type": "Point", "coordinates": [-95.5212634, 36.4347582]}, "properties": {"name": "Flock Safety", "vendor": "Flock Safety", "city": null, "operator": null, "direction": "184", "mount": null, "zone": "traffic", "source": "https://www.openstreetmap.org/node/13968938601", "packet": null}}, {"type": "Feature", "id": "cam:osm:n13969064001", "geometry": {"type": "Point", "coordinates": [-95.793827, 36.0848291]}, "properties": {"name": "Flock Safety", "vendor": "Flock Safety", "city": null, "operator": null, "direction": "154", "mount": null, "zone": "traffic", "source": "https://www.openstreetmap.org/node/13969064001", "packet": null}}, {"type": "Feature", "id": "cam:osm:n13969169401", "geometry": {"type": "Point", "coordinates": [-96.098681, 36.1374257]}, "properties": {"name": "Flock Safety", "vendor": "Flock Safety", "city": null, "operator": null, "direction": "48", "mount": null, "zone": "traffic", "source": "https://www.openstreetmap.org/node/13969169401", "packet": null}}, {"type": "Feature", "id": "cam:osm:n13969178801", "geometry": {"type": "Point", "coordinates": [-96.0777959, 36.1436788]}, "properties": {"name": "Flock Safety", "vendor": "Flock Safety", "city": null, "operator": null, "direction": "47", "mount": null, "zone": "traffic", "source": "https://www.openstreetmap.org/node/13969178801", "packet": null}}, {"type": "Feature", "id": "cam:osm:n13969188401", "geometry": {"type": "Point", "coordinates": [-96.0495278, 36.1479832]}, "properties": {"name": "Flock Safety", "vendor": "Flock Safety", "city": null, "operator": null, "direction": "72", "mount": null, "zone": "traffic", "source": "https://www.openstreetmap.org/node/13969188401", "packet": null}}, {"type": "Feature", "id": "cam:osm:n13972150603", "geometry": {"type": "Point", "coordinates": [-96.3991692, 35.0801907]}, "properties": {"name": "Flock Safety", "vendor": "Flock Safety", "city": null, "operator": null, "direction": "356", "mount": null, "zone": "traffic", "source": "https://www.openstreetmap.org/node/13972150603", "packet": null}}, {"type": "Feature", "id": "cam:osm:n13972539901", "geometry": {"type": "Point", "coordinates": [-96.1195021, 36.10464]}, "properties": {"name": "Flock Safety", "vendor": "Flock Safety", "city": null, "operator": null, "direction": "66", "mount": "pole", "zone": "traffic", "source": "https://www.openstreetmap.org/node/13972539901", "packet": null}}, {"type": "Feature", "id": "cam:osm:n13973092001", "geometry": {"type": "Point", "coordinates": [-97.353349, 35.4931482]}, "properties": {"name": "Flock Safety", "vendor": "Flock Safety", "city": null, "operator": null, "direction": "130", "mount": null, "zone": "traffic", "source": "https://www.openstreetmap.org/node/13973092001", "packet": null}}, {"type": "Feature", "id": "cam:osm:n13973142502", "geometry": {"type": "Point", "coordinates": [-94.8776666, 36.8789424]}, "properties": {"name": "Flock Safety", "vendor": "Flock Safety", "city": null, "operator": null, "direction": "19;134", "mount": null, "zone": "traffic", "source": "https://www.openstreetmap.org/node/13973142502", "packet": null}}, {"type": "Feature", "id": "cam:osm:n13973145301", "geometry": {"type": "Point", "coordinates": [-94.8774129, 36.8791399]}, "properties": {"name": "Flock Safety", "vendor": "Flock Safety", "city": null, "operator": null, "direction": "319;204", "mount": null, "zone": "traffic", "source": "https://www.openstreetmap.org/node/13973145301", "packet": null}}, {"type": "Feature", "id": "cam:osm:n13974496401", "geometry": {"type": "Point", "coordinates": [-97.3710452, 35.4641547]}, "properties": {"name": "Flock Safety", "vendor": "Flock Safety", "city": null, "operator": null, "direction": "145", "mount": "traffic_signals", "zone": "traffic", "source": "https://www.openstreetmap.org/node/13974496401", "packet": null}}, {"type": "Feature", "id": "cam:osm:n13974736302", "geometry": {"type": "Point", "coordinates": [-95.9696322, 35.9810489]}, "properties": {"name": "Flock Safety", "vendor": "Flock Safety", "city": null, "operator": null, "direction": "128", "mount": null, "zone": "traffic", "source": "https://www.openstreetmap.org/node/13974736302", "packet": null}}, {"type": "Feature", "id": "cam:osm:n13974804601", "geometry": {"type": "Point", "coordinates": [-97.1376639, 33.7949829]}, "properties": {"name": "Flock Safety", "vendor": "Flock Safety", "city": null, "operator": null, "direction": "318", "mount": "small antenna under the camera", "zone": "traffic", "source": "https://www.openstreetmap.org/node/13974804601", "packet": null}}, {"type": "Feature", "id": "cam:osm:n13975239301", "geometry": {"type": "Point", "coordinates": [-97.5834295, 35.4351157]}, "properties": {"name": "Flock Safety", "vendor": "Flock Safety", "city": null, "operator": null, "direction": "147", "mount": null, "zone": "traffic", "source": "https://www.openstreetmap.org/node/13975239301", "packet": null}}, {"type": "Feature", "id": "cam:osm:n13976137001", "geometry": {"type": "Point", "coordinates": [-97.9683789, 34.5027735]}, "properties": {"name": "OSM node 13976137001", "vendor": "Flock Safety", "city": null, "operator": null, "direction": null, "mount": null, "zone": null, "source": "https://www.openstreetmap.org/node/13976137001", "packet": null}}, {"type": "Feature", "id": "cam:osm:n13976137901", "geometry": {"type": "Point", "coordinates": [-97.9683479, 34.50277]}, "properties": {"name": "Flock Safety", "vendor": "Flock Safety", "city": null, "operator": null, "direction": "64;314", "mount": null, "zone": "traffic", "source": "https://www.openstreetmap.org/node/13976137901", "packet": null}}, {"type": "Feature", "id": "cam:osm:n13977569601", "geometry": {"type": "Point", "coordinates": [-95.8882125, 36.1845161]}, "properties": {"name": "Flock Safety", "vendor": "Flock Safety", "city": null, "operator": null, "direction": "316;321", "mount": "pole", "zone": "traffic", "source": "https://www.openstreetmap.org/node/13977569601", "packet": null}}, {"type": "Feature", "id": "cam:osm:n13978930501", "geometry": {"type": "Point", "coordinates": [-95.8908637, 36.1859741]}, "properties": {"name": "Flock Safety", "vendor": "Flock Safety", "city": null, "operator": null, "direction": "35", "mount": "pole", "zone": "traffic", "source": "https://www.openstreetmap.org/node/13978930501", "packet": null}}, {"type": "Feature", "id": "cam:osm:n13978930502", "geometry": {"type": "Point", "coordinates": [-95.8955745, 36.1885796]}, "properties": {"name": "Flock Safety", "vendor": "Flock Safety", "city": null, "operator": null, "direction": "346;192", "mount": null, "zone": "traffic", "source": "https://www.openstreetmap.org/node/13978930502", "packet": null}}, {"type": "Feature", "id": "cam:osm:n13978934001", "geometry": {"type": "Point", "coordinates": [-95.8933436, 36.1877543]}, "properties": {"name": "Flock Safety", "vendor": "Flock Safety", "city": null, "operator": null, "direction": "171", "mount": null, "zone": "traffic", "source": "https://www.openstreetmap.org/node/13978934001", "packet": null}}, {"type": "Feature", "id": "cam:osm:n13979249301", "geometry": {"type": "Point", "coordinates": [-97.4605502, 35.638159]}, "properties": {"name": "Flock Safety", "vendor": "Flock Safety", "city": null, "operator": null, "direction": "149", "mount": null, "zone": "traffic", "source": "https://www.openstreetmap.org/node/13979249301", "packet": null}}, {"type": "Feature", "id": "cam:osm:n13979336601", "geometry": {"type": "Point", "coordinates": [-95.8896814, 36.1847014]}, "properties": {"name": "Flock Safety", "vendor": "Flock Safety", "city": null, "operator": null, "direction": "293", "mount": null, "zone": "traffic", "source": "https://www.openstreetmap.org/node/13979336601", "packet": null}}, {"type": "Feature", "id": "cam:osm:n13979336602", "geometry": {"type": "Point", "coordinates": [-95.9044609, 36.1829192]}, "properties": {"name": "Flock Safety", "vendor": "Flock Safety", "city": null, "operator": null, "direction": "88", "mount": null, "zone": "traffic", "source": "https://www.openstreetmap.org/node/13979336602", "packet": null}}, {"type": "Feature", "id": "cam:osm:n13979338101", "geometry": {"type": "Point", "coordinates": [-95.9043735, 36.1842275]}, "properties": {"name": "Flock Safety", "vendor": "Flock Safety", "city": null, "operator": null, "direction": "182", "mount": null, "zone": "traffic", "source": "https://www.openstreetmap.org/node/13979338101", "packet": null}}, {"type": "Feature", "id": "cam:osm:n13979340001", "geometry": {"type": "Point", "coordinates": [-95.9043735, 36.1842275]}, "properties": {"name": "Flock Safety", "vendor": "Flock Safety", "city": null, "operator": null, "direction": "182", "mount": null, "zone": "traffic", "source": "https://www.openstreetmap.org/node/13979340001", "packet": null}}, {"type": "Feature", "id": "cam:osm:n13979344701", "geometry": {"type": "Point", "coordinates": [-95.9041051, 36.1815724]}, "properties": {"name": "Flock Safety", "vendor": "Flock Safety", "city": null, "operator": null, "direction": "62", "mount": null, "zone": "traffic", "source": "https://www.openstreetmap.org/node/13979344701", "packet": null}}, {"type": "Feature", "id": "cam:osm:n13983211601", "geometry": {"type": "Point", "coordinates": [-97.9726968, 35.5059416]}, "properties": {"name": "Flock Safety", "vendor": "Flock Safety", "city": null, "operator": null, "direction": "166", "mount": null, "zone": "traffic", "source": "https://www.openstreetmap.org/node/13983211601", "packet": null}}, {"type": "Feature", "id": "cam:osm:n13983626701", "geometry": {"type": "Point", "coordinates": [-97.2965654, 35.7251599]}, "properties": {"name": "Flock Safety", "vendor": "Flock Safety", "city": null, "operator": null, "direction": "221", "mount": null, "zone": "traffic", "source": "https://www.openstreetmap.org/node/13983626701", "packet": null}}, {"type": "Feature", "id": "cam:osm:n13983626702", "geometry": {"type": "Point", "coordinates": [-97.296575, 35.7251498]}, "properties": {"name": "Flock Safety", "vendor": "Flock Safety", "city": null, "operator": null, "direction": "314", "mount": null, "zone": "traffic", "source": "https://www.openstreetmap.org/node/13983626702", "packet": null}}, {"type": "Feature", "id": "cam:osm:n13985531901", "geometry": {"type": "Point", "coordinates": [-97.4681162, 35.4279065]}, "properties": {"name": "Flock Safety", "vendor": "Flock Safety", "city": null, "operator": null, "direction": "167", "mount": null, "zone": "traffic", "source": "https://www.openstreetmap.org/node/13985531901", "packet": null}}, {"type": "Feature", "id": "cam:osm:n13986219301", "geometry": {"type": "Point", "coordinates": [-97.4956041, 35.3773599]}, "properties": {"name": "Flock Safety", "vendor": "Flock Safety", "city": null, "operator": null, "direction": "241", "mount": null, "zone": "traffic", "source": "https://www.openstreetmap.org/node/13986219301", "packet": null}}, {"type": "Feature", "id": "cam:osm:n13986221001", "geometry": {"type": "Point", "coordinates": [-97.5050332, 35.3923794]}, "properties": {"name": "Flock Safety", "vendor": "Flock Safety", "city": null, "operator": null, "direction": "0", "mount": null, "zone": "traffic", "source": "https://www.openstreetmap.org/node/13986221001", "packet": null}}, {"type": "Feature", "id": "cam:osm:n13986259501", "geometry": {"type": "Point", "coordinates": [-97.3709243, 35.0401142]}, "properties": {"name": "Flock Safety", "vendor": "Flock Safety", "city": null, "operator": null, "direction": "163", "mount": null, "zone": "traffic", "source": "https://www.openstreetmap.org/node/13986259501", "packet": null}}, {"type": "Feature", "id": "cam:osm:n13986259701", "geometry": {"type": "Point", "coordinates": [-97.3716639, 35.0403651]}, "properties": {"name": "Motorola Solutions", "vendor": "Motorola Solutions", "city": null, "operator": null, "direction": "183", "mount": null, "zone": "traffic", "source": "https://www.openstreetmap.org/node/13986259701", "packet": null}}, {"type": "Feature", "id": "cam:osm:n13986379301", "geometry": {"type": "Point", "coordinates": [-97.3674361, 34.9983281]}, "properties": {"name": "Flock Safety", "vendor": "Flock Safety", "city": null, "operator": null, "direction": "69", "mount": null, "zone": "traffic", "source": "https://www.openstreetmap.org/node/13986379301", "packet": null}}, {"type": "Feature", "id": "cam:osm:n13986383501", "geometry": {"type": "Point", "coordinates": [-97.3683517, 34.9857837]}, "properties": {"name": "Flock Safety", "vendor": "Flock Safety", "city": null, "operator": null, "direction": "0", "mount": null, "zone": "traffic", "source": "https://www.openstreetmap.org/node/13986383501", "packet": null}}, {"type": "Feature", "id": "cam:osm:n13987068701", "geometry": {"type": "Point", "coordinates": [-96.438979, 36.2768932]}, "properties": {"name": "Flock Safety", "vendor": "Flock Safety", "city": null, "operator": null, "direction": "316", "mount": "pole", "zone": "traffic", "source": "https://www.openstreetmap.org/node/13987068701", "packet": null}}, {"type": "Feature", "id": "cam:osm:n13987277101", "geometry": {"type": "Point", "coordinates": [-97.1397921, 34.1612959]}, "properties": {"name": "Flock Safety", "vendor": "Flock Safety", "city": null, "operator": null, "direction": "0", "mount": null, "zone": "traffic", "source": "https://www.openstreetmap.org/node/13987277101", "packet": null}}, {"type": "Feature", "id": "cam:osm:n13988695101", "geometry": {"type": "Point", "coordinates": [-97.0417664, 36.9851365]}, "properties": {"name": "Flock Safety", "vendor": "Flock Safety", "city": null, "operator": null, "direction": "145", "mount": "pole", "zone": "traffic", "source": "https://www.openstreetmap.org/node/13988695101", "packet": null}}, {"type": "Feature", "id": "cam:osm:n13988700801", "geometry": {"type": "Point", "coordinates": [-97.0416379, 36.9820387]}, "properties": {"name": "Flock Safety", "vendor": "Flock Safety", "city": null, "operator": null, "direction": "328", "mount": "pole", "zone": "traffic", "source": "https://www.openstreetmap.org/node/13988700801", "packet": null}}, {"type": "Feature", "id": "cam:osm:n13988705101", "geometry": {"type": "Point", "coordinates": [-97.0416379, 36.9820387]}, "properties": {"name": "Flock Safety", "vendor": "Flock Safety", "city": null, "operator": null, "direction": "328", "mount": "pole", "zone": "traffic", "source": "https://www.openstreetmap.org/node/13988705101", "packet": null}}, {"type": "Feature", "id": "cam:osm:n13989070201", "geometry": {"type": "Point", "coordinates": [-97.7089034, 35.3773094]}, "properties": {"name": "Flock Safety", "vendor": "Flock Safety", "city": null, "operator": null, "direction": "0", "mount": null, "zone": "traffic", "source": "https://www.openstreetmap.org/node/13989070201", "packet": null}}, {"type": "Feature", "id": "cam:osm:n13989070301", "geometry": {"type": "Point", "coordinates": [-97.6543616, 35.4787531]}, "properties": {"name": "Flock Safety", "vendor": "Flock Safety", "city": null, "operator": null, "direction": "159", "mount": null, "zone": "traffic", "source": "https://www.openstreetmap.org/node/13989070301", "packet": null}}, {"type": "Feature", "id": "cam:osm:n13989584208", "geometry": {"type": "Point", "coordinates": [-94.767332, 36.5749704]}, "properties": {"name": "Flock Survelance camera", "vendor": "Flock Safety", "city": null, "operator": null, "direction": "340", "mount": null, "zone": "traffic", "source": "https://www.openstreetmap.org/node/13989584208", "packet": null}}, {"type": "Feature", "id": "cam:osm:n13989584209", "geometry": {"type": "Point", "coordinates": [-94.7678922, 36.5739015]}, "properties": {"name": "Flock Survelance Camera", "vendor": "Flock Safety", "city": null, "operator": null, "direction": "250", "mount": null, "zone": "traffic", "source": "https://www.openstreetmap.org/node/13989584209", "packet": null}}, {"type": "Feature", "id": "cam:osm:n13990476501", "geometry": {"type": "Point", "coordinates": [-95.9780454, 36.0773856]}, "properties": {"name": "Flock Safety", "vendor": "Flock Safety", "city": null, "operator": null, "direction": "178", "mount": null, "zone": "traffic", "source": "https://www.openstreetmap.org/node/13990476501", "packet": null}}, {"type": "Feature", "id": "cam:osm:n13990504001", "geometry": {"type": "Point", "coordinates": [-95.9867318, 36.1447618]}, "properties": {"name": "Flock Safety", "vendor": "Flock Safety", "city": null, "operator": null, "direction": "257", "mount": null, "zone": "traffic", "source": "https://www.openstreetmap.org/node/13990504001", "packet": null}}, {"type": "Feature", "id": "cam:osm:n13991139701", "geometry": {"type": "Point", "coordinates": [-97.1330666, 33.9402316]}, "properties": {"name": "Flock Safety", "vendor": "Flock Safety", "city": null, "operator": null, "direction": "47", "mount": null, "zone": "traffic", "source": "https://www.openstreetmap.org/node/13991139701", "packet": null}}, {"type": "Feature", "id": "cam:osm:n13996882801", "geometry": {"type": "Point", "coordinates": [-97.6010383, 35.478835]}, "properties": {"name": "Axon Enterprises", "vendor": "Axon Enterprises", "city": null, "operator": null, "direction": "346", "mount": null, "zone": "Q690604", "source": "https://www.openstreetmap.org/node/13996882801", "packet": null}}, {"type": "Feature", "id": "cam:osm:n13997623201", "geometry": {"type": "Point", "coordinates": [-97.4411764, 35.4207159]}, "properties": {"name": "Flock Safety", "vendor": "Flock Safety", "city": null, "operator": null, "direction": "76", "mount": null, "zone": "traffic", "source": "https://www.openstreetmap.org/node/13997623201", "packet": null}}, {"type": "Feature", "id": "cam:osm:n13998547901", "geometry": {"type": "Point", "coordinates": [-97.4200217, 35.4453317]}, "properties": {"name": "Flock Safety", "vendor": "Flock Safety", "city": null, "operator": null, "direction": "301", "mount": null, "zone": "traffic", "source": "https://www.openstreetmap.org/node/13998547901", "packet": null}}, {"type": "Feature", "id": "cam:osm:n14000380601", "geometry": {"type": "Point", "coordinates": [-98.3781892, 34.6087537]}, "properties": {"name": "Flock Safety", "vendor": "Flock Safety", "city": null, "operator": null, "direction": "80", "mount": null, "zone": "traffic", "source": "https://www.openstreetmap.org/node/14000380601", "packet": null}}, {"type": "Feature", "id": "cam:osm:n14000383001", "geometry": {"type": "Point", "coordinates": [-98.3780386, 34.6089923]}, "properties": {"name": "Flock Safety", "vendor": "Flock Safety", "city": null, "operator": null, "direction": "254", "mount": null, "zone": "traffic", "source": "https://www.openstreetmap.org/node/14000383001", "packet": null}}, {"type": "Feature", "id": "cam:osm:n14000383701", "geometry": {"type": "Point", "coordinates": [-98.3579511, 34.6085735]}, "properties": {"name": "Flock Safety", "vendor": "Flock Safety", "city": null, "operator": null, "direction": "63", "mount": null, "zone": "traffic", "source": "https://www.openstreetmap.org/node/14000383701", "packet": null}}, {"type": "Feature", "id": "cam:osm:n14000384301", "geometry": {"type": "Point", "coordinates": [-98.352233, 34.6087928]}, "properties": {"name": "Flock Safety", "vendor": "Flock Safety", "city": null, "operator": null, "direction": "250", "mount": null, "zone": "traffic", "source": "https://www.openstreetmap.org/node/14000384301", "packet": null}}, {"type": "Feature", "id": "cam:osm:n14000676401", "geometry": {"type": "Point", "coordinates": [-97.5343493, 35.5221536]}, "properties": {"name": "Flock Safety", "vendor": "Flock Safety", "city": null, "operator": null, "direction": "348", "mount": "traffic_signals", "zone": "traffic", "source": "https://www.openstreetmap.org/node/14000676401", "packet": null}}, {"type": "Feature", "id": "cam:osm:n14000812401", "geometry": {"type": "Point", "coordinates": [-97.4220187, 35.4515657]}, "properties": {"name": "Flock Safety", "vendor": "Flock Safety", "city": null, "operator": null, "direction": "246", "mount": null, "zone": "traffic", "source": "https://www.openstreetmap.org/node/14000812401", "packet": null}}, {"type": "Feature", "id": "cam:osm:n14004472003", "geometry": {"type": "Point", "coordinates": [-96.4253763, 34.0017742]}, "properties": {"name": "Flock Safety", "vendor": "Flock Safety", "city": null, "operator": null, "direction": "111", "mount": null, "zone": "traffic", "source": "https://www.openstreetmap.org/node/14004472003", "packet": null}}, {"type": "Feature", "id": "cam:osm:n14005442401", "geometry": {"type": "Point", "coordinates": [-97.493131, 35.347692]}, "properties": {"name": "Flock Safety", "vendor": "Flock Safety", "city": null, "operator": null, "direction": "320", "mount": null, "zone": "traffic", "source": "https://www.openstreetmap.org/node/14005442401", "packet": null}}, {"type": "Feature", "id": "cam:osm:n14006542101", "geometry": {"type": "Point", "coordinates": [-97.3797326, 35.4640314]}, "properties": {"name": "Flock Safety", "vendor": "Flock Safety", "city": null, "operator": null, "direction": "0;285;77", "mount": null, "zone": "traffic", "source": "https://www.openstreetmap.org/node/14006542101", "packet": null}}, {"type": "Feature", "id": "cam:osm:n14006805402", "geometry": {"type": "Point", "coordinates": [-97.3747217, 35.0296452]}, "properties": {"name": "Flock Safety", "vendor": "Flock Safety", "city": null, "operator": null, "direction": "70", "mount": null, "zone": "traffic", "source": "https://www.openstreetmap.org/node/14006805402", "packet": null}}, {"type": "Feature", "id": "cam:osm:n14007422201", "geometry": {"type": "Point", "coordinates": [-97.5318351, 35.4931586]}, "properties": {"name": "Axon Enterprise", "vendor": "Axon Enterprise", "city": null, "operator": null, "direction": "114", "mount": "traffic_signals", "zone": "traffic", "source": "https://www.openstreetmap.org/node/14007422201", "packet": null}}, {"type": "Feature", "id": "cam:osm:n14007718101", "geometry": {"type": "Point", "coordinates": [-94.7939553, 34.2627401]}, "properties": {"name": "Flock Safety", "vendor": "Flock Safety", "city": null, "operator": null, "direction": "156", "mount": null, "zone": "traffic", "source": "https://www.openstreetmap.org/node/14007718101", "packet": null}}, {"type": "Feature", "id": "cam:osm:n14007718701", "geometry": {"type": "Point", "coordinates": [-94.7992043, 34.265522]}, "properties": {"name": "Flock Safety", "vendor": "Flock Safety", "city": null, "operator": null, "direction": "283", "mount": null, "zone": "traffic", "source": "https://www.openstreetmap.org/node/14007718701", "packet": null}}, {"type": "Feature", "id": "cam:osm:n14007718703", "geometry": {"type": "Point", "coordinates": [-97.5299646, 35.3633264]}, "properties": {"name": "Flock Safety", "vendor": "Flock Safety", "city": null, "operator": null, "direction": "322", "mount": "traffic_signals", "zone": "traffic", "source": "https://www.openstreetmap.org/node/14007718703", "packet": null}}, {"type": "Feature", "id": "cam:osm:n14011036101", "geometry": {"type": "Point", "coordinates": [-98.4748809, 34.6080333]}, "properties": {"name": "Flock Safety", "vendor": "Flock Safety", "city": null, "operator": null, "direction": "174", "mount": null, "zone": "traffic", "source": "https://www.openstreetmap.org/node/14011036101", "packet": null}}, {"type": "Feature", "id": "cam:osm:n14013522701", "geometry": {"type": "Point", "coordinates": [-98.404844, 34.6322865]}, "properties": {"name": "Flock Safety", "vendor": "Flock Safety", "city": null, "operator": null, "direction": "179", "mount": null, "zone": "traffic", "source": "https://www.openstreetmap.org/node/14013522701", "packet": null}}, {"type": "Feature", "id": "cam:osm:n14014811602", "geometry": {"type": "Point", "coordinates": [-97.1240416, 33.7596685]}, "properties": {"name": "Flock Safety", "vendor": "Flock Safety", "city": null, "operator": null, "direction": "141", "mount": null, "zone": "traffic", "source": "https://www.openstreetmap.org/node/14014811602", "packet": null}}, {"type": "Feature", "id": "cam:osm:n14014815601", "geometry": {"type": "Point", "coordinates": [-97.123936, 33.7595135]}, "properties": {"name": "Flock Safety", "vendor": "Flock Safety", "city": null, "operator": null, "direction": "348", "mount": null, "zone": "traffic", "source": "https://www.openstreetmap.org/node/14014815601", "packet": null}}, {"type": "Feature", "id": "cam:osm:n14015880402", "geometry": {"type": "Point", "coordinates": [-97.1286358, 33.7655617]}, "properties": {"name": "Flock Safety", "vendor": "Flock Safety", "city": null, "operator": null, "direction": "174", "mount": null, "zone": "traffic", "source": "https://www.openstreetmap.org/node/14015880402", "packet": null}}, {"type": "Feature", "id": "cam:osm:n14016386201", "geometry": {"type": "Point", "coordinates": [-95.3938409, 35.7554746]}, "properties": {"name": "Flock Safety", "vendor": "Flock Safety", "city": null, "operator": null, "direction": "150", "mount": null, "zone": "traffic", "source": "https://www.openstreetmap.org/node/14016386201", "packet": null}}, {"type": "Feature", "id": "cam:osm:n14018803001", "geometry": {"type": "Point", "coordinates": [-97.5948413, 35.4063945]}, "properties": {"name": "Motorola Solutions", "vendor": "Motorola Solutions", "city": null, "operator": null, "direction": "143", "mount": null, "zone": "traffic", "source": "https://www.openstreetmap.org/node/14018803001", "packet": null}}, {"type": "Feature", "id": "cam:osm:n14018993201", "geometry": {"type": "Point", "coordinates": [-95.988751, 35.9593135]}, "properties": {"name": "Flock Safety", "vendor": "Flock Safety", "city": null, "operator": null, "direction": "101", "mount": null, "zone": "traffic", "source": "https://www.openstreetmap.org/node/14018993201", "packet": null}}, {"type": "Feature", "id": "cam:osm:n14019026203", "geometry": {"type": "Point", "coordinates": [-97.937848, 35.4062406]}, "properties": {"name": "Flock Safety", "vendor": "Flock Safety", "city": null, "operator": null, "direction": "60", "mount": "pole", "zone": "traffic", "source": "https://www.openstreetmap.org/node/14019026203", "packet": null}}, {"type": "Feature", "id": "cam:osm:n14020292601", "geometry": {"type": "Point", "coordinates": [-95.9027524, 36.1157104]}, "properties": {"name": "Flock Safety", "vendor": "Flock Safety", "city": null, "operator": null, "direction": "0", "mount": "pole", "zone": "traffic", "source": "https://www.openstreetmap.org/node/14020292601", "packet": null}}, {"type": "Feature", "id": "cam:osm:n14020293601", "geometry": {"type": "Point", "coordinates": [-95.8988427, 36.1135039]}, "properties": {"name": "Flock Safety", "vendor": "Flock Safety", "city": null, "operator": null, "direction": "173", "mount": null, "zone": "traffic", "source": "https://www.openstreetmap.org/node/14020293601", "packet": null}}, {"type": "Feature", "id": "cam:osm:n14020296001", "geometry": {"type": "Point", "coordinates": [-95.9053978, 36.1147868]}, "properties": {"name": "Flock Safety", "vendor": "Flock Safety", "city": null, "operator": null, "direction": "49", "mount": null, "zone": "traffic", "source": "https://www.openstreetmap.org/node/14020296001", "packet": null}}, {"type": "Feature", "id": "cam:osm:n14020298301", "geometry": {"type": "Point", "coordinates": [-95.9056284, 36.1159996]}, "properties": {"name": "Flock Safety", "vendor": "Flock Safety", "city": null, "operator": null, "direction": "209", "mount": null, "zone": "traffic", "source": "https://www.openstreetmap.org/node/14020298301", "packet": null}}, {"type": "Feature", "id": "cam:osm:n14020642801", "geometry": {"type": "Point", "coordinates": [-95.9265896, 36.3368102]}, "properties": {"name": "Flock Safety", "vendor": "Flock Safety", "city": null, "operator": null, "direction": "174", "mount": null, "zone": "traffic", "source": "https://www.openstreetmap.org/node/14020642801", "packet": null}}, {"type": "Feature", "id": "cam:osm:n14020968701", "geometry": {"type": "Point", "coordinates": [-97.7603262, 35.5078612]}, "properties": {"name": "Flock Safety", "vendor": "Flock Safety", "city": null, "operator": null, "direction": "150", "mount": null, "zone": "traffic", "source": "https://www.openstreetmap.org/node/14020968701", "packet": null}}, {"type": "Feature", "id": "cam:osm:n14021205613", "geometry": {"type": "Point", "coordinates": [-97.4414937, 35.3110855]}, "properties": {"name": "Flock Safety", "vendor": "Flock Safety", "city": null, "operator": null, "direction": "260", "mount": null, "zone": "traffic", "source": "https://www.openstreetmap.org/node/14021205613", "packet": null}}, {"type": "Feature", "id": "cam:osm:n14021205615", "geometry": {"type": "Point", "coordinates": [-97.4448374, 35.334085]}, "properties": {"name": "Flock Safety", "vendor": "Flock Safety", "city": null, "operator": null, "direction": "170", "mount": null, "zone": "traffic", "source": "https://www.openstreetmap.org/node/14021205615", "packet": null}}, {"type": "Feature", "id": "cam:osm:n14021207097", "geometry": {"type": "Point", "coordinates": [-97.4490103, 35.3340083]}, "properties": {"name": "Flock Safety", "vendor": "Flock Safety", "city": null, "operator": null, "direction": "15", "mount": null, "zone": "traffic", "source": "https://www.openstreetmap.org/node/14021207097", "packet": null}}, {"type": "Feature", "id": "cam:osm:n14021218048", "geometry": {"type": "Point", "coordinates": [-97.4447195, 35.3339521]}, "properties": {"name": "Flock Safety", "vendor": "Flock Safety", "city": null, "operator": null, "direction": "15", "mount": null, "zone": "traffic", "source": "https://www.openstreetmap.org/node/14021218048", "packet": null}}, {"type": "Feature", "id": "cam:osm:n14021224901", "geometry": {"type": "Point", "coordinates": [-97.4490106, 35.3338111]}, "properties": {"name": "Flock Safety", "vendor": "Flock Safety", "city": null, "operator": null, "direction": "195", "mount": null, "zone": "traffic", "source": "https://www.openstreetmap.org/node/14021224901", "packet": null}}, {"type": "Feature", "id": "cam:osm:n14022205001", "geometry": {"type": "Point", "coordinates": [-97.3886603, 35.4498278]}, "properties": {"name": "Flock Safety", "vendor": "Flock Safety", "city": null, "operator": null, "direction": "161", "mount": null, "zone": "traffic", "source": "https://www.openstreetmap.org/node/14022205001", "packet": null}}, {"type": "Feature", "id": "cam:osm:n14022275002", "geometry": {"type": "Point", "coordinates": [-97.3883239, 35.449597]}, "properties": {"name": "Flock Safety", "vendor": "Flock Safety", "city": null, "operator": null, "direction": "345;197", "mount": null, "zone": "traffic", "source": "https://www.openstreetmap.org/node/14022275002", "packet": null}}, {"type": "Feature", "id": "cam:osm:n14022799601", "geometry": {"type": "Point", "coordinates": [-97.5301787, 35.3880535]}, "properties": {"name": "Flock Safety", "vendor": "Flock Safety", "city": null, "operator": null, "direction": "152", "mount": null, "zone": "traffic", "source": "https://www.openstreetmap.org/node/14022799601", "packet": null}}, {"type": "Feature", "id": "cam:osm:n14022954201", "geometry": {"type": "Point", "coordinates": [-96.0330342, 34.5264786]}, "properties": {"name": "Flock Safety", "vendor": "Flock Safety", "city": null, "operator": null, "direction": "181", "mount": null, "zone": "traffic", "source": "https://www.openstreetmap.org/node/14022954201", "packet": null}}, {"type": "Feature", "id": "cam:osm:n14022956101", "geometry": {"type": "Point", "coordinates": [-96.0330477, 34.5264819]}, "properties": {"name": "Flock Safety", "vendor": "Flock Safety", "city": null, "operator": null, "direction": "275", "mount": null, "zone": "traffic", "source": "https://www.openstreetmap.org/node/14022956101", "packet": null}}, {"type": "Feature", "id": "cam:osm:n14024313513", "geometry": {"type": "Point", "coordinates": [-96.0256659, 36.0026243]}, "properties": {"name": "HOA", "vendor": "Flock Safety", "city": null, "operator": "HOA", "direction": "355", "mount": null, "zone": "entrance", "source": "https://www.openstreetmap.org/node/14024313513", "packet": null}}, {"type": "Feature", "id": "cam:osm:n14024946195", "geometry": {"type": "Point", "coordinates": [-95.3949225, 35.9595362]}, "properties": {"name": "OSM node 14024946195", "vendor": null, "city": null, "operator": null, "direction": null, "mount": null, "zone": null, "source": "https://www.openstreetmap.org/node/14024946195", "packet": null}}, {"type": "Feature", "id": "cam:osm:n14024946196", "geometry": {"type": "Point", "coordinates": [-95.3949644, 35.9592821]}, "properties": {"name": "OSM node 14024946196", "vendor": null, "city": null, "operator": null, "direction": null, "mount": null, "zone": null, "source": "https://www.openstreetmap.org/node/14024946196", "packet": null}}, {"type": "Feature", "id": "cam:osm:n14024946197", "geometry": {"type": "Point", "coordinates": [-95.3945878, 35.9593473]}, "properties": {"name": "OSM node 14024946197", "vendor": null, "city": null, "operator": null, "direction": null, "mount": null, "zone": null, "source": "https://www.openstreetmap.org/node/14024946197", "packet": null}}, {"type": "Feature", "id": "cam:osm:n14024946198", "geometry": {"type": "Point", "coordinates": [-95.3945556, 35.9596143]}, "properties": {"name": "OSM node 14024946198", "vendor": null, "city": null, "operator": null, "direction": null, "mount": null, "zone": null, "source": "https://www.openstreetmap.org/node/14024946198", "packet": null}}, {"type": "Feature", "id": "cam:osm:n14024946200", "geometry": {"type": "Point", "coordinates": [-95.8865263, 36.0391134]}, "properties": {"name": "OSM node 14024946200", "vendor": null, "city": null, "operator": null, "direction": null, "mount": null, "zone": null, "source": "https://www.openstreetmap.org/node/14024946200", "packet": null}}, {"type": "Feature", "id": "cam:osm:n14026713408", "geometry": {"type": "Point", "coordinates": [-95.7972932, 36.2200372]}, "properties": {"name": "Flock Safety", "vendor": "Flock Safety", "city": null, "operator": null, "direction": "338", "mount": null, "zone": "traffic", "source": "https://www.openstreetmap.org/node/14026713408", "packet": null}}, {"type": "Feature", "id": "cam:osm:n14027366001", "geometry": {"type": "Point", "coordinates": [-95.7619372, 36.1621688]}, "properties": {"name": "Flock Safety", "vendor": "Flock Safety", "city": null, "operator": null, "direction": "336;69;141;214", "mount": null, "zone": "traffic", "source": "https://www.openstreetmap.org/node/14027366001", "packet": null}}, {"type": "Feature", "id": "cam:osm:n14027587701", "geometry": {"type": "Point", "coordinates": [-96.0000348, 36.7518253]}, "properties": {"name": "Flock Safety", "vendor": "Flock Safety", "city": null, "operator": null, "direction": "86", "mount": null, "zone": "traffic", "source": "https://www.openstreetmap.org/node/14027587701", "packet": null}}, {"type": "Feature", "id": "cam:osm:n14027690355", "geometry": {"type": "Point", "coordinates": [-97.3178027, 35.4498973]}, "properties": {"name": "Flock Safety", "vendor": "Flock Safety", "city": null, "operator": null, "direction": "215;70", "mount": null, "zone": "traffic", "source": "https://www.openstreetmap.org/node/14027690355", "packet": null}}, {"type": "Feature", "id": "cam:osm:n14027763055", "geometry": {"type": "Point", "coordinates": [-95.922222, 35.9113785]}, "properties": {"name": "Flock Safety", "vendor": "Flock Safety", "city": null, "operator": null, "direction": "80", "mount": null, "zone": "traffic", "source": "https://www.openstreetmap.org/node/14027763055", "packet": null}}, {"type": "Feature", "id": "cam:osm:n14027763056", "geometry": {"type": "Point", "coordinates": [-95.9222456, 35.9088225]}, "properties": {"name": "Flock Safety", "vendor": "Flock Safety", "city": null, "operator": null, "direction": "80", "mount": null, "zone": "traffic", "source": "https://www.openstreetmap.org/node/14027763056", "packet": null}}, {"type": "Feature", "id": "cam:osm:n14027781962", "geometry": {"type": "Point", "coordinates": [-95.9721159, 35.9740051]}, "properties": {"name": "Flock Safety", "vendor": "Flock Safety", "city": null, "operator": null, "direction": "5", "mount": null, "zone": "traffic", "source": "https://www.openstreetmap.org/node/14027781962", "packet": null}}, {"type": "Feature", "id": "cam:osm:n14027781964", "geometry": {"type": "Point", "coordinates": [-95.9626915, 35.9756067]}, "properties": {"name": "Flock Safety", "vendor": "Flock Safety", "city": null, "operator": null, "direction": "260", "mount": null, "zone": "traffic", "source": "https://www.openstreetmap.org/node/14027781964", "packet": null}}, {"type": "Feature", "id": "cam:osm:n14028868297", "geometry": {"type": "Point", "coordinates": [-95.736296, 35.8854125]}, "properties": {"name": "Flock Safety", "vendor": "Flock Safety", "city": null, "operator": null, "direction": "70", "mount": null, "zone": "traffic", "source": "https://www.openstreetmap.org/node/14028868297", "packet": null}}, {"type": "Feature", "id": "cam:osm:n14029089402", "geometry": {"type": "Point", "coordinates": [-97.9372479, 35.5218239]}, "properties": {"name": "Flock Safety", "vendor": "Flock Safety", "city": null, "operator": null, "direction": "158", "mount": null, "zone": "traffic", "source": "https://www.openstreetmap.org/node/14029089402", "packet": null}}, {"type": "Feature", "id": "cam:osm:n14029762902", "geometry": {"type": "Point", "coordinates": [-97.9725801, 35.5220227]}, "properties": {"name": "Flock Safety", "vendor": "Flock Safety", "city": null, "operator": null, "direction": "341", "mount": null, "zone": "traffic", "source": "https://www.openstreetmap.org/node/14029762902", "packet": null}}, {"type": "Feature", "id": "cam:osm:n14029770901", "geometry": {"type": "Point", "coordinates": [-97.4803108, 35.2539261]}, "properties": {"name": "Motorola Solutions", "vendor": "Motorola Solutions", "city": null, "operator": null, "direction": "24", "mount": null, "zone": "traffic", "source": "https://www.openstreetmap.org/node/14029770901", "packet": null}}, {"type": "Feature", "id": "cam:osm:n14029771401", "geometry": {"type": "Point", "coordinates": [-97.4800426, 35.2541319]}, "properties": {"name": "Motorola Solutions", "vendor": "Motorola Solutions", "city": null, "operator": null, "direction": "291", "mount": null, "zone": "traffic", "source": "https://www.openstreetmap.org/node/14029771401", "packet": null}}, {"type": "Feature", "id": "cam:osm:n14029891801", "geometry": {"type": "Point", "coordinates": [-97.4179061, 35.4641649]}, "properties": {"name": "Flock Safety", "vendor": "Flock Safety", "city": null, "operator": null, "direction": "85;271;333", "mount": null, "zone": "traffic", "source": "https://www.openstreetmap.org/node/14029891801", "packet": null}}, {"type": "Feature", "id": "cam:osm:n14030265595", "geometry": {"type": "Point", "coordinates": [-95.9040946, 36.0386492]}, "properties": {"name": "Flock Safety", "vendor": "Flock Safety", "city": null, "operator": null, "direction": null, "mount": null, "zone": "traffic", "source": "https://www.openstreetmap.org/node/14030265595", "packet": null}}, {"type": "Feature", "id": "cam:osm:n14030265596", "geometry": {"type": "Point", "coordinates": [-95.9041006, 36.0343997]}, "properties": {"name": "Flock Safety", "vendor": "Flock Safety", "city": null, "operator": null, "direction": null, "mount": null, "zone": "traffic", "source": "https://www.openstreetmap.org/node/14030265596", "packet": null}}, {"type": "Feature", "id": "cam:osm:n14031583802", "geometry": {"type": "Point", "coordinates": [-95.9689898, 36.1640606]}, "properties": {"name": "Flock Safety", "vendor": "Flock Safety", "city": null, "operator": null, "direction": "19", "mount": "pole", "zone": "traffic", "source": "https://www.openstreetmap.org/node/14031583802", "packet": null}}, {"type": "Feature", "id": "cam:osm:n14031709301", "geometry": {"type": "Point", "coordinates": [-97.4203552, 35.3198802]}, "properties": {"name": "Flock Safety", "vendor": "Flock Safety", "city": null, "operator": null, "direction": "326;0;279", "mount": null, "zone": "traffic", "source": "https://www.openstreetmap.org/node/14031709301", "packet": null}}, {"type": "Feature", "id": "cam:osm:n14032351302", "geometry": {"type": "Point", "coordinates": [-97.4237128, 35.4206064]}, "properties": {"name": "Flock Safety", "vendor": "Flock Safety", "city": null, "operator": null, "direction": "160", "mount": "pole", "zone": "traffic", "source": "https://www.openstreetmap.org/node/14032351302", "packet": null}}, {"type": "Feature", "id": "cam:osm:n14032483301", "geometry": {"type": "Point", "coordinates": [-97.4235573, 35.4063143]}, "properties": {"name": "Flock Safety", "vendor": "Flock Safety", "city": null, "operator": null, "direction": "309", "mount": "traffic_signals", "zone": "traffic", "source": "https://www.openstreetmap.org/node/14032483301", "packet": null}}, {"type": "Feature", "id": "cam:osm:n14032491301", "geometry": {"type": "Point", "coordinates": [-97.4235573, 35.4063143]}, "properties": {"name": "Flock Safety", "vendor": "Flock Safety", "city": null, "operator": null, "direction": "227", "mount": null, "zone": "traffic", "source": "https://www.openstreetmap.org/node/14032491301", "packet": null}}, {"type": "Feature", "id": "cam:osm:n14038397901", "geometry": {"type": "Point", "coordinates": [-95.959422, 36.0424998]}, "properties": {"name": "Simon Property Group", "vendor": "Flock Safety", "city": null, "operator": "Simon Property Group", "direction": "180", "mount": "pole", "zone": "traffic", "source": "https://www.openstreetmap.org/node/14038397901", "packet": null}}, {"type": "Feature", "id": "cam:osm:n14038398701", "geometry": {"type": "Point", "coordinates": [-95.9611798, 36.0450579]}, "properties": {"name": "Simon Property Group", "vendor": "Flock Safety", "city": null, "operator": "Simon Property Group", "direction": "199", "mount": "pole", "zone": "traffic", "source": "https://www.openstreetmap.org/node/14038398701", "packet": null}}, {"type": "Feature", "id": "cam:osm:n14038412160", "geometry": {"type": "Point", "coordinates": [-97.98341, 34.5215225]}, "properties": {"name": "Flock Safety", "vendor": "Flock Safety", "city": null, "operator": null, "direction": "63", "mount": null, "zone": "traffic", "source": "https://www.openstreetmap.org/node/14038412160", "packet": null}}, {"type": "Feature", "id": "cam:osm:n14038412161", "geometry": {"type": "Point", "coordinates": [-97.9942954, 34.4924105]}, "properties": {"name": "Flock Safety", "vendor": "Flock Safety", "city": null, "operator": null, "direction": "52", "mount": null, "zone": "traffic", "source": "https://www.openstreetmap.org/node/14038412161", "packet": null}}, {"type": "Feature", "id": "cam:osm:n14040087301", "geometry": {"type": "Point", "coordinates": [-95.7204383, 36.0169929]}, "properties": {"name": "Flock Safety", "vendor": "Flock Safety", "city": null, "operator": null, "direction": "154", "mount": null, "zone": "traffic", "source": "https://www.openstreetmap.org/node/14040087301", "packet": null}}, {"type": "Feature", "id": "cam:osm:n14041596701", "geometry": {"type": "Point", "coordinates": [-95.7974732, 36.0754114]}, "properties": {"name": "Flock Safety", "vendor": "Flock Safety", "city": null, "operator": null, "direction": "54", "mount": null, "zone": "traffic", "source": "https://www.openstreetmap.org/node/14041596701", "packet": null}}, {"type": "Feature", "id": "cam:osm:n14041727601", "geometry": {"type": "Point", "coordinates": [-97.4601329, 35.5223536]}, "properties": {"name": "Axon Enterprise", "vendor": "Axon Enterprise", "city": null, "operator": null, "direction": "257", "mount": null, "zone": "traffic", "source": "https://www.openstreetmap.org/node/14041727601", "packet": null}}, {"type": "Feature", "id": "cam:osm:n14042019501", "geometry": {"type": "Point", "coordinates": [-97.476845, 35.5075015]}, "properties": {"name": "Flock Safety", "vendor": "Flock Safety", "city": null, "operator": null, "direction": "152", "mount": null, "zone": "traffic", "source": "https://www.openstreetmap.org/node/14042019501", "packet": null}}, {"type": "Feature", "id": "cam:osm:n14044106802", "geometry": {"type": "Point", "coordinates": [-97.5148237, 35.5655785]}, "properties": {"name": "Flock Safety", "vendor": "Flock Safety", "city": null, "operator": null, "direction": "269", "mount": "pole", "zone": "traffic", "source": "https://www.openstreetmap.org/node/14044106802", "packet": null}}, {"type": "Feature", "id": "cam:osm:n14045771501", "geometry": {"type": "Point", "coordinates": [-97.6187815, 35.4788364]}, "properties": {"name": "Axon Enterprise", "vendor": "Axon Enterprise", "city": null, "operator": null, "direction": "349", "mount": "pole", "zone": "traffic", "source": "https://www.openstreetmap.org/node/14045771501", "packet": null}}, {"type": "Feature", "id": "cam:osm:n14045775901", "geometry": {"type": "Point", "coordinates": [-97.5735245, 35.4784942]}, "properties": {"name": "Axis Communications", "vendor": "Axis Communications", "city": null, "operator": null, "direction": "125", "mount": null, "zone": "traffic", "source": "https://www.openstreetmap.org/node/14045775901", "packet": null}}, {"type": "Feature", "id": "cam:osm:n14045922001", "geometry": {"type": "Point", "coordinates": [-97.9369701, 35.5099429]}, "properties": {"name": "Flock Safety", "vendor": "Flock Safety", "city": null, "operator": null, "direction": "342", "mount": null, "zone": "traffic", "source": "https://www.openstreetmap.org/node/14045922001", "packet": null}}, {"type": "Feature", "id": "cam:osm:n14050021402", "geometry": {"type": "Point", "coordinates": [-96.0112575, 35.9201521]}, "properties": {"name": "Mark Allen Chevrolet", "vendor": "Flock Safety", "city": null, "operator": "Mark Allen Chevrolet", "direction": "65", "mount": null, "zone": "entrance", "source": "https://www.openstreetmap.org/node/14050021402", "packet": null}}, {"type": "Feature", "id": "cam:osm:n14051893502", "geometry": {"type": "Point", "coordinates": [-95.8210691, 36.0829353]}, "properties": {"name": "Flock Safety", "vendor": "Flock Safety", "city": null, "operator": null, "direction": "282", "mount": "pole", "zone": "traffic", "source": "https://www.openstreetmap.org/node/14051893502", "packet": null}}, {"type": "Feature", "id": "cam:osm:n14051902501", "geometry": {"type": "Point", "coordinates": [-95.815459, 36.077645]}, "properties": {"name": "Leonardo", "vendor": "Leonardo", "city": null, "operator": null, "direction": "147", "mount": "traffic_signals", "zone": "traffic", "source": "https://www.openstreetmap.org/node/14051902501", "packet": null}}, {"type": "Feature", "id": "cam:osm:n14051922801", "geometry": {"type": "Point", "coordinates": [-95.8153212, 36.0753447]}, "properties": {"name": "Leonardo", "vendor": "Leonardo", "city": null, "operator": null, "direction": "179", "mount": "traffic_signals", "zone": "traffic", "source": "https://www.openstreetmap.org/node/14051922801", "packet": null}}, {"type": "Feature", "id": "cam:osm:n14051925101", "geometry": {"type": "Point", "coordinates": [-95.815183, 36.0754383]}, "properties": {"name": "Leonardo", "vendor": "Leonardo", "city": null, "operator": null, "direction": "96", "mount": "traffic_signals", "zone": "traffic", "source": "https://www.openstreetmap.org/node/14051925101", "packet": null}}, {"type": "Feature", "id": "cam:osm:n14051926901", "geometry": {"type": "Point", "coordinates": [-95.815288, 36.0755505]}, "properties": {"name": "Leonardo", "vendor": "Leonardo", "city": null, "operator": null, "direction": "0", "mount": "traffic_signals", "zone": "traffic", "source": "https://www.openstreetmap.org/node/14051926901", "packet": null}}, {"type": "Feature", "id": "cam:osm:n14051927401", "geometry": {"type": "Point", "coordinates": [-95.8154327, 36.0754706]}, "properties": {"name": "Leonardo", "vendor": "Leonardo", "city": null, "operator": null, "direction": "265", "mount": "traffic_signals", "zone": "traffic", "source": "https://www.openstreetmap.org/node/14051927401", "packet": null}}, {"type": "Feature", "id": "cam:osm:n14051978601", "geometry": {"type": "Point", "coordinates": [-95.7795871, 36.0753681]}, "properties": {"name": "Leonardo", "vendor": "Leonardo", "city": null, "operator": null, "direction": "179", "mount": "traffic_signals", "zone": "traffic", "source": "https://www.openstreetmap.org/node/14051978601", "packet": null}}, {"type": "Feature", "id": "cam:osm:n14051979201", "geometry": {"type": "Point", "coordinates": [-95.7793728, 36.0755043]}, "properties": {"name": "Leonardo", "vendor": "Leonardo", "city": null, "operator": null, "direction": "90", "mount": "traffic_signals", "zone": "traffic", "source": "https://www.openstreetmap.org/node/14051979201", "packet": null}}, {"type": "Feature", "id": "cam:osm:n14051980401", "geometry": {"type": "Point", "coordinates": [-95.7795373, 36.0756562]}, "properties": {"name": "Leonardo", "vendor": "Leonardo", "city": null, "operator": null, "direction": "0", "mount": "traffic_signals", "zone": "traffic", "source": "https://www.openstreetmap.org/node/14051980401", "packet": null}}, {"type": "Feature", "id": "cam:osm:n14051983001", "geometry": {"type": "Point", "coordinates": [-95.7796935, 36.0755826]}, "properties": {"name": "Leonardo", "vendor": "Leonardo", "city": null, "operator": null, "direction": "271", "mount": "traffic_signals", "zone": "traffic", "source": "https://www.openstreetmap.org/node/14051983001", "packet": null}}, {"type": "Feature", "id": "cam:osm:n14052090701", "geometry": {"type": "Point", "coordinates": [-97.7270035, 35.4061063]}, "properties": {"name": "Flock Safety", "vendor": "Flock Safety", "city": null, "operator": null, "direction": "202;135", "mount": "pole", "zone": "traffic", "source": "https://www.openstreetmap.org/node/14052090701", "packet": null}}, {"type": "Feature", "id": "cam:osm:n14052426702", "geometry": {"type": "Point", "coordinates": [-97.7248446, 35.4005114]}, "properties": {"name": "Flock Safety", "vendor": "Flock Safety", "city": null, "operator": null, "direction": "265;96", "mount": "street_lamp", "zone": "traffic", "source": "https://www.openstreetmap.org/node/14052426702", "packet": null}}, {"type": "Feature", "id": "cam:osm:n14052441802", "geometry": {"type": "Point", "coordinates": [-94.737081, 34.026387]}, "properties": {"name": "Flock Safety", "vendor": "Flock Safety", "city": null, "operator": null, "direction": "274", "mount": null, "zone": "traffic", "source": "https://www.openstreetmap.org/node/14052441802", "packet": null}}, {"type": "Feature", "id": "cam:osm:n14053932901", "geometry": {"type": "Point", "coordinates": [-97.5765505, 35.6680175]}, "properties": {"name": "Flock Safety", "vendor": "Flock Safety", "city": null, "operator": null, "direction": "0", "mount": null, "zone": "traffic", "source": "https://www.openstreetmap.org/node/14053932901", "packet": null}}, {"type": "Feature", "id": "cam:osm:n14053932902", "geometry": {"type": "Point", "coordinates": [-97.5793043, 35.6681895]}, "properties": {"name": "Flock Safety", "vendor": "Flock Safety", "city": null, "operator": null, "direction": "0", "mount": null, "zone": "traffic", "source": "https://www.openstreetmap.org/node/14053932902", "packet": null}}, {"type": "Feature", "id": "cam:osm:n14055053701", "geometry": {"type": "Point", "coordinates": [-97.5815495, 35.6679873]}, "properties": {"name": "Flock Safety", "vendor": "Flock Safety", "city": null, "operator": null, "direction": "0", "mount": "pole", "zone": "traffic", "source": "https://www.openstreetmap.org/node/14055053701", "packet": null}}, {"type": "Feature", "id": "cam:osm:n14055971901", "geometry": {"type": "Point", "coordinates": [-94.7370482, 34.0293144]}, "properties": {"name": "Flock Safety", "vendor": "Flock Safety", "city": null, "operator": null, "direction": "182", "mount": null, "zone": "traffic", "source": "https://www.openstreetmap.org/node/14055971901", "packet": null}}, {"type": "Feature", "id": "cam:osm:n14057656901", "geometry": {"type": "Point", "coordinates": [-95.967258, 35.9739409]}, "properties": {"name": "Flock Safety", "vendor": "Flock Safety", "city": null, "operator": null, "direction": "211", "mount": null, "zone": "traffic", "source": "https://www.openstreetmap.org/node/14057656901", "packet": null}}, {"type": "Feature", "id": "cam:osm:n14058774401", "geometry": {"type": "Point", "coordinates": [-97.4768319, 35.4641086]}, "properties": {"name": "Flock Safety", "vendor": "Flock Safety", "city": null, "operator": null, "direction": "267", "mount": null, "zone": "traffic", "source": "https://www.openstreetmap.org/node/14058774401", "packet": null}}, {"type": "Feature", "id": "cam:osm:n14060174701", "geometry": {"type": "Point", "coordinates": [-97.5833445, 35.5117007]}, "properties": {"name": "Axis Communications", "vendor": "Axis Communications", "city": null, "operator": null, "direction": "333", "mount": "traffic_signals", "zone": "traffic", "source": "https://www.openstreetmap.org/node/14060174701", "packet": null}}, {"type": "Feature", "id": "cam:osm:n14060175101", "geometry": {"type": "Point", "coordinates": [-97.5834463, 35.5110708]}, "properties": {"name": "Axis Communications", "vendor": "Axis Communications", "city": null, "operator": null, "direction": "158", "mount": "traffic_signals", "zone": "traffic", "source": "https://www.openstreetmap.org/node/14060175101", "packet": null}}, {"type": "Feature", "id": "cam:osm:n14060319701", "geometry": {"type": "Point", "coordinates": [-96.2518719, 34.1712159]}, "properties": {"name": "Flock Safety", "vendor": "Flock Safety", "city": null, "operator": null, "direction": "341", "mount": null, "zone": "traffic", "source": "https://www.openstreetmap.org/node/14060319701", "packet": null}}, {"type": "Feature", "id": "cam:osm:n14060380700", "geometry": {"type": "Point", "coordinates": [-96.487901, 36.3050163]}, "properties": {"name": "Flock Safety", "vendor": "Flock Safety", "city": null, "operator": null, "direction": "30", "mount": null, "zone": "traffic", "source": "https://www.openstreetmap.org/node/14060380700", "packet": null}}, {"type": "Feature", "id": "cam:osm:n14060430201", "geometry": {"type": "Point", "coordinates": [-96.4644691, 36.3182094]}, "properties": {"name": "Flock Safety", "vendor": "Flock Safety", "city": null, "operator": null, "direction": "140", "mount": null, "zone": "traffic", "source": "https://www.openstreetmap.org/node/14060430201", "packet": null}}, {"type": "Feature", "id": "cam:osm:n14060744001", "geometry": {"type": "Point", "coordinates": [-99.6717202, 35.61371]}, "properties": {"name": "Genetec", "vendor": "Genetec", "city": null, "operator": null, "direction": "298", "mount": null, "zone": "traffic", "source": "https://www.openstreetmap.org/node/14060744001", "packet": null}}, {"type": "Feature", "id": "cam:osm:n14061815501", "geometry": {"type": "Point", "coordinates": [-97.5028216, 35.5222612]}, "properties": {"name": "Axis Communications", "vendor": "Axis Communications", "city": null, "operator": null, "direction": "80", "mount": null, "zone": "traffic", "source": "https://www.openstreetmap.org/node/14061815501", "packet": null}}, {"type": "Feature", "id": "cam:osm:n14061815801", "geometry": {"type": "Point", "coordinates": [-94.7433632, 36.8015484]}, "properties": {"name": "Flock Safety", "vendor": "Flock Safety", "city": null, "operator": null, "direction": "48", "mount": "pole", "zone": "traffic", "source": "https://www.openstreetmap.org/node/14061815801", "packet": null}}, {"type": "Feature", "id": "cam:osm:n14062314765", "geometry": {"type": "Point", "coordinates": [-97.5094903, 35.4353603]}, "properties": {"name": "Flock Safety", "vendor": "Flock Safety", "city": null, "operator": null, "direction": "240", "mount": null, "zone": "traffic", "source": "https://www.openstreetmap.org/node/14062314765", "packet": null}}, {"type": "Feature", "id": "cam:osm:n14062671401", "geometry": {"type": "Point", "coordinates": [-97.5657608, 35.5219978]}, "properties": {"name": "Axon Enterprise", "vendor": "Axon Enterprise", "city": null, "operator": null, "direction": "149", "mount": null, "zone": "traffic", "source": "https://www.openstreetmap.org/node/14062671401", "packet": null}}, {"type": "Feature", "id": "cam:osm:n14062811401", "geometry": {"type": "Point", "coordinates": [-97.073789, 36.4997862]}, "properties": {"name": "Flock Safety", "vendor": "Flock Safety", "city": null, "operator": null, "direction": "84", "mount": null, "zone": "traffic", "source": "https://www.openstreetmap.org/node/14062811401", "packet": null}}, {"type": "Feature", "id": "cam:osm:n14062866401", "geometry": {"type": "Point", "coordinates": [-97.565594, 35.4350806]}, "properties": {"name": "Flock Safety", "vendor": "Flock Safety", "city": null, "operator": null, "direction": "166", "mount": "traffic_signals", "zone": "traffic", "source": "https://www.openstreetmap.org/node/14062866401", "packet": null}}, {"type": "Feature", "id": "cam:osm:n14064348007", "geometry": {"type": "Point", "coordinates": [-96.4018641, 33.9987468]}, "properties": {"name": "Flock Safety", "vendor": "Flock Safety", "city": null, "operator": null, "direction": null, "mount": null, "zone": "traffic", "source": "https://www.openstreetmap.org/node/14064348007", "packet": null}}, {"type": "Feature", "id": "cam:osm:n14064686702", "geometry": {"type": "Point", "coordinates": [-97.9014187, 35.4990885]}, "properties": {"name": "Flock Safety", "vendor": "Flock Safety", "city": null, "operator": null, "direction": "330", "mount": null, "zone": "traffic", "source": "https://www.openstreetmap.org/node/14064686702", "packet": null}}, {"type": "Feature", "id": "cam:osm:n14064911301", "geometry": {"type": "Point", "coordinates": [-95.9665338, 36.0158515]}, "properties": {"name": "Neology, Inc.", "vendor": "Neology, Inc.", "city": null, "operator": null, "direction": "178", "mount": null, "zone": "traffic", "source": "https://www.openstreetmap.org/node/14064911301", "packet": null}}, {"type": "Feature", "id": "cam:osm:n14065048232", "geometry": {"type": "Point", "coordinates": [-97.5480454, 35.4351112]}, "properties": {"name": "Flock Safety", "vendor": "Flock Safety", "city": null, "operator": null, "direction": "80", "mount": null, "zone": "traffic", "source": "https://www.openstreetmap.org/node/14065048232", "packet": null}}, {"type": "Feature", "id": "cam:osm:n14065050343", "geometry": {"type": "Point", "coordinates": [-97.5484686, 35.4353129]}, "properties": {"name": "Flock Safety", "vendor": "Flock Safety", "city": null, "operator": null, "direction": "265", "mount": null, "zone": "traffic", "source": "https://www.openstreetmap.org/node/14065050343", "packet": null}}, {"type": "Feature", "id": "cam:osm:n14066755301", "geometry": {"type": "Point", "coordinates": [-97.7480062, 35.3916979]}, "properties": {"name": "Flock Safety", "vendor": "Flock Safety", "city": null, "operator": null, "direction": "62", "mount": "pole", "zone": "traffic", "source": "https://www.openstreetmap.org/node/14066755301", "packet": null}}, {"type": "Feature", "id": "cam:osm:n14066926502", "geometry": {"type": "Point", "coordinates": [-95.9758902, 36.1961634]}, "properties": {"name": "Flock Safety", "vendor": "Flock Safety", "city": null, "operator": null, "direction": "159", "mount": "pole", "zone": "traffic", "source": "https://www.openstreetmap.org/node/14066926502", "packet": null}}, {"type": "Feature", "id": "cam:osm:n14066926503", "geometry": {"type": "Point", "coordinates": [-95.97572, 36.1963787]}, "properties": {"name": "Flock Safety", "vendor": "Flock Safety", "city": null, "operator": null, "direction": "172", "mount": "post", "zone": "traffic", "source": "https://www.openstreetmap.org/node/14066926503", "packet": null}}, {"type": "Feature", "id": "cam:osm:n14068645701", "geometry": {"type": "Point", "coordinates": [-97.3531831, 35.2906057]}, "properties": {"name": "Flock Safety", "vendor": "Flock Safety", "city": null, "operator": null, "direction": "152", "mount": null, "zone": "traffic", "source": "https://www.openstreetmap.org/node/14068645701", "packet": null}}, {"type": "Feature", "id": "cam:osm:n14068661802", "geometry": {"type": "Point", "coordinates": [-97.1435419, 33.7808092]}, "properties": {"name": "OSM node 14068661802", "vendor": "Flock Safety", "city": null, "operator": null, "direction": null, "mount": null, "zone": null, "source": "https://www.openstreetmap.org/node/14068661802", "packet": null}}, {"type": "Feature", "id": "cam:osm:n14069172101", "geometry": {"type": "Point", "coordinates": [-97.2638591, 35.1369758]}, "properties": {"name": "Motorola Solutions", "vendor": "Motorola Solutions", "city": null, "operator": null, "direction": "359", "mount": null, "zone": "traffic", "source": "https://www.openstreetmap.org/node/14069172101", "packet": null}}, {"type": "Feature", "id": "cam:osm:n14069300701", "geometry": {"type": "Point", "coordinates": [-97.1163132, 34.1814295]}, "properties": {"name": "Flock Safety", "vendor": "Flock Safety", "city": null, "operator": null, "direction": "0", "mount": null, "zone": "traffic", "source": "https://www.openstreetmap.org/node/14069300701", "packet": null}}, {"type": "Feature", "id": "cam:osm:n14069302801", "geometry": {"type": "Point", "coordinates": [-97.1213496, 34.1789011]}, "properties": {"name": "Flock Safety", "vendor": "Flock Safety", "city": null, "operator": null, "direction": "0", "mount": null, "zone": "traffic", "source": "https://www.openstreetmap.org/node/14069302801", "packet": null}}, {"type": "Feature", "id": "cam:osm:n14069699901", "geometry": {"type": "Point", "coordinates": [-97.5556413, 35.6073481]}, "properties": {"name": "Flock Safety", "vendor": "Flock Safety", "city": null, "operator": null, "direction": "222", "mount": null, "zone": "traffic", "source": "https://www.openstreetmap.org/node/14069699901", "packet": null}}, {"type": "Feature", "id": "cam:osm:n14069735902", "geometry": {"type": "Point", "coordinates": [-97.7687234, 35.5076394]}, "properties": {"name": "Flock Safety", "vendor": "Flock Safety", "city": null, "operator": null, "direction": "194", "mount": null, "zone": "traffic", "source": "https://www.openstreetmap.org/node/14069735902", "packet": null}}, {"type": "Feature", "id": "cam:osm:n14070581207", "geometry": {"type": "Point", "coordinates": [-95.8961669, 36.0025549]}, "properties": {"name": "Flock Safety", "vendor": "Flock Safety", "city": null, "operator": null, "direction": "188", "mount": null, "zone": "traffic", "source": "https://www.openstreetmap.org/node/14070581207", "packet": null}}, {"type": "Feature", "id": "cam:osm:n14070604182", "geometry": {"type": "Point", "coordinates": [-95.8931566, 36.0026659]}, "properties": {"name": "Flock Safety", "vendor": "Flock Safety", "city": null, "operator": null, "direction": "200", "mount": null, "zone": "traffic", "source": "https://www.openstreetmap.org/node/14070604182", "packet": null}}, {"type": "Feature", "id": "cam:osm:n14071001501", "geometry": {"type": "Point", "coordinates": [-97.4620619, 35.6525944]}, "properties": {"name": "Flock Safety", "vendor": "Flock Safety", "city": null, "operator": null, "direction": "163", "mount": "pole", "zone": "traffic", "source": "https://www.openstreetmap.org/node/14071001501", "packet": null}}, {"type": "Feature", "id": "cam:osm:n14071639001", "geometry": {"type": "Point", "coordinates": [-97.549845, 35.6151617]}, "properties": {"name": "Flock Safety", "vendor": "Flock Safety", "city": null, "operator": null, "direction": "251", "mount": null, "zone": "traffic", "source": "https://www.openstreetmap.org/node/14071639001", "packet": null}}, {"type": "Feature", "id": "cam:osm:n14071666901", "geometry": {"type": "Point", "coordinates": [-94.9760109, 35.8712743]}, "properties": {"name": "Flock Safety", "vendor": "Flock Safety", "city": null, "operator": null, "direction": "0;0;0;316", "mount": null, "zone": "traffic", "source": "https://www.openstreetmap.org/node/14071666901", "packet": null}}, {"type": "Feature", "id": "cam:osm:n14072129501", "geometry": {"type": "Point", "coordinates": [-97.6136481, 35.6089267]}, "properties": {"name": "Flock Safety", "vendor": "Flock Safety", "city": null, "operator": null, "direction": "151", "mount": null, "zone": "traffic", "source": "https://www.openstreetmap.org/node/14072129501", "packet": null}}, {"type": "Feature", "id": "cam:osm:n14073014901", "geometry": {"type": "Point", "coordinates": [-97.4355701, 35.5954562]}, "properties": {"name": "Flock Safety", "vendor": "Flock Safety", "city": null, "operator": null, "direction": "318", "mount": null, "zone": "traffic", "source": "https://www.openstreetmap.org/node/14073014901", "packet": null}}, {"type": "Feature", "id": "cam:osm:n14073401101", "geometry": {"type": "Point", "coordinates": [-97.5499072, 35.6368547]}, "properties": {"name": "Flock Safety", "vendor": "Flock Safety", "city": null, "operator": null, "direction": "13", "mount": null, "zone": "traffic", "source": "https://www.openstreetmap.org/node/14073401101", "packet": null}}, {"type": "Feature", "id": "cam:osm:n14073559901", "geometry": {"type": "Point", "coordinates": [-97.4230228, 35.6676334]}, "properties": {"name": "Flock Safety", "vendor": "Flock Safety", "city": null, "operator": null, "direction": "192", "mount": null, "zone": "traffic", "source": "https://www.openstreetmap.org/node/14073559901", "packet": null}}, {"type": "Feature", "id": "cam:osm:n14074005101", "geometry": {"type": "Point", "coordinates": [-97.5782693, 35.4931355]}, "properties": {"name": "Axon Enterprise", "vendor": "Axon Enterprise", "city": null, "operator": null, "direction": "55", "mount": null, "zone": "traffic", "source": "https://www.openstreetmap.org/node/14074005101", "packet": null}}, {"type": "Feature", "id": "cam:osm:n14074727376", "geometry": {"type": "Point", "coordinates": [-97.5795865, 35.4934076]}, "properties": {"name": "ALPR", "vendor": "Axon Enterprise", "city": null, "operator": null, "direction": "235", "mount": null, "zone": "traffic", "source": "https://www.openstreetmap.org/node/14074727376", "packet": null}}, {"type": "Feature", "id": "cam:osm:n14074925101", "geometry": {"type": "Point", "coordinates": [-97.6010759, 35.5116084]}, "properties": {"name": "Axis Communications", "vendor": "Axis Communications", "city": null, "operator": null, "direction": "335", "mount": null, "zone": "traffic", "source": "https://www.openstreetmap.org/node/14074925101", "packet": null}}, {"type": "Feature", "id": "cam:osm:n14074980001", "geometry": {"type": "Point", "coordinates": [-98.4429825, 34.6207501]}, "properties": {"name": "Flock Safety", "vendor": "Flock Safety", "city": null, "operator": null, "direction": "0", "mount": null, "zone": "traffic", "source": "https://www.openstreetmap.org/node/14074980001", "packet": null}}, {"type": "Feature", "id": "cam:osm:n14075053101", "geometry": {"type": "Point", "coordinates": [-97.5496963, 35.6140062]}, "properties": {"name": "Flock Safety", "vendor": "Flock Safety", "city": null, "operator": null, "direction": "149", "mount": null, "zone": "traffic", "source": "https://www.openstreetmap.org/node/14075053101", "packet": null}}, {"type": "Feature", "id": "cam:osm:n14075714402", "geometry": {"type": "Point", "coordinates": [-95.9639553, 36.1844209]}, "properties": {"name": "Flock Safety", "vendor": "Flock Safety", "city": null, "operator": null, "direction": "134", "mount": null, "zone": "traffic", "source": "https://www.openstreetmap.org/node/14075714402", "packet": null}}, {"type": "Feature", "id": "cam:osm:n14075786101", "geometry": {"type": "Point", "coordinates": [-96.9079343, 35.3409449]}, "properties": {"name": "Flock Safety", "vendor": "Flock Safety", "city": null, "operator": null, "direction": "34", "mount": "street_lamp", "zone": "traffic", "source": "https://www.openstreetmap.org/node/14075786101", "packet": null}}, {"type": "Feature", "id": "cam:osm:n14075949301", "geometry": {"type": "Point", "coordinates": [-95.9151685, 36.0541581]}, "properties": {"name": "Flock Safety", "vendor": "Flock Safety", "city": null, "operator": null, "direction": "247", "mount": null, "zone": "traffic", "source": "https://www.openstreetmap.org/node/14075949301", "packet": null}}, {"type": "Feature", "id": "cam:osm:n14077370701", "geometry": {"type": "Point", "coordinates": [-97.5654713, 35.4351974]}, "properties": {"name": "Flock Safety", "vendor": "Flock Safety", "city": null, "operator": null, "direction": "350", "mount": null, "zone": "traffic", "source": "https://www.openstreetmap.org/node/14077370701", "packet": null}}, {"type": "Feature", "id": "cam:osm:n14077707001", "geometry": {"type": "Point", "coordinates": [-96.1886088, 34.4184383]}, "properties": {"name": "Flock Safety", "vendor": "Flock Safety", "city": null, "operator": null, "direction": "122", "mount": null, "zone": "traffic", "source": "https://www.openstreetmap.org/node/14077707001", "packet": null}}, {"type": "Feature", "id": "cam:osm:n14077707401", "geometry": {"type": "Point", "coordinates": [-96.0498686, 34.4882754]}, "properties": {"name": "Flock Safety", "vendor": "Flock Safety", "city": null, "operator": null, "direction": "149", "mount": null, "zone": "traffic", "source": "https://www.openstreetmap.org/node/14077707401", "packet": null}}, {"type": "Feature", "id": "cam:osm:n14077833902", "geometry": {"type": "Point", "coordinates": [-97.5475919, 35.4933863]}, "properties": {"name": "Axon Enterprise", "vendor": "Axon Enterprise", "city": null, "operator": null, "direction": "334", "mount": null, "zone": "traffic", "source": "https://www.openstreetmap.org/node/14077833902", "packet": null}}, {"type": "Feature", "id": "cam:osm:n14077863702", "geometry": {"type": "Point", "coordinates": [-96.5696991, 36.1804096]}, "properties": {"name": "Flock Safety", "vendor": "Flock Safety", "city": null, "operator": null, "direction": "337;205", "mount": "pole", "zone": "traffic", "source": "https://www.openstreetmap.org/node/14077863702", "packet": null}}, {"type": "Feature", "id": "cam:osm:n14078785004", "geometry": {"type": "Point", "coordinates": [-94.7886026, 36.8202343]}, "properties": {"name": "Flock Safety", "vendor": "Flock Safety", "city": null, "operator": null, "direction": "151", "mount": "pole", "zone": "traffic", "source": "https://www.openstreetmap.org/node/14078785004", "packet": null}}, {"type": "Feature", "id": "cam:osm:n14079014905", "geometry": {"type": "Point", "coordinates": [-95.8777818, 36.1891514]}, "properties": {"name": "Flock Safety", "vendor": "Flock Safety", "city": null, "operator": null, "direction": "60", "mount": null, "zone": "traffic", "source": "https://www.openstreetmap.org/node/14079014905", "packet": null}}, {"type": "Feature", "id": "cam:osm:n14081252401", "geometry": {"type": "Point", "coordinates": [-96.8765699, 35.4444456]}, "properties": {"name": "Flock Safety", "vendor": "Flock Safety", "city": null, "operator": null, "direction": "0;185", "mount": null, "zone": "traffic", "source": "https://www.openstreetmap.org/node/14081252401", "packet": null}}, {"type": "Feature", "id": "cam:osm:n14083659601", "geometry": {"type": "Point", "coordinates": [-97.7436971, 35.551265]}, "properties": {"name": "Flock Safety", "vendor": "Flock Safety", "city": null, "operator": null, "direction": "203", "mount": null, "zone": "traffic", "source": "https://www.openstreetmap.org/node/14083659601", "packet": null}}, {"type": "Feature", "id": "cam:osm:n14084843401", "geometry": {"type": "Point", "coordinates": [-97.4054656, 35.4784511]}, "properties": {"name": "Flock Safety", "vendor": "Flock Safety", "city": null, "operator": null, "direction": "38", "mount": null, "zone": "traffic", "source": "https://www.openstreetmap.org/node/14084843401", "packet": null}}, {"type": "Feature", "id": "cam:osm:n14085651703", "geometry": {"type": "Point", "coordinates": [-96.1499979, 36.1045304]}, "properties": {"name": "Flock Safety", "vendor": "Flock Safety", "city": null, "operator": null, "direction": "180", "mount": null, "zone": "traffic", "source": "https://www.openstreetmap.org/node/14085651703", "packet": null}}, {"type": "Feature", "id": "cam:osm:n14085843504", "geometry": {"type": "Point", "coordinates": [-98.6285636, 35.870623]}, "properties": {"name": "Flock Safety", "vendor": "Flock Safety", "city": null, "operator": null, "direction": "138", "mount": null, "zone": "traffic", "source": "https://www.openstreetmap.org/node/14085843504", "packet": null}}, {"type": "Feature", "id": "cam:osm:n14086068801", "geometry": {"type": "Point", "coordinates": [-97.52702, 35.4641423]}, "properties": {"name": "Axon Enterprise", "vendor": "Axon Enterprise", "city": null, "operator": null, "direction": "98", "mount": null, "zone": "traffic", "source": "https://www.openstreetmap.org/node/14086068801", "packet": null}}, {"type": "Feature", "id": "cam:osm:n14086589201", "geometry": {"type": "Point", "coordinates": [-97.6002456, 35.4564756]}, "properties": {"name": "Flock Safety", "vendor": "Flock Safety", "city": null, "operator": null, "direction": "325", "mount": "pole", "zone": "traffic", "source": "https://www.openstreetmap.org/node/14086589201", "packet": null}}, {"type": "Feature", "id": "cam:osm:n14086589202", "geometry": {"type": "Point", "coordinates": [-97.600545, 35.4561741]}, "properties": {"name": "Flock Safety", "vendor": "Flock Safety", "city": null, "operator": null, "direction": "0-360", "mount": null, "zone": "parking", "source": "https://www.openstreetmap.org/node/14086589202", "packet": null}}, {"type": "Feature", "id": "cam:osm:n14086873301", "geometry": {"type": "Point", "coordinates": [-95.7974663, 36.0320655]}, "properties": {"name": "Axis Communications", "vendor": "Axis Communications", "city": null, "operator": null, "direction": "0", "mount": "pointing on behind traffic light instead of towards intersection", "zone": "traffic", "source": "https://www.openstreetmap.org/node/14086873301", "packet": null}}, {"type": "Feature", "id": "cam:osm:n14086877001", "geometry": {"type": "Point", "coordinates": [-95.7976532, 36.0319433]}, "properties": {"name": "Axis Communications", "vendor": "Axis Communications", "city": null, "operator": null, "direction": "270", "mount": "pointing behind traffic light instead of intersection", "zone": "traffic", "source": "https://www.openstreetmap.org/node/14086877001", "packet": null}}, {"type": "Feature", "id": "cam:osm:n14086881001", "geometry": {"type": "Point", "coordinates": [-95.7973143, 36.0319078]}, "properties": {"name": "Axis Communications", "vendor": "Axis Communications", "city": null, "operator": null, "direction": "90", "mount": "behihd side of traffic light instead of towards intersection", "zone": "traffic", "source": "https://www.openstreetmap.org/node/14086881001", "packet": null}}, {"type": "Feature", "id": "cam:osm:n14086881601", "geometry": {"type": "Point", "coordinates": [-95.7975089, 36.0318215]}, "properties": {"name": "Axis Communications", "vendor": "Axis Communications", "city": null, "operator": null, "direction": "180", "mount": "behind side of traffic light instead of towards intersection", "zone": "traffic", "source": "https://www.openstreetmap.org/node/14086881601", "packet": null}}, {"type": "Feature", "id": "cam:osm:n14088479201", "geometry": {"type": "Point", "coordinates": [-97.1771586, 35.0153649]}, "properties": {"name": "Flock Safety", "vendor": "Flock Safety", "city": null, "operator": null, "direction": "338", "mount": null, "zone": "traffic", "source": "https://www.openstreetmap.org/node/14088479201", "packet": null}}, {"type": "Feature", "id": "cam:osm:n14088500802", "geometry": {"type": "Point", "coordinates": [-97.5692657, 35.5984835]}, "properties": {"name": "Flock Safety", "vendor": "Flock Safety", "city": null, "operator": null, "direction": "17", "mount": null, "zone": "traffic", "source": "https://www.openstreetmap.org/node/14088500802", "packet": null}}, {"type": "Feature", "id": "cam:osm:n14088503601", "geometry": {"type": "Point", "coordinates": [-97.6205004, 35.580025]}, "properties": {"name": "Axis Communications", "vendor": "Axis Communications", "city": null, "operator": null, "direction": "49", "mount": null, "zone": "traffic", "source": "https://www.openstreetmap.org/node/14088503601", "packet": null}}, {"type": "Feature", "id": "cam:osm:n14088513501", "geometry": {"type": "Point", "coordinates": [-97.6122831, 35.5800906]}, "properties": {"name": "Neology, Inc.", "vendor": "Neology, Inc.", "city": null, "operator": null, "direction": "359", "mount": null, "zone": "traffic", "source": "https://www.openstreetmap.org/node/14088513501", "packet": null}}, {"type": "Feature", "id": "cam:osm:n14088542701", "geometry": {"type": "Point", "coordinates": [-95.9689898, 36.1640606]}, "properties": {"name": "Flock Safety", "vendor": "Flock Safety", "city": null, "operator": null, "direction": "68", "mount": "pole", "zone": "traffic", "source": "https://www.openstreetmap.org/node/14088542701", "packet": null}}, {"type": "Feature", "id": "cam:osm:n14088728501", "geometry": {"type": "Point", "coordinates": [-97.7041373, 35.3915656]}, "properties": {"name": "Flock Safety", "vendor": "Flock Safety", "city": null, "operator": null, "direction": "180", "mount": "pole", "zone": "traffic", "source": "https://www.openstreetmap.org/node/14088728501", "packet": null}}, {"type": "Feature", "id": "cam:osm:n14089091301", "geometry": {"type": "Point", "coordinates": [-95.8153447, 36.0317263]}, "properties": {"name": "Flock Safety", "vendor": "Flock Safety", "city": null, "operator": null, "direction": null, "mount": "traffic_signals", "zone": "traffic", "source": "https://www.openstreetmap.org/node/14089091301", "packet": null}}, {"type": "Feature", "id": "cam:osm:n14089738101", "geometry": {"type": "Point", "coordinates": [-97.5824261, 35.3430757]}, "properties": {"name": "Flock Safety", "vendor": "Flock Safety", "city": null, "operator": null, "direction": "284", "mount": "pole", "zone": "traffic", "source": "https://www.openstreetmap.org/node/14089738101", "packet": null}}, {"type": "Feature", "id": "cam:osm:n14089861301", "geometry": {"type": "Point", "coordinates": [-97.5301388, 35.4352878]}, "properties": {"name": "Axis Communications", "vendor": "Axis Communications", "city": null, "operator": null, "direction": "344", "mount": null, "zone": "traffic", "source": "https://www.openstreetmap.org/node/14089861301", "packet": null}}, {"type": "Feature", "id": "cam:osm:n14090068601", "geometry": {"type": "Point", "coordinates": [-94.8733131, 36.8711716]}, "properties": {"name": "Flock Safety", "vendor": "Flock Safety", "city": null, "operator": null, "direction": "225;328", "mount": "pole", "zone": "traffic", "source": "https://www.openstreetmap.org/node/14090068601", "packet": null}}, {"type": "Feature", "id": "cam:osm:n14090424701", "geometry": {"type": "Point", "coordinates": [-97.5657549, 35.4276898]}, "properties": {"name": "Motorola Solutions", "vendor": "Motorola Solutions", "city": null, "operator": null, "direction": "155", "mount": "pole", "zone": "traffic", "source": "https://www.openstreetmap.org/node/14090424701", "packet": null}}, {"type": "Feature", "id": "cam:osm:n14090707202", "geometry": {"type": "Point", "coordinates": [-96.7766028, 34.0998274]}, "properties": {"name": "Flock Safety", "vendor": "Flock Safety", "city": null, "operator": null, "direction": "0", "mount": null, "zone": "traffic", "source": "https://www.openstreetmap.org/node/14090707202", "packet": null}}, {"type": "Feature", "id": "cam:osm:n14090708601", "geometry": {"type": "Point", "coordinates": [-96.3932631, 35.0874634]}, "properties": {"name": "Flock Safety", "vendor": "Flock Safety", "city": null, "operator": null, "direction": "271", "mount": null, "zone": "traffic", "source": "https://www.openstreetmap.org/node/14090708601", "packet": null}}, {"type": "Feature", "id": "cam:osm:n14093436401", "geometry": {"type": "Point", "coordinates": [-97.5658189, 35.4785435]}, "properties": {"name": "Axon Enterprise", "vendor": "Axon Enterprise", "city": null, "operator": null, "direction": "166", "mount": null, "zone": "traffic", "source": "https://www.openstreetmap.org/node/14093436401", "packet": null}}, {"type": "Feature", "id": "cam:osm:n14094388701", "geometry": {"type": "Point", "coordinates": [-97.5475623, 35.4819304]}, "properties": {"name": "Axon Enterprise", "vendor": "Axon Enterprise", "city": null, "operator": null, "direction": "341", "mount": null, "zone": "traffic", "source": "https://www.openstreetmap.org/node/14094388701", "packet": null}}, {"type": "Feature", "id": "cam:osm:n14094388702", "geometry": {"type": "Point", "coordinates": [-97.565824, 35.5109556]}, "properties": {"name": "Axon Enterprise", "vendor": "Axon Enterprise", "city": null, "operator": null, "direction": "155", "mount": null, "zone": "traffic", "source": "https://www.openstreetmap.org/node/14094388702", "packet": null}}, {"type": "Feature", "id": "cam:osm:n14094393703", "geometry": {"type": "Point", "coordinates": [-97.565494, 35.5118115]}, "properties": {"name": "Axon Enterprise", "vendor": "Axon Enterprise", "city": null, "operator": null, "direction": "331", "mount": null, "zone": "traffic", "source": "https://www.openstreetmap.org/node/14094393703", "packet": null}}, {"type": "Feature", "id": "cam:osm:n14094427801", "geometry": {"type": "Point", "coordinates": [-97.5704918, 35.4282627]}, "properties": {"name": "Motorola Solutions", "vendor": "Motorola Solutions", "city": null, "operator": null, "direction": "44;290", "mount": null, "zone": "traffic", "source": "https://www.openstreetmap.org/node/14094427801", "packet": null}}, {"type": "Feature", "id": "cam:osm:n14095867102", "geometry": {"type": "Point", "coordinates": [-97.5673409, 35.6084213]}, "properties": {"name": "Axon Enterprise", "vendor": "Axon Enterprise", "city": null, "operator": null, "direction": "139", "mount": null, "zone": "traffic", "source": "https://www.openstreetmap.org/node/14095867102", "packet": null}}, {"type": "Feature", "id": "cam:osm:n14095868201", "geometry": {"type": "Point", "coordinates": [-97.5839063, 35.594503]}, "properties": {"name": "Axon Enterprise", "vendor": "Axon Enterprise", "city": null, "operator": null, "direction": "60", "mount": null, "zone": "traffic", "source": "https://www.openstreetmap.org/node/14095868201", "packet": null}}, {"type": "Feature", "id": "cam:osm:n14098036802", "geometry": {"type": "Point", "coordinates": [-95.8564085, 36.1188698]}, "properties": {"name": "Flock Safety", "vendor": "Flock Safety", "city": null, "operator": null, "direction": "79", "mount": null, "zone": "traffic", "source": "https://www.openstreetmap.org/node/14098036802", "packet": null}}, {"type": "Feature", "id": "cam:osm:n14098038201", "geometry": {"type": "Point", "coordinates": [-95.8564085, 36.1188698]}, "properties": {"name": "Flock Safety", "vendor": "Flock Safety", "city": null, "operator": null, "direction": "80", "mount": null, "zone": "traffic", "source": "https://www.openstreetmap.org/node/14098038201", "packet": null}}, {"type": "Feature", "id": "cam:osm:n14098046101", "geometry": {"type": "Point", "coordinates": [-95.8463512, 36.1044412]}, "properties": {"name": "Flock Safety", "vendor": "Flock Safety", "city": null, "operator": null, "direction": "83", "mount": null, "zone": "traffic", "source": "https://www.openstreetmap.org/node/14098046101", "packet": null}}, {"type": "Feature", "id": "cam:osm:n14098996801", "geometry": {"type": "Point", "coordinates": [-97.4235236, 35.4498205]}, "properties": {"name": "Flock Safety", "vendor": "Flock Safety", "city": null, "operator": null, "direction": "245;205;135", "mount": "traffic_signals", "zone": "traffic", "source": "https://www.openstreetmap.org/node/14098996801", "packet": null}}, {"type": "Feature", "id": "cam:osm:n14099299001", "geometry": {"type": "Point", "coordinates": [-97.4361491, 35.6528798]}, "properties": {"name": "Flock Safety", "vendor": "Flock Safety", "city": null, "operator": null, "direction": "225", "mount": "pole", "zone": "traffic", "source": "https://www.openstreetmap.org/node/14099299001", "packet": null}}, {"type": "Feature", "id": "cam:osm:n14099440601", "geometry": {"type": "Point", "coordinates": [-97.5513009, 35.6136263]}, "properties": {"name": "The Home Depot", "vendor": "Flock Safety", "city": null, "operator": "The Home Depot", "direction": "329", "mount": "pole", "zone": "traffic", "source": "https://www.openstreetmap.org/node/14099440601", "packet": null}}, {"type": "Feature", "id": "cam:osm:n14099513101", "geometry": {"type": "Point", "coordinates": [-97.5526021, 35.6137416]}, "properties": {"name": "The Home Depot", "vendor": "Flock Safety", "city": null, "operator": "The Home Depot", "direction": "21", "mount": "pole", "zone": "traffic", "source": "https://www.openstreetmap.org/node/14099513101", "packet": null}}, {"type": "Feature", "id": "cam:osm:n14099704803", "geometry": {"type": "Point", "coordinates": [-97.4169489, 35.4402921]}, "properties": {"name": "Flock Safety", "vendor": "Flock Safety", "city": null, "operator": null, "direction": "107", "mount": null, "zone": "traffic", "source": "https://www.openstreetmap.org/node/14099704803", "packet": null}}, {"type": "Feature", "id": "cam:osm:n14100132002", "geometry": {"type": "Point", "coordinates": [-97.7771016, 35.2765695]}, "properties": {"name": "Iteris", "vendor": "Iteris", "city": null, "operator": null, "direction": "147", "mount": "pole", "zone": "traffic", "source": "https://www.openstreetmap.org/node/14100132002", "packet": null}}, {"type": "Feature", "id": "cam:osm:n14100311001", "geometry": {"type": "Point", "coordinates": [-97.623318, 35.4602069]}, "properties": {"name": "Flock Safety", "vendor": "Flock Safety", "city": null, "operator": null, "direction": "338-23", "mount": null, "zone": "traffic", "source": "https://www.openstreetmap.org/node/14100311001", "packet": null}}, {"type": "Feature", "id": "cam:osm:n14100443101", "geometry": {"type": "Point", "coordinates": [-97.6959903, 35.2611014]}, "properties": {"name": "OSM node 14100443101", "vendor": "Flock Safety", "city": null, "operator": null, "direction": null, "mount": null, "zone": null, "source": "https://www.openstreetmap.org/node/14100443101", "packet": null}}, {"type": "Feature", "id": "cam:osm:n14100959401", "geometry": {"type": "Point", "coordinates": [-95.9044792, 36.1176884]}, "properties": {"name": "Flock Safety", "vendor": "Flock Safety", "city": null, "operator": null, "direction": "181", "mount": null, "zone": "traffic", "source": "https://www.openstreetmap.org/node/14100959401", "packet": null}}, {"type": "Feature", "id": "cam:osm:n14101154203", "geometry": {"type": "Point", "coordinates": [-97.5046038, 35.6196027]}, "properties": {"name": "Flock Safety", "vendor": "Flock Safety", "city": null, "operator": null, "direction": "56", "mount": null, "zone": "traffic", "source": "https://www.openstreetmap.org/node/14101154203", "packet": null}}, {"type": "Feature", "id": "cam:osm:n14101157201", "geometry": {"type": "Point", "coordinates": [-97.5045618, 35.619709]}, "properties": {"name": "Flock Safety", "vendor": "Flock Safety", "city": null, "operator": null, "direction": "238", "mount": null, "zone": "traffic", "source": "https://www.openstreetmap.org/node/14101157201", "packet": null}}, {"type": "Feature", "id": "cam:osm:n14101910801", "geometry": {"type": "Point", "coordinates": [-95.9914614, 36.2349229]}, "properties": {"name": "Flock Safety", "vendor": "Flock Safety", "city": null, "operator": null, "direction": "70", "mount": null, "zone": "traffic", "source": "https://www.openstreetmap.org/node/14101910801", "packet": null}}, {"type": "Feature", "id": "cam:osm:n14101915053", "geometry": {"type": "Point", "coordinates": [-96.2866361, 36.2060942]}, "properties": {"name": "Flock Safety", "vendor": "Flock Safety", "city": null, "operator": null, "direction": "285", "mount": "pole", "zone": "traffic", "source": "https://www.openstreetmap.org/node/14101915053", "packet": null}}, {"type": "Feature", "id": "cam:osm:n14102996601", "geometry": {"type": "Point", "coordinates": [-97.4463101, 35.1811808]}, "properties": {"name": "Flock Safety", "vendor": "Flock Safety", "city": null, "operator": null, "direction": "59", "mount": null, "zone": "traffic", "source": "https://www.openstreetmap.org/node/14102996601", "packet": null}}, {"type": "Feature", "id": "cam:osm:n14103246602", "geometry": {"type": "Point", "coordinates": [-96.5487987, 34.2405494]}, "properties": {"name": "Flock Safety", "vendor": "Flock Safety", "city": null, "operator": null, "direction": "240", "mount": null, "zone": "traffic", "source": "https://www.openstreetmap.org/node/14103246602", "packet": null}}, {"type": "Feature", "id": "cam:osm:n14103719102", "geometry": {"type": "Point", "coordinates": [-97.0678342, 36.4785006]}, "properties": {"name": "Flock Safety", "vendor": "Flock Safety", "city": null, "operator": null, "direction": "334", "mount": null, "zone": "traffic", "source": "https://www.openstreetmap.org/node/14103719102", "packet": null}}, {"type": "Feature", "id": "cam:osm:n14103723901", "geometry": {"type": "Point", "coordinates": [-97.073789, 36.4912466]}, "properties": {"name": "Flock Safety", "vendor": "Flock Safety", "city": null, "operator": null, "direction": "143", "mount": null, "zone": "traffic", "source": "https://www.openstreetmap.org/node/14103723901", "packet": null}}, {"type": "Feature", "id": "cam:osm:n14104236702", "geometry": {"type": "Point", "coordinates": [-97.116074, 34.1786599]}, "properties": {"name": "Flock Safety", "vendor": "Flock Safety", "city": null, "operator": null, "direction": "0", "mount": null, "zone": "traffic", "source": "https://www.openstreetmap.org/node/14104236702", "packet": null}}, {"type": "Feature", "id": "cam:osm:n14104269001", "geometry": {"type": "Point", "coordinates": [-96.0115725, 36.0822336]}, "properties": {"name": "Flock Safety", "vendor": "Flock Safety", "city": null, "operator": null, "direction": "0", "mount": "pole", "zone": "traffic", "source": "https://www.openstreetmap.org/node/14104269001", "packet": null}}, {"type": "Feature", "id": "cam:osm:n14104271101", "geometry": {"type": "Point", "coordinates": [-96.0114211, 36.090036]}, "properties": {"name": "Flock Safety", "vendor": "Flock Safety", "city": null, "operator": null, "direction": "341", "mount": null, "zone": "traffic", "source": "https://www.openstreetmap.org/node/14104271101", "packet": null}}, {"type": "Feature", "id": "cam:osm:n14104379704", "geometry": {"type": "Point", "coordinates": [-95.7440245, 34.9148857]}, "properties": {"name": "Lowe's", "vendor": "Flock Safety", "city": null, "operator": "Lowe's", "direction": "353", "mount": "pole", "zone": "traffic", "source": "https://www.openstreetmap.org/node/14104379704", "packet": null}}, {"type": "Feature", "id": "cam:osm:n14104475742", "geometry": {"type": "Point", "coordinates": [-97.6665437, 35.1247664]}, "properties": {"name": "OSM node 14104475742", "vendor": null, "city": null, "operator": null, "direction": null, "mount": null, "zone": "street", "source": "https://www.openstreetmap.org/node/14104475742", "packet": null}}, {"type": "Feature", "id": "cam:osm:n14104578701", "geometry": {"type": "Point", "coordinates": [-95.8152489, 35.9957549]}, "properties": {"name": "Axis Communications", "vendor": "Axis Communications", "city": null, "operator": null, "direction": "0", "mount": null, "zone": "traffic", "source": "https://www.openstreetmap.org/node/14104578701", "packet": null}}, {"type": "Feature", "id": "cam:osm:n14104579001", "geometry": {"type": "Point", "coordinates": [-95.8152734, 35.9954546]}, "properties": {"name": "Axis Communications", "vendor": "Axis Communications", "city": null, "operator": null, "direction": "173", "mount": null, "zone": "traffic", "source": "https://www.openstreetmap.org/node/14104579001", "packet": null}}, {"type": "Feature", "id": "cam:osm:n14105310201", "geometry": {"type": "Point", "coordinates": [-95.7616262, 36.0611794]}, "properties": {"name": "Axis Communications", "vendor": "Axis Communications", "city": null, "operator": null, "direction": "0", "mount": null, "zone": "traffic", "source": "https://www.openstreetmap.org/node/14105310201", "packet": null}}, {"type": "Feature", "id": "cam:osm:n14105312701", "geometry": {"type": "Point", "coordinates": [-95.7614794, 36.0609301]}, "properties": {"name": "Axis Communications", "vendor": "Axis Communications", "city": null, "operator": null, "direction": "68", "mount": null, "zone": "traffic", "source": "https://www.openstreetmap.org/node/14105312701", "packet": null}}, {"type": "Feature", "id": "cam:osm:n14105325701", "geometry": {"type": "Point", "coordinates": [-95.7617221, 36.0607893]}, "properties": {"name": "Axis Communications", "vendor": "Axis Communications", "city": null, "operator": null, "direction": "168", "mount": null, "zone": "traffic", "source": "https://www.openstreetmap.org/node/14105325701", "packet": null}}, {"type": "Feature", "id": "cam:osm:n14105325702", "geometry": {"type": "Point", "coordinates": [-95.7973688, 36.0611451]}, "properties": {"name": "Axis Communications", "vendor": "Axis Communications", "city": null, "operator": null, "direction": "352", "mount": null, "zone": "traffic", "source": "https://www.openstreetmap.org/node/14105325702", "packet": null}}, {"type": "Feature", "id": "cam:osm:n14105325801", "geometry": {"type": "Point", "coordinates": [-95.7619378, 36.0609947]}, "properties": {"name": "Axis Communications", "vendor": "Axis Communications", "city": null, "operator": null, "direction": "260", "mount": null, "zone": "traffic", "source": "https://www.openstreetmap.org/node/14105325801", "packet": null}}, {"type": "Feature", "id": "cam:osm:n14105329401", "geometry": {"type": "Point", "coordinates": [-95.7977247, 36.0610358]}, "properties": {"name": "Axis Communications", "vendor": "Axis Communications", "city": null, "operator": null, "direction": "252", "mount": null, "zone": "traffic", "source": "https://www.openstreetmap.org/node/14105329401", "packet": null}}, {"type": "Feature", "id": "cam:osm:n14105329402", "geometry": {"type": "Point", "coordinates": [-95.7975415, 36.0608073]}, "properties": {"name": "Axis Communications", "vendor": "Axis Communications", "city": null, "operator": null, "direction": "169", "mount": null, "zone": "traffic", "source": "https://www.openstreetmap.org/node/14105329402", "packet": null}}, {"type": "Feature", "id": "cam:osm:n14105330701", "geometry": {"type": "Point", "coordinates": [-95.7971808, 36.0608921]}, "properties": {"name": "Axis Communications", "vendor": "Axis Communications", "city": null, "operator": null, "direction": "81", "mount": null, "zone": "traffic", "source": "https://www.openstreetmap.org/node/14105330701", "packet": null}}, {"type": "Feature", "id": "cam:osm:n14105357701", "geometry": {"type": "Point", "coordinates": [-95.3269875, 36.2495043]}, "properties": {"name": "Flock Safety", "vendor": "Flock Safety", "city": null, "operator": null, "direction": "112", "mount": null, "zone": "traffic", "source": "https://www.openstreetmap.org/node/14105357701", "packet": null}}, {"type": "Feature", "id": "cam:osm:n14105393902", "geometry": {"type": "Point", "coordinates": [-97.5677285, 35.5850251]}, "properties": {"name": "Flock Safety", "vendor": "Flock Safety", "city": null, "operator": null, "direction": "238", "mount": null, "zone": "traffic", "source": "https://www.openstreetmap.org/node/14105393902", "packet": null}}, {"type": "Feature", "id": "cam:osm:n14105394102", "geometry": {"type": "Point", "coordinates": [-97.5865802, 35.5948485]}, "properties": {"name": "Flock Safety", "vendor": "Flock Safety", "city": null, "operator": null, "direction": "236", "mount": null, "zone": "traffic", "source": "https://www.openstreetmap.org/node/14105394102", "packet": null}}, {"type": "Feature", "id": "cam:osm:n14105394103", "geometry": {"type": "Point", "coordinates": [-97.5677358, 35.5925696]}, "properties": {"name": "Flock Safety", "vendor": "Flock Safety", "city": null, "operator": null, "direction": "248", "mount": null, "zone": "traffic", "source": "https://www.openstreetmap.org/node/14105394103", "packet": null}}, {"type": "Feature", "id": "cam:osm:n14105394201", "geometry": {"type": "Point", "coordinates": [-97.599941, 35.4060794]}, "properties": {"name": "Flock Safety", "vendor": "Flock Safety", "city": null, "operator": null, "direction": "139", "mount": null, "zone": "traffic", "source": "https://www.openstreetmap.org/node/14105394201", "packet": null}}, {"type": "Feature", "id": "cam:osm:n14106006907", "geometry": {"type": "Point", "coordinates": [-97.4590182, 35.4496828]}, "properties": {"name": "Flock Safety", "vendor": "Flock Safety", "city": null, "operator": null, "direction": "70", "mount": null, "zone": "traffic", "source": "https://www.openstreetmap.org/node/14106006907", "packet": null}}, {"type": "Feature", "id": "cam:osm:n14106456801", "geometry": {"type": "Point", "coordinates": [-97.4894053, 35.4760888]}, "properties": {"name": "Flock Safety", "vendor": "Flock Safety", "city": null, "operator": null, "direction": "325", "mount": null, "zone": "traffic", "source": "https://www.openstreetmap.org/node/14106456801", "packet": null}}, {"type": "Feature", "id": "cam:osm:n14106461403", "geometry": {"type": "Point", "coordinates": [-95.7257135, 36.0149829]}, "properties": {"name": "Flock Safety", "vendor": "Flock Safety", "city": null, "operator": null, "direction": "78", "mount": "pole", "zone": "traffic", "source": "https://www.openstreetmap.org/node/14106461403", "packet": null}}, {"type": "Feature", "id": "cam:osm:n14106461404", "geometry": {"type": "Point", "coordinates": [-95.7257518, 36.0088015]}, "properties": {"name": "Flock Safety", "vendor": "Flock Safety", "city": null, "operator": null, "direction": "64", "mount": null, "zone": "traffic", "source": "https://www.openstreetmap.org/node/14106461404", "packet": null}}, {"type": "Feature", "id": "cam:osm:n14106468001", "geometry": {"type": "Point", "coordinates": [-95.967252, 35.9739552]}, "properties": {"name": "Flock Safety", "vendor": "Flock Safety", "city": null, "operator": null, "direction": "0", "mount": null, "zone": "traffic", "source": "https://www.openstreetmap.org/node/14106468001", "packet": null}}, {"type": "Feature", "id": "cam:osm:n14107562901", "geometry": {"type": "Point", "coordinates": [-96.0006874, 36.1916524]}, "properties": {"name": "Flock Safety", "vendor": "Flock Safety", "city": null, "operator": null, "direction": "51", "mount": null, "zone": "traffic", "source": "https://www.openstreetmap.org/node/14107562901", "packet": null}}, {"type": "Feature", "id": "cam:osm:n14108369902", "geometry": {"type": "Point", "coordinates": [-97.5432947, 35.7112213]}, "properties": {"name": "Flock Safety", "vendor": "Flock Safety", "city": null, "operator": null, "direction": "129", "mount": null, "zone": "traffic", "source": "https://www.openstreetmap.org/node/14108369902", "packet": null}}, {"type": "Feature", "id": "cam:osm:n14108376901", "geometry": {"type": "Point", "coordinates": [-97.5433435, 35.7112237]}, "properties": {"name": "Flock Safety", "vendor": "Flock Safety", "city": null, "operator": null, "direction": "235", "mount": null, "zone": "traffic", "source": "https://www.openstreetmap.org/node/14108376901", "packet": null}}, {"type": "Feature", "id": "cam:osm:n14108511201", "geometry": {"type": "Point", "coordinates": [-97.5301335, 35.4208787]}, "properties": {"name": "Flock Safety", "vendor": "Flock Safety", "city": null, "operator": null, "direction": "337", "mount": null, "zone": "traffic", "source": "https://www.openstreetmap.org/node/14108511201", "packet": null}}, {"type": "Feature", "id": "cam:osm:n14108518501", "geometry": {"type": "Point", "coordinates": [-97.5303356, 35.4206539]}, "properties": {"name": "Flock Safety", "vendor": "Flock Safety", "city": null, "operator": null, "direction": "156", "mount": null, "zone": "traffic", "source": "https://www.openstreetmap.org/node/14108518501", "packet": null}}, {"type": "Feature", "id": "cam:osm:n14108926702", "geometry": {"type": "Point", "coordinates": [-100.5197137, 36.8194571]}, "properties": {"name": "Flock Safety", "vendor": "Flock Safety", "city": null, "operator": null, "direction": "158", "mount": null, "zone": "traffic", "source": "https://www.openstreetmap.org/node/14108926702", "packet": null}}, {"type": "Feature", "id": "cam:osm:n14108971302", "geometry": {"type": "Point", "coordinates": [-97.5492452, 35.7147704]}, "properties": {"name": "Flock Safety", "vendor": "Flock Safety", "city": null, "operator": null, "direction": "304", "mount": null, "zone": "traffic", "source": "https://www.openstreetmap.org/node/14108971302", "packet": null}}, {"type": "Feature", "id": "cam:osm:n14108973101", "geometry": {"type": "Point", "coordinates": [-97.549174, 35.7147622]}, "properties": {"name": "Flock Safety", "vendor": "Flock Safety", "city": null, "operator": null, "direction": "79", "mount": null, "zone": "traffic", "source": "https://www.openstreetmap.org/node/14108973101", "packet": null}}, {"type": "Feature", "id": "cam:osm:n14109865801", "geometry": {"type": "Point", "coordinates": [-95.7617099, 36.0754751]}, "properties": {"name": "Rekor", "vendor": "Rekor", "city": null, "operator": null, "direction": "268", "mount": "traffic_signals", "zone": "traffic", "source": "https://www.openstreetmap.org/node/14109865801", "packet": null}}, {"type": "Feature", "id": "cam:osm:n14109865802", "geometry": {"type": "Point", "coordinates": [-95.7616848, 36.0754929]}, "properties": {"name": "Rekor", "vendor": "Rekor", "city": null, "operator": null, "direction": "0", "mount": "traffic_signals", "zone": "traffic", "source": "https://www.openstreetmap.org/node/14109865802", "packet": null}}, {"type": "Feature", "id": "cam:osm:n14109865803", "geometry": {"type": "Point", "coordinates": [-95.7616277, 36.0754644]}, "properties": {"name": "Rekor", "vendor": "Rekor", "city": null, "operator": null, "direction": "87", "mount": null, "zone": "traffic", "source": "https://www.openstreetmap.org/node/14109865803", "packet": null}}, {"type": "Feature", "id": "cam:osm:n14109865804", "geometry": {"type": "Point", "coordinates": [-95.761677, 36.0754273]}, "properties": {"name": "Rekor", "vendor": "Rekor", "city": null, "operator": null, "direction": "184", "mount": "traffic_signals", "zone": "traffic", "source": "https://www.openstreetmap.org/node/14109865804", "packet": null}}, {"type": "Feature", "id": "cam:osm:n14110182002", "geometry": {"type": "Point", "coordinates": [-96.9299991, 35.3854142]}, "properties": {"name": "Flock Safety", "vendor": "Flock Safety", "city": null, "operator": null, "direction": "103", "mount": null, "zone": "traffic", "source": "https://www.openstreetmap.org/node/14110182002", "packet": null}}, {"type": "Feature", "id": "cam:osm:n14110183101", "geometry": {"type": "Point", "coordinates": [-96.9210249, 35.3863425]}, "properties": {"name": "Flock Safety", "vendor": "Flock Safety", "city": null, "operator": null, "direction": "108;174;247", "mount": null, "zone": "traffic", "source": "https://www.openstreetmap.org/node/14110183101", "packet": null}}, {"type": "Feature", "id": "cam:osm:n14110186702", "geometry": {"type": "Point", "coordinates": [-96.9296708, 35.3855514]}, "properties": {"name": "Flock Safety", "vendor": "Flock Safety", "city": null, "operator": null, "direction": "181", "mount": null, "zone": "traffic", "source": "https://www.openstreetmap.org/node/14110186702", "packet": null}}, {"type": "Feature", "id": "cam:osm:n14110186901", "geometry": {"type": "Point", "coordinates": [-96.9298263, 35.3827591]}, "properties": {"name": "Flock Safety", "vendor": "Flock Safety", "city": null, "operator": null, "direction": "0", "mount": null, "zone": "traffic", "source": "https://www.openstreetmap.org/node/14110186901", "packet": null}}, {"type": "Feature", "id": "cam:osm:n14110188501", "geometry": {"type": "Point", "coordinates": [-96.9296531, 35.383169]}, "properties": {"name": "Flock Safety", "vendor": "Flock Safety", "city": null, "operator": null, "direction": "181", "mount": null, "zone": "traffic", "source": "https://www.openstreetmap.org/node/14110188501", "packet": null}}, {"type": "Feature", "id": "cam:osm:n14110188502", "geometry": {"type": "Point", "coordinates": [-96.9299085, 35.382973]}, "properties": {"name": "Flock Safety", "vendor": "Flock Safety", "city": null, "operator": null, "direction": "99", "mount": null, "zone": "traffic", "source": "https://www.openstreetmap.org/node/14110188502", "packet": null}}, {"type": "Feature", "id": "cam:osm:n14110191202", "geometry": {"type": "Point", "coordinates": [-96.9119787, 35.3848247]}, "properties": {"name": "Flock Safety", "vendor": "Flock Safety", "city": null, "operator": null, "direction": "179", "mount": null, "zone": "traffic", "source": "https://www.openstreetmap.org/node/14110191202", "packet": null}}, {"type": "Feature", "id": "cam:osm:n14110191203", "geometry": {"type": "Point", "coordinates": [-96.9123326, 35.3847264]}, "properties": {"name": "Flock Safety", "vendor": "Flock Safety", "city": null, "operator": null, "direction": "98", "mount": null, "zone": "traffic", "source": "https://www.openstreetmap.org/node/14110191203", "packet": null}}, {"type": "Feature", "id": "cam:osm:n14110191301", "geometry": {"type": "Point", "coordinates": [-96.9297848, 35.3852582]}, "properties": {"name": "Flock Safety", "vendor": "Flock Safety", "city": null, "operator": null, "direction": "0", "mount": null, "zone": "traffic", "source": "https://www.openstreetmap.org/node/14110191301", "packet": null}}, {"type": "Feature", "id": "cam:osm:n14110191302", "geometry": {"type": "Point", "coordinates": [-96.9121949, 35.3845659]}, "properties": {"name": "Flock Safety", "vendor": "Flock Safety", "city": null, "operator": null, "direction": "3", "mount": null, "zone": "traffic", "source": "https://www.openstreetmap.org/node/14110191302", "packet": null}}, {"type": "Feature", "id": "cam:osm:n14110191303", "geometry": {"type": "Point", "coordinates": [-96.9121933, 35.3829132]}, "properties": {"name": "Flock Safety", "vendor": "Flock Safety", "city": null, "operator": null, "direction": "0", "mount": null, "zone": "traffic", "source": "https://www.openstreetmap.org/node/14110191303", "packet": null}}, {"type": "Feature", "id": "cam:osm:n14110191304", "geometry": {"type": "Point", "coordinates": [-96.9119714, 35.3831646]}, "properties": {"name": "Flock Safety", "vendor": "Flock Safety", "city": null, "operator": null, "direction": "177", "mount": null, "zone": "traffic", "source": "https://www.openstreetmap.org/node/14110191304", "packet": null}}, {"type": "Feature", "id": "cam:osm:n14110192001", "geometry": {"type": "Point", "coordinates": [-96.9118422, 35.3846753]}, "properties": {"name": "Flock Safety", "vendor": "Flock Safety", "city": null, "operator": null, "direction": "265", "mount": null, "zone": "traffic", "source": "https://www.openstreetmap.org/node/14110192001", "packet": null}}, {"type": "Feature", "id": "cam:osm:n14110192002", "geometry": {"type": "Point", "coordinates": [-96.929492, 35.3829506]}, "properties": {"name": "Flock Safety", "vendor": "Flock Safety", "city": null, "operator": null, "direction": "263", "mount": null, "zone": "traffic", "source": "https://www.openstreetmap.org/node/14110192002", "packet": null}}, {"type": "Feature", "id": "cam:osm:n14110208746", "geometry": {"type": "Point", "coordinates": [-96.9118432, 35.383082]}, "properties": {"name": "Flock Safety", "vendor": "Flock Safety", "city": null, "operator": null, "direction": "254", "mount": null, "zone": "traffic", "source": "https://www.openstreetmap.org/node/14110208746", "packet": null}}, {"type": "Feature", "id": "cam:osm:n14110774202", "geometry": {"type": "Point", "coordinates": [-97.3645354, 35.3887865]}, "properties": {"name": "Flock Safety", "vendor": "Flock Safety", "city": null, "operator": null, "direction": "256", "mount": null, "zone": "traffic", "source": "https://www.openstreetmap.org/node/14110774202", "packet": null}}, {"type": "Feature", "id": "cam:osm:n14111444601", "geometry": {"type": "Point", "coordinates": [-95.8150365, 35.9955937]}, "properties": {"name": "Flock Safety", "vendor": "Flock Safety", "city": null, "operator": null, "direction": "87", "mount": "traffic_signals", "zone": "traffic", "source": "https://www.openstreetmap.org/node/14111444601", "packet": null}}, {"type": "Feature", "id": "cam:osm:n14111450501", "geometry": {"type": "Point", "coordinates": [-95.8154786, 35.9956054]}, "properties": {"name": "Flock Safety", "vendor": "Flock Safety", "city": null, "operator": null, "direction": "266", "mount": "traffic_signals", "zone": "traffic", "source": "https://www.openstreetmap.org/node/14111450501", "packet": null}}, {"type": "Feature", "id": "cam:osm:n14111483501", "geometry": {"type": "Point", "coordinates": [-97.5060325, 35.3924395]}, "properties": {"name": "Flock Safety", "vendor": "Flock Safety", "city": null, "operator": null, "direction": "0", "mount": null, "zone": "traffic", "source": "https://www.openstreetmap.org/node/14111483501", "packet": null}}, {"type": "Feature", "id": "cam:osm:n14111486801", "geometry": {"type": "Point", "coordinates": [-97.5068198, 35.3930633]}, "properties": {"name": "Flock Safety", "vendor": "Flock Safety", "city": null, "operator": null, "direction": "94", "mount": null, "zone": "traffic", "source": "https://www.openstreetmap.org/node/14111486801", "packet": null}}, {"type": "Feature", "id": "cam:osm:n14111488602", "geometry": {"type": "Point", "coordinates": [-97.5068198, 35.3930633]}, "properties": {"name": "Flock Safety", "vendor": "Flock Safety", "city": null, "operator": null, "direction": "94", "mount": null, "zone": "traffic", "source": "https://www.openstreetmap.org/node/14111488602", "packet": null}}, {"type": "Feature", "id": "cam:osm:n14113967901", "geometry": {"type": "Point", "coordinates": [-97.5386727, 35.5217992]}, "properties": {"name": "Axon Enterprise", "vendor": "Axon Enterprise", "city": null, "operator": null, "direction": "55", "mount": null, "zone": "traffic", "source": "https://www.openstreetmap.org/node/14113967901", "packet": null}}, {"type": "Feature", "id": "cam:osm:n14115333801", "geometry": {"type": "Point", "coordinates": [-97.5069881, 35.3936146]}, "properties": {"name": "Flock Safety", "vendor": "Flock Safety", "city": null, "operator": null, "direction": "57", "mount": null, "zone": "traffic", "source": "https://www.openstreetmap.org/node/14115333801", "packet": null}}, {"type": "Feature", "id": "cam:osm:n14115334501", "geometry": {"type": "Point", "coordinates": [-97.5070747, 35.3940274]}, "properties": {"name": "Flock Safety", "vendor": "Flock Safety", "city": null, "operator": null, "direction": "71", "mount": null, "zone": "traffic", "source": "https://www.openstreetmap.org/node/14115334501", "packet": null}}, {"type": "Feature", "id": "cam:osm:n14115334901", "geometry": {"type": "Point", "coordinates": [-97.5737323, 35.477639]}, "properties": {"name": "Motorola Solutions", "vendor": "Motorola Solutions", "city": null, "operator": null, "direction": "0", "mount": null, "zone": "traffic", "source": "https://www.openstreetmap.org/node/14115334901", "packet": null}}, {"type": "Feature", "id": "cam:osm:n14115357001", "geometry": {"type": "Point", "coordinates": [-97.5671478, 35.469639]}, "properties": {"name": "Motorola Solutions", "vendor": "Motorola Solutions", "city": null, "operator": null, "direction": "235;214", "mount": null, "zone": "traffic", "source": "https://www.openstreetmap.org/node/14115357001", "packet": null}}, {"type": "Feature", "id": "cam:osm:n14115763601", "geometry": {"type": "Point", "coordinates": [-96.4245772, 34.3749274]}, "properties": {"name": "Flock Safety", "vendor": "Flock Safety", "city": null, "operator": null, "direction": "150", "mount": null, "zone": "traffic", "source": "https://www.openstreetmap.org/node/14115763601", "packet": null}}, {"type": "Feature", "id": "cam:osm:n14116175410", "geometry": {"type": "Point", "coordinates": [-97.6190456, 35.4787589]}, "properties": {"name": "Flock Safety", "vendor": "Flock Safety", "city": null, "operator": null, "direction": "160", "mount": null, "zone": "traffic", "source": "https://www.openstreetmap.org/node/14116175410", "packet": null}}, {"type": "Feature", "id": "cam:osm:n14116267604", "geometry": {"type": "Point", "coordinates": [-97.5651463, 35.3544226]}, "properties": {"name": "Flock Safety", "vendor": "Flock Safety", "city": null, "operator": null, "direction": "34", "mount": "street_lamp", "zone": "entrance", "source": "https://www.openstreetmap.org/node/14116267604", "packet": null}}, {"type": "Feature", "id": "cam:osm:n14116561001", "geometry": {"type": "Point", "coordinates": [-97.44119, 35.4064741]}, "properties": {"name": "Flock Safety", "vendor": "Flock Safety", "city": null, "operator": null, "direction": "0", "mount": null, "zone": "traffic", "source": "https://www.openstreetmap.org/node/14116561001", "packet": null}}, {"type": "Feature", "id": "cam:osm:n14116804401", "geometry": {"type": "Point", "coordinates": [-97.6010832, 35.536776]}, "properties": {"name": "Axis Communications", "vendor": "Axis Communications", "city": null, "operator": null, "direction": "71", "mount": null, "zone": "traffic", "source": "https://www.openstreetmap.org/node/14116804401", "packet": null}}, {"type": "Feature", "id": "cam:osm:n14117751201", "geometry": {"type": "Point", "coordinates": [-96.4641568, 36.3186755]}, "properties": {"name": "Lowe's", "vendor": "Flock Safety", "city": null, "operator": "Lowe's", "direction": "255;313", "mount": "pole", "zone": "traffic", "source": "https://www.openstreetmap.org/node/14117751201", "packet": null}}, {"type": "Feature", "id": "cam:osm:n14118108178", "geometry": {"type": "Point", "coordinates": [-97.4949093, 35.1819]}, "properties": {"name": "OSM node 14118108178", "vendor": null, "city": null, "operator": null, "direction": "10", "mount": "trailer", "zone": "traffic", "source": "https://www.openstreetmap.org/node/14118108178", "packet": null}}, {"type": "Feature", "id": "cam:osm:n14119178601", "geometry": {"type": "Point", "coordinates": [-97.5448154, 35.4758658]}, "properties": {"name": "OSM node 14119178601", "vendor": "Flock Safety", "city": null, "operator": null, "direction": null, "mount": null, "zone": null, "source": "https://www.openstreetmap.org/node/14119178601", "packet": null}}, {"type": "Feature", "id": "cam:osm:n14120408401", "geometry": {"type": "Point", "coordinates": [-97.530138, 35.4062704]}, "properties": {"name": "Flock Safety", "vendor": "Flock Safety", "city": null, "operator": null, "direction": "0", "mount": "traffic_signals", "zone": "traffic", "source": "https://www.openstreetmap.org/node/14120408401", "packet": null}}, {"type": "Feature", "id": "cam:osm:n14121124801", "geometry": {"type": "Point", "coordinates": [-97.5477215, 35.4644105]}, "properties": {"name": "Axis Communications", "vendor": "Axis Communications", "city": null, "operator": null, "direction": "323", "mount": null, "zone": "traffic", "source": "https://www.openstreetmap.org/node/14121124801", "packet": null}}, {"type": "Feature", "id": "cam:osm:n14121126101", "geometry": {"type": "Point", "coordinates": [-97.5067321, 35.4498729]}, "properties": {"name": "Axis Communications", "vendor": "Axis Communications", "city": null, "operator": null, "direction": "343", "mount": null, "zone": "traffic", "source": "https://www.openstreetmap.org/node/14121126101", "packet": null}}, {"type": "Feature", "id": "cam:osm:n14121177401", "geometry": {"type": "Point", "coordinates": [-97.5127132, 35.4205872]}, "properties": {"name": "Axis Communications", "vendor": "Axis Communications", "city": null, "operator": null, "direction": "183", "mount": null, "zone": "traffic", "source": "https://www.openstreetmap.org/node/14121177401", "packet": null}}, {"type": "Feature", "id": "cam:osm:n14121179401", "geometry": {"type": "Point", "coordinates": [-97.5123015, 35.4063528]}, "properties": {"name": "Axis Communications", "vendor": "Axis Communications", "city": null, "operator": null, "direction": "320", "mount": null, "zone": "traffic", "source": "https://www.openstreetmap.org/node/14121179401", "packet": null}}, {"type": "Feature", "id": "cam:osm:n14122715202", "geometry": {"type": "Point", "coordinates": [-97.4961326, 35.652802]}, "properties": {"name": "Flock Safety", "vendor": "Flock Safety", "city": null, "operator": null, "direction": "28", "mount": "street_lamp", "zone": "traffic", "source": "https://www.openstreetmap.org/node/14122715202", "packet": null}}, {"type": "Feature", "id": "cam:osm:n14122731701", "geometry": {"type": "Point", "coordinates": [-97.4959066, 35.6530693]}, "properties": {"name": "Flock Safety", "vendor": "Flock Safety", "city": null, "operator": null, "direction": "218", "mount": "street_lamp", "zone": "traffic", "source": "https://www.openstreetmap.org/node/14122731701", "packet": null}}, {"type": "Feature", "id": "cam:osm:n14123238511", "geometry": {"type": "Point", "coordinates": [-97.5214644, 35.3772885]}, "properties": {"name": "Flock Safety", "vendor": "Flock Safety", "city": null, "operator": null, "direction": "245", "mount": null, "zone": "traffic", "source": "https://www.openstreetmap.org/node/14123238511", "packet": null}}, {"type": "Feature", "id": "cam:osm:n14123708501", "geometry": {"type": "Point", "coordinates": [-97.5334138, 35.567421]}, "properties": {"name": "Flock Safety", "vendor": "Flock Safety", "city": null, "operator": null, "direction": "65", "mount": null, "zone": "traffic", "source": "https://www.openstreetmap.org/node/14123708501", "packet": null}}, {"type": "Feature", "id": "cam:osm:n14123858501", "geometry": {"type": "Point", "coordinates": [-97.5264201, 35.6238935]}, "properties": {"name": "Flock Safety", "vendor": "Flock Safety", "city": null, "operator": null, "direction": "0", "mount": null, "zone": "traffic", "source": "https://www.openstreetmap.org/node/14123858501", "packet": null}}, {"type": "Feature", "id": "cam:osm:n14123858902", "geometry": {"type": "Point", "coordinates": [-97.5237888, 35.623923]}, "properties": {"name": "Flock Safety", "vendor": "Flock Safety", "city": null, "operator": null, "direction": "0", "mount": null, "zone": "traffic", "source": "https://www.openstreetmap.org/node/14123858902", "packet": null}}, {"type": "Feature", "id": "cam:osm:n14123925277", "geometry": {"type": "Point", "coordinates": [-97.5214013, 35.3909047]}, "properties": {"name": "Axon Enterprise", "vendor": "Axon Enterprise", "city": null, "operator": null, "direction": "150", "mount": null, "zone": "traffic", "source": "https://www.openstreetmap.org/node/14123925277", "packet": null}}, {"type": "Feature", "id": "cam:osm:n14125791101", "geometry": {"type": "Point", "coordinates": [-97.3693395, 34.9526349]}, "properties": {"name": "Flock Safety", "vendor": "Flock Safety", "city": null, "operator": null, "direction": "170", "mount": null, "zone": "traffic", "source": "https://www.openstreetmap.org/node/14125791101", "packet": null}}, {"type": "Feature", "id": "cam:osm:n14125814801", "geometry": {"type": "Point", "coordinates": [-97.2412836, 34.7013864]}, "properties": {"name": "Flock Safety", "vendor": "Flock Safety", "city": null, "operator": null, "direction": "125", "mount": null, "zone": "traffic", "source": "https://www.openstreetmap.org/node/14125814801", "packet": null}}, {"type": "Feature", "id": "cam:osm:n14125821801", "geometry": {"type": "Point", "coordinates": [-97.2019512, 34.5800108]}, "properties": {"name": "Flock Safety", "vendor": "Flock Safety", "city": null, "operator": null, "direction": "159", "mount": null, "zone": "traffic", "source": "https://www.openstreetmap.org/node/14125821801", "packet": null}}, {"type": "Feature", "id": "cam:osm:n14125829901", "geometry": {"type": "Point", "coordinates": [-97.1468588, 34.4623964]}, "properties": {"name": "Flock Safety", "vendor": "Flock Safety", "city": null, "operator": null, "direction": "125", "mount": null, "zone": "traffic", "source": "https://www.openstreetmap.org/node/14125829901", "packet": null}}, {"type": "Feature", "id": "cam:osm:n14127233602", "geometry": {"type": "Point", "coordinates": [-97.638732, 35.6086359]}, "properties": {"name": "Flock Safety", "vendor": "Flock Safety", "city": null, "operator": null, "direction": "158", "mount": null, "zone": "traffic", "source": "https://www.openstreetmap.org/node/14127233602", "packet": null}}, {"type": "Feature", "id": "cam:osm:n14127345801", "geometry": {"type": "Point", "coordinates": [-95.7589013, 36.1915889]}, "properties": {"name": "Flock Safety", "vendor": "Flock Safety", "city": null, "operator": null, "direction": "259", "mount": "pole", "zone": "traffic", "source": "https://www.openstreetmap.org/node/14127345801", "packet": null}}, {"type": "Feature", "id": "cam:osm:n14127354101", "geometry": {"type": "Point", "coordinates": [-96.4081275, 34.0042395]}, "properties": {"name": "Flock Safety", "vendor": "Flock Safety", "city": null, "operator": null, "direction": "304", "mount": null, "zone": "traffic", "source": "https://www.openstreetmap.org/node/14127354101", "packet": null}}, {"type": "Feature", "id": "cam:osm:n14129461001", "geometry": {"type": "Point", "coordinates": [-97.656244, 35.5659347]}, "properties": {"name": "OSM node 14129461001", "vendor": null, "city": null, "operator": null, "direction": "0", "mount": null, "zone": "traffic", "source": "https://www.openstreetmap.org/node/14129461001", "packet": null}}, {"type": "Feature", "id": "cam:osm:n14129542484", "geometry": {"type": "Point", "coordinates": [-97.4999933, 35.4603776]}, "properties": {"name": "Flock Safety", "vendor": "Flock Safety", "city": null, "operator": null, "direction": "115", "mount": null, "zone": "traffic", "source": "https://www.openstreetmap.org/node/14129542484", "packet": null}}, {"type": "Feature", "id": "cam:osm:n14129974401", "geometry": {"type": "Point", "coordinates": [-97.5116931, 35.4393212]}, "properties": {"name": "Flock Safety", "vendor": "Flock Safety", "city": null, "operator": null, "direction": "135", "mount": null, "zone": "traffic", "source": "https://www.openstreetmap.org/node/14129974401", "packet": null}}, {"type": "Feature", "id": "cam:osm:n14130114201", "geometry": {"type": "Point", "coordinates": [-97.4940231, 35.5369288]}, "properties": {"name": "Flock Safety", "vendor": "Flock Safety", "city": null, "operator": null, "direction": "327", "mount": null, "zone": "traffic", "source": "https://www.openstreetmap.org/node/14130114201", "packet": null}}, {"type": "Feature", "id": "cam:osm:n14130128101", "geometry": {"type": "Point", "coordinates": [-97.5474028, 35.536959]}, "properties": {"name": "Flock Safety", "vendor": "Flock Safety", "city": null, "operator": null, "direction": "321", "mount": null, "zone": "traffic", "source": "https://www.openstreetmap.org/node/14130128101", "packet": null}}, {"type": "Feature", "id": "cam:osm:n14130133003", "geometry": {"type": "Point", "coordinates": [-97.5493979, 35.5507139]}, "properties": {"name": "Flock Safety", "vendor": "Flock Safety", "city": null, "operator": null, "direction": "139", "mount": null, "zone": "traffic", "source": "https://www.openstreetmap.org/node/14130133003", "packet": null}}, {"type": "Feature", "id": "cam:osm:n14130133004", "geometry": {"type": "Point", "coordinates": [-97.5491787, 35.5599264]}, "properties": {"name": "Flock Safety", "vendor": "Flock Safety", "city": null, "operator": null, "direction": "328", "mount": null, "zone": "traffic", "source": "https://www.openstreetmap.org/node/14130133004", "packet": null}}, {"type": "Feature", "id": "cam:osm:n14130135101", "geometry": {"type": "Point", "coordinates": [-97.549215, 35.5509707]}, "properties": {"name": "Flock Safety", "vendor": "Flock Safety", "city": null, "operator": null, "direction": "324", "mount": null, "zone": "traffic", "source": "https://www.openstreetmap.org/node/14130135101", "packet": null}}, {"type": "Feature", "id": "cam:osm:n14130136501", "geometry": {"type": "Point", "coordinates": [-97.5491787, 35.5599264]}, "properties": {"name": "Flock Safety", "vendor": "Flock Safety", "city": null, "operator": null, "direction": "43", "mount": null, "zone": "traffic", "source": "https://www.openstreetmap.org/node/14130136501", "packet": null}}, {"type": "Feature", "id": "cam:osm:n14130258001", "geometry": {"type": "Point", "coordinates": [-97.424592, 35.629085]}, "properties": {"name": "Flock Safety", "vendor": "Flock Safety", "city": null, "operator": null, "direction": "210", "mount": null, "zone": "traffic", "source": "https://www.openstreetmap.org/node/14130258001", "packet": null}}, {"type": "Feature", "id": "cam:osm:n14130258501", "geometry": {"type": "Point", "coordinates": [-97.424582, 35.6289081]}, "properties": {"name": "Flock Safety", "vendor": "Flock Safety", "city": null, "operator": null, "direction": "318", "mount": null, "zone": "traffic", "source": "https://www.openstreetmap.org/node/14130258501", "packet": null}}, {"type": "Feature", "id": "cam:osm:n14133677001", "geometry": {"type": "Point", "coordinates": [-97.5669173, 35.6100623]}, "properties": {"name": "Axon Enterprise", "vendor": "Axon Enterprise", "city": null, "operator": null, "direction": "346", "mount": null, "zone": "traffic", "source": "https://www.openstreetmap.org/node/14133677001", "packet": null}}, {"type": "Feature", "id": "cam:osm:n14134527128", "geometry": {"type": "Point", "coordinates": [-94.7666914, 36.5734044]}, "properties": {"name": "Flock Survelance Camera", "vendor": "Flock Safety", "city": null, "operator": null, "direction": "220", "mount": "pole", "zone": "traffic", "source": "https://www.openstreetmap.org/node/14134527128", "packet": null}}, {"type": "Feature", "id": "cam:osm:n14135540201", "geometry": {"type": "Point", "coordinates": [-101.4747807, 36.6778302]}, "properties": {"name": "Flock Safety", "vendor": "Flock Safety", "city": null, "operator": null, "direction": "0", "mount": "traffic_signals", "zone": "traffic", "source": "https://www.openstreetmap.org/node/14135540201", "packet": null}}, {"type": "Feature", "id": "cam:osm:n14136018002", "geometry": {"type": "Point", "coordinates": [-98.6045145, 35.1080741]}, "properties": {"name": "Flock Safety", "vendor": "Flock Safety", "city": null, "operator": null, "direction": "0", "mount": null, "zone": "traffic", "source": "https://www.openstreetmap.org/node/14136018002", "packet": null}}, {"type": "Feature", "id": "cam:osm:n14136026901", "geometry": {"type": "Point", "coordinates": [-98.6044399, 35.107863]}, "properties": {"name": "Flock Safety", "vendor": "Flock Safety", "city": null, "operator": null, "direction": "359", "mount": null, "zone": "traffic", "source": "https://www.openstreetmap.org/node/14136026901", "packet": null}}, {"type": "Feature", "id": "cam:osm:n14136026902", "geometry": {"type": "Point", "coordinates": [-96.9183363, 35.3274256]}, "properties": {"name": "Flock Safety", "vendor": "Flock Safety", "city": null, "operator": null, "direction": "247;0;0;0;0;0;0;359", "mount": null, "zone": "traffic", "source": "https://www.openstreetmap.org/node/14136026902", "packet": null}}, {"type": "Feature", "id": "cam:osm:n14136028201", "geometry": {"type": "Point", "coordinates": [-98.60455, 35.1079117]}, "properties": {"name": "Flock Safety", "vendor": "Flock Safety", "city": null, "operator": null, "direction": "236", "mount": null, "zone": "traffic", "source": "https://www.openstreetmap.org/node/14136028201", "packet": null}}, {"type": "Feature", "id": "cam:osm:n14136474501", "geometry": {"type": "Point", "coordinates": [-96.4171055, 33.9467925]}, "properties": {"name": "Flock Safety", "vendor": "Flock Safety", "city": null, "operator": null, "direction": "196", "mount": null, "zone": "traffic", "source": "https://www.openstreetmap.org/node/14136474501", "packet": null}}, {"type": "Feature", "id": "cam:osm:n14136991502", "geometry": {"type": "Point", "coordinates": [-96.4827006, 33.8907699]}, "properties": {"name": "Flock Safety", "vendor": "Flock Safety", "city": null, "operator": null, "direction": "23", "mount": "traffic_signals", "zone": "traffic", "source": "https://www.openstreetmap.org/node/14136991502", "packet": null}}, {"type": "Feature", "id": "cam:osm:n14137091201", "geometry": {"type": "Point", "coordinates": [-95.7616516, 35.9942273]}, "properties": {"name": "Axis Communications", "vendor": "Axis Communications", "city": null, "operator": null, "direction": "0", "mount": null, "zone": "traffic", "source": "https://www.openstreetmap.org/node/14137091201", "packet": null}}, {"type": "Feature", "id": "cam:osm:n14137092001", "geometry": {"type": "Point", "coordinates": [-95.7616722, 35.9941412]}, "properties": {"name": "Axis Communications", "vendor": "Axis Communications", "city": null, "operator": null, "direction": "179", "mount": null, "zone": "traffic", "source": "https://www.openstreetmap.org/node/14137092001", "packet": null}}, {"type": "Feature", "id": "cam:osm:n14138082501", "geometry": {"type": "Point", "coordinates": [-95.761702, 35.9941418]}, "properties": {"name": "Axis Communications", "vendor": "Axis Communications", "city": null, "operator": null, "direction": "282", "mount": null, "zone": "traffic", "source": "https://www.openstreetmap.org/node/14138082501", "packet": null}}, {"type": "Feature", "id": "cam:osm:n14138382301", "geometry": {"type": "Point", "coordinates": [-96.082035, 36.1426151]}, "properties": {"name": "Flock Safety", "vendor": "Flock Safety", "city": null, "operator": null, "direction": "221", "mount": "pole", "zone": "traffic", "source": "https://www.openstreetmap.org/node/14138382301", "packet": null}}]}